subject,ALPS_overall,L_ALPS,R_ALPS,L_Association_x,L_Projection_x,L_Association_i,L_Projection_i,R_Association_x,R_Projection_x,R_Association_i,R_Projection_i,Subject_ID,Visit
alps_sub-1007_ses-wave1,0.931546691716293,1.0711901888766886,0.7919031945558974,0.0005695847719454,0.0002852671373653,0.0004408590166328,0.0003571803214675,0.0005147907166377,0.0002588701260034,0.0005187578387306,0.0004582060729695,sub-1007,ses-wave1
alps_sub-1007_ses-wave2,1.5751880253031183,1.735349856089711,1.415026194516526,0.0006867333168519,0.0005759997667387,0.000363975110242,0.0003636782094383,0.0007177847084185,0.0004798196876276,0.0004700750299087,0.0003762728332524,sub-1007,ses-wave2
alps_sub-1007_ses-wave3,1.5009727968061377,1.507770714879347,1.4941748787329274,0.0006731522184857,0.0005294919040318,0.0003611532227306,0.0004364774187517,0.0006481366169764,0.0004208548183376,0.0003965556904754,0.0003188836135373,sub-1007,ses-wave3
alps_sub-1008_ses-wave1,1.4030544554519917,1.353910407908553,1.4521985029954303,0.0005877861757931,0.000407205092184,0.0003859504132485,0.0003489514400537,0.0006223875171663,0.0004453979841595,0.0003616674815509,0.0003736214607826,sub-1008,ses-wave1
alps_sub-1008_ses-wave2,1.5592755174374249,1.355104272461332,1.763446762413518,0.0005155901101256,0.0004084600006654,0.0003827232215674,0.0002991801046708,0.0007078347389805,0.0006126245503992,0.0004178568459448,0.0003309376839067,sub-1008,ses-wave2
alps_sub-1011_ses-wave1,1.2403786286339238,1.167678326358761,1.313078930909087,0.0006067390508294,0.0004487269542287,0.000419644756232,0.0004842565847728,0.0007255399810557,0.0005138247563531,0.0004372342600365,0.0005066273070292,sub-1011,ses-wave1
alps_sub-1013_ses-wave1,1.654943762231068,1.6022344520453122,1.7076530724168233,0.0004975407391641,0.0004938719237083,0.0002982397832792,0.0003205290002822,0.000563711092749,0.0005338072136554,0.0003098199697927,0.0003328856969098,sub-1013,ses-wave1
alps_sub-1013_ses-wave2,1.5031723521434197,1.4647931206392453,1.541551583647594,0.0005206819038698,0.0005363659938961,0.0003425064899578,0.000379129816816,0.0005464039173752,0.0005301514394164,0.0003170096522366,0.0003813486565034,sub-1013,ses-wave2
alps_sub-1013_ses-wave3,1.5711507399143692,1.6672532985589608,1.475048181269777,0.0005445701199856,0.0005405832835596,0.000325755872327,0.000325107079621,0.0005314543473624,0.0004792164569036,0.000356782072078,0.000328396091659,sub-1013,ses-wave3
alps_sub-101_ses-wave1,1.4477576988015968,1.5688316738780763,1.326683723725117,0.0006618338796364,0.000530513469084,0.0004083356832559,0.0003516868026319,0.0006106709693944,0.0004755256293728,0.0004238773218864,0.0003948533064787,sub-101,ses-wave1
alps_sub-1022_ses-wave1,1.671349614932429,1.7567576334879615,1.5859415963768964,0.0005777342778067,0.000537798091318,0.0003349098719998,0.0003000851596766,0.0005898817317629,0.0005253988136592,0.0003270578926429,0.0003761713737878,sub-1022,ses-wave1
alps_sub-1022_ses-wave2,1.72724692902014,1.8418473984995916,1.6126464595406884,0.0005732014484632,0.0005331828801981,0.0002746467653664,0.0003260459573655,0.0006383290155202,0.0004826618530383,0.0003984477634746,0.0002966772355148,sub-1022,ses-wave2
alps_sub-1022_ses-wave3,1.6265175325637418,1.7769597476574188,1.4760753174700647,0.000550053253977,0.000525511972578,0.0002742031593164,0.0003310807971563,0.0006446527946277,0.0005744286498792,0.0004515678427024,0.0003743259515224,sub-1022,ses-wave3
alps_sub-1023_ses-wave1,1.4152786451081951,1.5884481958669148,1.2421090943494753,0.0005649013964353,0.0004792116892748,0.0003389655298468,0.0003183508928271,0.0006308648491011,0.0005123947169028,0.0004716241670442,0.0004487938310243,sub-1023,ses-wave1
alps_sub-1023_ses-wave2,1.235708417690281,1.2572223435571752,1.214194491823387,0.0006163303754399,0.0004546056832118,0.0004463529234691,0.0004054741730981,0.0006468840479177,0.0004750884490917,0.0004517932497423,0.0004722535191773,sub-1023,ses-wave2
alps_sub-1023_ses-wave3,1.2448903380122922,1.1929286324795227,1.296852043545062,0.0004982053936724,0.0004383117942513,0.000304441617709,0.0004806155620965,0.000626480369648,0.000558672158281,0.0004318869354641,0.0004819817929139,sub-1023,ses-wave3
alps_sub-1031_ses-wave1,2.295627516836573,2.574464126429764,2.016790907243383,0.0004981383368639,0.0005555590023465,0.000212142209447,0.0001971458161242,0.0006130528526814,0.0005890066892178,0.0003281168170924,0.0002679090463632,sub-1031,ses-wave1
alps_sub-1031_ses-wave3,1.7755629531584167,1.9096659820268556,1.641459924289978,0.0005641606647573,0.00059893451866,0.0002802342022432,0.0003288226665307,0.000553132198739,0.0005571991281417,0.0003562524336629,0.0003201767075243,sub-1031,ses-wave3
alps_sub-103_ses-wave1,1.4549986580059655,1.4895645005557212,1.4204328154562105,0.0006097410535702,0.0005485668865389,0.0003636625686771,0.0004139525931215,0.0005194145430829,0.0005703395441376,0.0003577364895016,0.0004094621244438,sub-103,ses-wave1
alps_sub-103_ses-wave2,1.748319254506001,1.6734303315847594,1.823208177427242,0.0005909917425378,0.0004822205201322,0.0002933185325443,0.000348006201694,0.0006532119024165,0.000583588497671,0.000391843494273,0.0002865213876971,sub-103,ses-wave2
alps_sub-103_ses-wave3,1.7523334338622067,1.7427965104760472,1.7618703572483665,0.0005659361450213,0.0004904610342997,0.0002510694590495,0.000355081157486,0.000587322096055,0.0005331395315833,0.0003568488982145,0.0002791012005135,sub-103,ses-wave3
alps_sub-1043_ses-wave1,1.3060840406315757,1.3539611025781635,1.258206978684988,0.0005511577438981,0.000479411344886,0.0003878620005291,0.0003732891779071,0.0006139810511121,0.0005263938726093,0.0004595641529133,0.000446785075028,sub-1043,ses-wave1
alps_sub-1045_ses-wave1,1.3995905141320666,1.360499385208835,1.4386816430552984,0.0005099652907949,0.0004842010000569,0.0003280059051059,0.0004027303977989,0.0005590948508509,0.0004443718087553,0.0003372341345859,0.0003602562827347,sub-1045,ses-wave1
alps_sub-1054_ses-wave1,1.360125700367699,1.4277573159033954,1.2924940848320026,0.0006518760605449,0.0005998596107912,0.0004445379283893,0.0004321766626643,0.0005958355247353,0.0005775670343326,0.0004491108587456,0.0004587482741033,sub-1054,ses-wave1
alps_sub-1054_ses-wave2,1.406488063565048,1.4847499416220318,1.3282261855080637,0.0006714920292558,0.0006209510069722,0.0004506140477008,0.0004198645426644,0.000668543546759,0.0005628498816313,0.0004451530750925,0.0004819431091461,sub-1054,ses-wave2
alps_sub-1084_ses-wave1,1.4907127754906009,1.691801185655858,1.2896243653253432,0.0006586344932535,0.0005953086640881,0.0002990231519014,0.0004421650964419,0.0006495352270988,0.0006413714570483,0.0005142428321144,0.000486751503024,sub-1084,ses-wave1
alps_sub-1108_ses-wave1,1.331900410637903,1.3246175535113098,1.339183267764497,0.000438766349645,0.0003571192758391,0.000294484672295,0.0003063571505951,0.0007152692041371,0.0004482840386547,0.0004615328481115,0.0004073200346863,sub-1108,ses-wave1
alps_sub-1119_ses-wave1,1.7956032472463823,1.7690807865724754,1.8221257079202893,0.0005442751194791,0.000527643951767,0.000284059014016,0.0003218596525491,0.0005837425380543,0.0006158776383972,0.000319196391407,0.0003391666245128,sub-1119,ses-wave1
alps_sub-1119_ses-wave3,1.7504332809969518,1.8324542599456053,1.6684123020482982,0.0005723300573259,0.0005206366170599,0.0002671708743879,0.0003292787605504,0.000682422615207,0.0005407669519222,0.0003558891797641,0.0003772566773046,sub-1119,ses-wave3
alps_sub-1139_ses-wave1,1.4964305966788345,1.493129128971352,1.4997320643863166,0.0005430758585871,0.0005720836479374,0.0003165423546157,0.0004303183722209,0.0007713827867374,0.0006830979377764,0.0004723250646906,0.0004975019857892,sub-1139,ses-wave1
alps_sub-1139_ses-wave2,1.3407163416385517,1.3541628182464862,1.3272698650306172,0.0005365469191903,0.0005463689180316,0.0003183610607108,0.000481332907127,0.0007491243207383,0.0005574274978324,0.0005255116277971,0.0004588788514823,sub-1139,ses-wave2
alps_sub-1139_ses-wave3,1.3150838539471237,1.2893815882175983,1.340786119676649,0.000618096401748,0.0006014292101804,0.0004395298692936,0.000506292238818,0.000793690475147,0.0005666730541716,0.0005000995175863,0.0005145019235792,sub-1139,ses-wave3
alps_sub-1153_ses-wave1,1.3476332042043575,1.4677142043638516,1.2275522040448632,0.0005754601774454,0.0004407036927814,0.0003207178289905,0.0003716266800464,0.0005882647426729,0.0003925228417659,0.0004054665818348,0.0003935117273622,sub-1153,ses-wave1
alps_sub-1153_ses-wave2,1.6727381902107838,1.7939762052016206,1.5515001752199469,0.0005453895254158,0.0006336021539715,0.0002933981252117,0.0003637965889483,0.0006200480159887,0.0004879985701677,0.0003493777990485,0.0003647997459197,sub-1153,ses-wave2
alps_sub-1153_ses-wave3,1.59731554861029,1.6514497440607283,1.5431813531598515,0.0005479452480243,0.0005313506908716,0.0003262204914118,0.0003273240338015,0.0005904438834886,0.0004336668013072,0.0003379573201665,0.0003256786696662,sub-1153,ses-wave3
alps_sub-1154_ses-wave1,1.6440028252054937,1.7437924822653494,1.544213168145638,0.0005318318290266,0.0005750255706126,0.0003146912186619,0.000320050249085,0.0007097885869872,0.0006268929671668,0.0004782810739684,0.0003873258135568,sub-1154,ses-wave1
alps_sub-1157_ses-wave1,1.5376694395792392,1.6979855474028245,1.377353331755654,0.0005504729595594,0.0005288105128001,0.0003390394144178,0.0002965864152663,0.0005713469146377,0.0004389128636487,0.0003983100601335,0.0003351689644525,sub-1157,ses-wave1
alps_sub-1157_ses-wave3,1.6173069774650624,1.8541175277218835,1.380496427208241,0.0005662656831319,0.000589675205103,0.0002973333886329,0.000326111927509,0.0005911974866983,0.0005064189536872,0.0003659728140005,0.0004291154011897,sub-1157,ses-wave3
alps_sub-1159_ses-wave1,1.5617098572935937,1.6577947184044557,1.4656249961827317,0.0005835924786345,0.0005361695276244,0.0003717674009476,0.000303685351934,0.0005600990196335,0.0005863269465046,0.0004347399246265,0.0003474696918333,sub-1159,ses-wave1
alps_sub-1165_ses-wave1,1.6076610508863034,1.6049744389074077,1.6103476628651991,0.0005752096006168,0.0005730811907046,0.0004010429679979,0.0003144144022161,0.0006043441245051,0.0006038270467559,0.0003949530028304,0.0003553018639425,sub-1165,ses-wave1
alps_sub-1168_ses-wave1,1.581062872350128,1.763631670327624,1.3984940743726315,0.0005876188031763,0.000509636071906,0.0002842377161356,0.0003379187655964,0.0006379070274577,0.0005548934952464,0.0004698481935719,0.0003830696303661,sub-1168,ses-wave1
alps_sub-1169_ses-wave1,1.5176315685928228,1.6472997830473264,1.3879633541383192,0.0004859574611971,0.0004728252437617,0.0002571973174743,0.0003248356038103,0.0005682332548235,0.0004919947019409,0.0003622796349031,0.0004015935276002,sub-1169,ses-wave1
alps_sub-1169_ses-wave2,1.5720190648908434,1.437429157561101,1.7066089722205855,0.0004928636974786,0.0005323225782056,0.0003605846776864,0.0003526235317697,0.0006265053461573,0.0005985440715423,0.0003636735957034,0.0003541530638539,sub-1169,ses-wave2
alps_sub-1172_ses-wave1,1.3254554061699766,1.4484527901761954,1.2024580221637575,0.0004313421435845,0.0004197406568255,0.0003121380918054,0.0002754425364223,0.0004826500604849,0.0004395228489237,0.0003976320582907,0.0003692744718426,sub-1172,ses-wave1
alps_sub-1172_ses-wave2,1.676726277670531,1.8409968295130457,1.512455725828016,0.0005441112329959,0.0005941386086584,0.0002716722500116,0.000346606838473,0.0005783166318758,0.0005579798659123,0.0003814677458948,0.0003698246578323,sub-1172,ses-wave2
alps_sub-1172_ses-wave3,1.4906082757075747,1.6570534998332342,1.3241630515819152,0.0005837952593947,0.0005199255588257,0.0003479580656005,0.000318116275591,0.0005564597631211,0.0005062544381478,0.0004139537446268,0.0003886016506467,sub-1172,ses-wave3
alps_sub-1175_ses-wave1,1.7039328530578857,1.733565870940687,1.6742998351750846,0.0005833657309848,0.0005490270619218,0.0003520260282004,0.0003011898731325,0.0006645571758086,0.0005684489001719,0.0003997073732577,0.0003367234917978,sub-1175,ses-wave1
alps_sub-1175_ses-wave3,1.5331001562551765,1.591030969092253,1.4751693434181,0.0005768905047597,0.0004851569479153,0.0003527730258434,0.0003147485204411,0.0005908407489317,0.0005015684346173,0.0004121169820065,0.0003284143938814,sub-1175,ses-wave3
alps_sub-1195_ses-wave1,1.5791743852760505,1.779466528720488,1.378882241831613,0.0005988926058378,0.0005233941243881,0.000330110740625,0.0003005764412423,0.0006559658013602,0.0005140874906748,0.0004162277096804,0.0004323242960954,sub-1195,ses-wave1
alps_sub-1196_ses-wave1,1.7363322953507851,1.7690827716936408,1.7035818190079293,0.0005528004904765,0.0004781569633139,0.0002848660612384,0.0002978977699888,0.0005898532877036,0.0004741286781393,0.0003159893079101,0.0003085665273139,sub-1196,ses-wave1
alps_sub-1199_ses-wave1,1.5766636161297898,1.7901804245256687,1.3631468077339106,0.0006030007247873,0.0004706339297328,0.0003278804020798,0.0002718550434715,0.0005051895288676,0.0004981884705839,0.0004034806048565,0.0003325941845636,sub-1199,ses-wave1
alps_sub-1220_ses-wave1,1.6365819975565912,1.5773462639763156,1.6958177311368663,0.0005665787568344,0.0005905391013927,0.0003455319563008,0.0003880532333646,0.0005993407579033,0.0005748538071749,0.0003265192238207,0.0003658868900668,sub-1220,ses-wave1
alps_sub-1220_ses-wave2,1.6125945218686866,1.7324887467926182,1.4927002969447547,0.000594699490863,0.0005236082607515,0.0003323536505154,0.0003131384219063,0.0005000077154998,0.0004647891897815,0.0003324452918903,0.0003138980546314,sub-1220,ses-wave2
alps_sub-1220_ses-wave3,1.805453340732719,1.8298827433563576,1.7810239381090802,0.0006269133725729,0.0005545043253603,0.0002936438625212,0.0003519809471681,0.0006767815804935,0.0005247125624233,0.0003342282180602,0.000340380425433,sub-1220,ses-wave3
alps_sub-1225_ses-wave1,1.5245671823512257,1.5183662996877867,1.5307680650146642,0.0007340924364617,0.0005351533430549,0.0004349451635007,0.0004009834130079,0.0006904356967602,0.0005149841924544,0.0004022262158007,0.0003852346130238,sub-1225,ses-wave1
alps_sub-1225_ses-wave2,1.5367409108976524,1.6225784831256316,1.4509033386696732,0.0006863308350821,0.0005952215252899,0.0004147660859004,0.0003750584888118,0.0006962104264624,0.0005351177370331,0.0004398148134877,0.0004088483129094,sub-1225,ses-wave2
alps_sub-1226_ses-wave1,1.156297774364964,1.1649331856279803,1.1476623631019478,0.0005783977050191,0.0004034080561053,0.0004106654815243,0.0004321345805197,0.0006115633578794,0.00048846621016,0.0004479614722317,0.0005105343392595,sub-1226,ses-wave1
alps_sub-1226_ses-wave2,1.0997357832391086,1.0763587729208783,1.123112793557339,0.0005263827306962,0.0004068743771964,0.0003898064235285,0.0004772437937146,0.0006390242122871,0.000410078986936,0.0004479080050072,0.0004861951458438,sub-1226,ses-wave2
alps_sub-1226_ses-wave3,1.0843870661658754,1.087271410073523,1.081502722258228,0.0005574094015076,0.0004737077000415,0.0003894402295392,0.0005589127686136,0.0006387906459954,0.0004775347879062,0.0004898823610593,0.0005423160892329,sub-1226,ses-wave3
alps_sub-1240_ses-wave1,1.5694517738026792,1.7998809028199891,1.3390226447853693,0.0005649465381863,0.0005130655419155,0.0002932520116247,0.0003056832170411,0.0005712022908468,0.0004377468347031,0.0003720761403358,0.0003814205458323,sub-1240,ses-wave1
alps_sub-1240_ses-wave2,1.4123970251098767,1.359536149183498,1.4652579010362556,0.0005341542440399,0.000436248512946,0.0003602909874609,0.0003534838963983,0.0005526665599657,0.0004550697085344,0.0003034381386058,0.000384315374129,sub-1240,ses-wave2
alps_sub-1240_ses-wave3,1.4161139091583843,1.6484390211075168,1.1837887972092516,0.0004917735707027,0.0003833401395532,0.0002670257890381,0.0002638483889269,0.0005062973186688,0.0003560581743933,0.0002959645663658,0.0004325061668385,sub-1240,ses-wave3
alps_sub-1245_ses-wave1,1.7335039887363668,1.9357056235236003,1.5313023539491328,0.0006093836356792,0.0005180390952444,0.0003032875623415,0.000279147451135,0.0005798466125623,0.0004880417898508,0.0003590363187185,0.0003383363455754,sub-1245,ses-wave1
alps_sub-1245_ses-wave2,1.6665942615673863,1.7488605668866763,1.5843279562480967,0.0005465503867334,0.0004516765145345,0.0002417195925847,0.0003290674216395,0.0006023706212349,0.0005239864710104,0.0003550036644452,0.000355933163882,sub-1245,ses-wave2
alps_sub-1245_ses-wave3,1.5316016079171968,1.691091393508822,1.372111822325572,0.0005693997451147,0.0004702668747436,0.0002255854673903,0.0003892048531382,0.0005315824371722,0.0004780052935334,0.0003309105431944,0.0004048806031821,sub-1245,ses-wave3
alps_sub-1247_ses-wave1,1.4341828964204275,1.4678120655995217,1.4005537272413338,0.000655086344683,0.0005721492003798,0.0004247534028321,0.0004113451508077,0.0005858779027547,0.0005773076993733,0.0004261014292912,0.0004044169431949,sub-1247,ses-wave1
alps_sub-1251_ses-wave1,1.703762288528208,1.7081161887400358,1.6994083883163802,0.0005527920806432,0.0005489961892746,0.0002909279747577,0.0003541032457065,0.0005160810720395,0.0006025777143706,0.0002799555260583,0.0003783081344609,sub-1251,ses-wave1
alps_sub-1267_ses-wave1,1.6255764074621473,1.7201127300315706,1.531040084892724,0.0006075514790096,0.0005571628919893,0.000331494914878,0.0003456202245335,0.0006781589216561,0.000622163812275,0.0004605518786787,0.0003887549074478,sub-1267,ses-wave1
alps_sub-1267_ses-wave2,1.6460655904352413,1.8264195665773733,1.4657116142931093,0.0005935894009906,0.0005327595969265,0.0002906276874155,0.000326070150545,0.0006162177930027,0.0005358431299769,0.0003731264296729,0.000412881480577,sub-1267,ses-wave2
alps_sub-1272_ses-wave1,1.936827842526578,2.015499190944215,1.858156494108941,0.00063882562071,0.0005012621892776,0.0002576402636937,0.0003080200030581,0.0006503155037257,0.0005145706383946,0.0002778469895985,0.0003490572274647,sub-1272,ses-wave1
alps_sub-1272_ses-wave2,1.7467621322862148,1.7601155127953043,1.7334087517771248,0.0007258443313006,0.0004888393653377,0.0003378618796628,0.000352254017736,0.0006441564472359,0.0004939138995799,0.00027083760422,0.0003857128750878,sub-1272,ses-wave2
alps_sub-12_ses-wave1,1.4652647476200182,1.5597854109995828,1.3707440842404537,0.0005535100924312,0.0004422879694123,0.0003415543269667,0.0002968655831191,0.0006032870610099,0.0005069909090074,0.0004720830088893,0.0003378989438196,sub-12,ses-wave1
alps_sub-12_ses-wave2,1.595818681904193,1.711171829952086,1.4804655338563002,0.0007185198465418,0.0005591291656974,0.0004213652814158,0.0003252862177939,0.0006111610827757,0.0005242973747024,0.000427627785987,0.0003393326271476,sub-12,ses-wave2
alps_sub-12_ses-wave3,1.7277975589985717,1.8322574263765232,1.62333769162062,0.0006891205700345,0.000562069527504,0.0003383630401374,0.0003445050326163,0.0006938904451108,0.0005267151734913,0.0004115873934758,0.0003403236998861,sub-12,ses-wave3
alps_sub-1309_ses-wave1,1.399555097646329,1.6325388142227055,1.1665713810699514,0.0005614756236676,0.0004437613414522,0.0003173440863065,0.00029840664278,0.0005413252731179,0.0004992934354335,0.0005173637086727,0.0003746680396092,sub-1309,ses-wave1
alps_sub-133_ses-wave1,1.3392964955068023,1.304403281637119,1.3741897093764857,0.0005046662125887,0.0003588464063025,0.0003259153549148,0.0003360828407716,0.0004921393850754,0.0003875784058304,0.0003321988996192,0.000307973112224,sub-133,ses-wave1
alps_sub-133_ses-wave2,1.6202355123561736,1.7385435500312851,1.5019274746810618,0.0004744831351817,0.0004477746399902,0.0002395029797063,0.0002909742551926,0.0005181748042001,0.0004011188807809,0.000320862826518,0.0002912131228724,sub-133,ses-wave2
alps_sub-1356_ses-wave1,1.56558084948052,1.6956351606415376,1.4355265383195026,0.0004826040188506,0.000500127734339,0.0002433424603073,0.0003362231066262,0.000576337591934,0.0005194628430457,0.0003698573507202,0.0003934865553161,sub-1356,ses-wave1
alps_sub-1356_ses-wave2,1.535717400491795,1.6370850899844778,1.4343497109991123,0.0004501719724847,0.0005584409265478,0.0002769611093934,0.0003391418074329,0.0005721206190425,0.0005149693168826,0.0003481744226024,0.000409722990831,sub-1356,ses-wave2
alps_sub-1356_ses-wave3,1.651968746683318,1.8354486610926373,1.4684888322739986,0.0005116561768915,0.0005308457736312,0.0002124103064345,0.0003555717747979,0.0005431570305004,0.0003430347625986,0.0003041704289498,0.0002993015032995,sub-1356,ses-wave3
alps_sub-1362_ses-wave1,1.364783067261042,1.5395634024336833,1.190002732088401,0.0005583955024311,0.0005968476355171,0.0004020373386351,0.0003483332769057,0.0005511729038604,0.0005853816173276,0.0004415572970392,0.0005135283431369,sub-1362,ses-wave1
alps_sub-1362_ses-wave3,1.4752934696473452,1.5831024353454135,1.3674845039492771,0.0005009476301301,0.0004534811169593,0.0002823319390272,0.0003205530833063,0.0006354856442723,0.0005338070586397,0.0004185600230396,0.0004365083156035,sub-1362,ses-wave3
alps_sub-1370_ses-wave1,1.674586226069164,1.6860391570647362,1.6631332950735915,0.0005572104884476,0.0005456890997213,0.0003157973755293,0.0003383390266696,0.0006150305419107,0.0006124325698216,0.0003869322510701,0.000351110283084,sub-1370,ses-wave1
alps_sub-1370_ses-wave2,1.5672951567982445,1.5337557201000864,1.600834593496402,0.0005385392898629,0.0005753686243125,0.0003574148567106,0.0003688467634271,0.0005115006186801,0.0005815429225047,0.0003500247001348,0.0003327713523901,sub-1370,ses-wave2
alps_sub-1370_ses-wave3,1.540405161172837,1.5481855207630384,1.5326248015826356,0.0004943635943581,0.0005903578175169,0.0002664945052647,0.0004341459524372,0.0006014833377348,0.0005373761750941,0.0003587798978978,0.0003842979327969,sub-1370,ses-wave3
alps_sub-138_ses-wave1,1.7300947876781692,1.7852401009074923,1.6749494744488458,0.0005190022995852,0.0005433466086154,0.0002860327703871,0.0003090406360754,0.000651421753658,0.0004975887971429,0.000346585219295,0.0003394119217107,sub-138,ses-wave1
alps_sub-138_ses-wave2,1.7454936004678894,1.769680115687441,1.7213070852483376,0.0005741114043269,0.0004932285377045,0.0003009064719317,0.0003022194447636,0.0005989709265064,0.0005120576046669,0.000312234349323,0.0003332219673882,sub-138,ses-wave2
alps_sub-138_ses-wave3,1.7497758541882886,1.9527807954395209,1.5467709129370568,0.0005786039900013,0.0005066603507903,0.0002362527423897,0.0003195005420168,0.0005719529594754,0.0004664288439427,0.0003067691576788,0.000364553140105,sub-138,ses-wave3
alps_sub-139_ses-wave1,1.850816258877636,2.0920789478137785,1.6095535699414942,0.0005188902968179,0.0005060502571175,0.0002736276069016,0.0002162872478922,0.0006343938115802,0.0004832756958573,0.0004069842782422,0.0002874129312139,sub-139,ses-wave1
alps_sub-139_ses-wave2,1.5522209607300717,1.6808297076702217,1.4236122137899214,0.0005191776535705,0.0005100796042875,0.0003074105226173,0.0003049401832044,0.0004992665259636,0.0004815102060882,0.000347457049567,0.0003414782676151,sub-139,ses-wave2
alps_sub-139_ses-wave3,1.5798153224032223,1.79152925320959,1.3681013915968545,0.0004996281777612,0.0004630479653109,0.00029694496009,0.0002404038670906,0.0005344169234767,0.0004475536498967,0.0003486059985717,0.0003691555499545,sub-139,ses-wave3
alps_sub-140_ses-wave1,1.519418359487808,1.5370718497430276,1.501764869232589,0.0005339502041677,0.0004061884318208,0.0003025481450419,0.0003090944636921,0.0005742210451506,0.0005342685760953,0.0004208523278137,0.0003172722907308,sub-140,ses-wave1
alps_sub-140_ses-wave2,1.6060141946564177,1.5808891608906044,1.6311392284222308,0.0005319428583236,0.0004436583715629,0.0002913076602247,0.0003258141810921,0.0004656748926282,0.0004635971775598,0.0002906705313192,0.0002790368572321,sub-140,ses-wave2
alps_sub-141_ses-wave1,1.5813377691267014,1.832074835701484,1.3306007025519186,0.0005984244189926,0.0005176726875745,0.0002939655330291,0.0003152328931584,0.0005268113644615,0.0004653547603506,0.0003637134851107,0.0003819393038208,sub-141,ses-wave1
alps_sub-141_ses-wave2,1.6218173011971593,1.583157638454176,1.6604769639401424,0.0005650672995861,0.0005259104610393,0.0003797442513916,0.0003093708020472,0.0006179175381972,0.0004242205317005,0.0002990467981739,0.0003285668890553,sub-141,ses-wave2
alps_sub-1421_ses-wave1,1.742631818586191,1.9322937772421085,1.552969859930274,0.0006398093494221,0.0005386000786276,0.0003279717386472,0.0002818782965433,0.0006545508332159,0.0005265150431329,0.0003749031038945,0.0003856176935934,sub-1421,ses-wave1
alps_sub-1421_ses-wave2,1.4991306492917196,1.5891929565595777,1.4090683420238612,0.0004830194558036,0.0005584053521682,0.0002957942932946,0.0003595224847424,0.0006670277524138,0.0004494295272959,0.0003812089751071,0.0004111282355253,sub-1421,ses-wave2
alps_sub-1431_ses-wave1,1.82161136092148,1.9782255268776523,1.6649971949653073,0.0005981535176616,0.000573329259912,0.0002805548168569,0.0003116338702553,0.0005889252279608,0.0005435659713603,0.0003746806697555,0.0003054953706279,sub-1431,ses-wave1
alps_sub-1431_ses-wave2,1.497960936067728,1.5657883284744865,1.4301335436609697,0.0005740841738882,0.0004454581194917,0.0003029811543529,0.0003481555764804,0.0005361724590784,0.0004466213284339,0.0003715528059028,0.0003156514009131,sub-1431,ses-wave2
alps_sub-1431_ses-wave3,1.8767324612341716,1.9725173682098347,1.7809475542585078,0.0006398614589647,0.0005078476126888,0.0002812167263333,0.0003006331930389,0.0006287326343921,0.0004698093774444,0.0003172872459537,0.0002995428281322,sub-1431,ses-wave3
alps_sub-1439_ses-wave1,1.5052144938617698,1.629192107840746,1.381236879882794,0.0006930649824219,0.0004969288989664,0.0003892738425614,0.0003411457780967,0.0005488291346554,0.0005389740384094,0.0004298667549361,0.0003576905344095,sub-1439,ses-wave1
alps_sub-1439_ses-wave2,1.4775217701993428,1.4220492370566038,1.5329943033420816,0.0006694750361577,0.0004418825352138,0.0004223246961532,0.0003591936524463,0.0006682771771113,0.0004917280963316,0.000476212139891,0.000280480348081,sub-1439,ses-wave2
alps_sub-1439_ses-wave3,1.6579610929762771,1.559040494351224,1.7568816916013306,0.0005906576572518,0.0005469722260884,0.0003642782557991,0.0003654204835615,0.0006181898993074,0.0005582795192785,0.0003510049061438,0.0003186300637064,sub-1439,ses-wave3
alps_sub-1444_ses-wave1,1.8818375380003407,2.121154362081737,1.6425207139189448,0.000564569849121,0.0006049354485676,0.000278765530973,0.0002725876937592,0.0005403485053123,0.0006408773768078,0.0003817443324185,0.0003374099967235,sub-1444,ses-wave1
alps_sub-1444_ses-wave2,1.814582986988629,1.9637837573544648,1.6653822166227927,0.0005662844707761,0.0005982960490929,0.0003053783471774,0.0002876505520115,0.0005897839026848,0.0005351996958973,0.0003660851026101,0.0003094256524305,sub-1444,ses-wave2
alps_sub-1452_ses-wave1,1.7704560358030317,1.865160083382996,1.6757519882230667,0.0005581937065396,0.0005331962596836,0.0002915801628879,0.0002935653031482,0.0005821706096651,0.000447726535276,0.0002950437686758,0.0003195442802592,sub-1452,ses-wave1
alps_sub-1452_ses-wave2,1.5087727258525452,1.6929355593526825,1.3246098923524083,0.0005392256817855,0.0004023735438443,0.0002455251549449,0.0003106680329339,0.0006060760631786,0.0004484872514818,0.0004677823000437,0.0003283489388583,sub-1452,ses-wave2
alps_sub-1452_ses-wave3,1.526796513032369,1.6735264791149893,1.3800665469497488,0.0005315539234091,0.0004843477508595,0.0002966988563868,0.000310343629613,0.000523237574685,0.0004264685314095,0.0002983443621368,0.0003898152836378,sub-1452,ses-wave3
alps_sub-146_ses-wave1,1.4318752684899885,1.5127920641362975,1.3509584728436788,0.0005550877404254,0.0004501870573525,0.000381445257494,0.0002830709186612,0.0005021269960282,0.0004818782573446,0.0003236787148443,0.0004046969333735,sub-146,ses-wave1
alps_sub-146_ses-wave2,1.6507759238851374,1.5877216901085691,1.7138301576617057,0.000531786116446,0.0005758793529907,0.0004057405048647,0.0002919040989328,0.0005817393815306,0.0005421600342396,0.0003133653406558,0.0003424169203493,sub-146,ses-wave2
alps_sub-146_ses-wave3,1.6747151762153978,1.5084388159698994,1.840991536460896,0.0005710114501276,0.0005358532251421,0.0003843891327797,0.0003493924853749,0.0006276819827894,0.0005893690763525,0.0003356330079951,0.0003254515407592,sub-146,ses-wave3
alps_sub-1476_ses-wave1,1.339980252923073,1.395265238119136,1.2846952677270105,0.0005200961002382,0.0004831080613118,0.000355512777305,0.00036349328272,0.0005878651783902,0.0005630522255679,0.0004526915782061,0.0004431764403587,sub-1476,ses-wave1
alps_sub-1476_ses-wave2,1.180583765025474,1.2394210560290444,1.1217464740219036,0.0005851151511092,0.0004803426045436,0.0004191913046184,0.0004404501791775,0.0005776303032106,0.0004548976374584,0.0004519704243773,0.0004684941944835,sub-1476,ses-wave2
alps_sub-1476_ses-wave3,1.0863510839537418,1.1067703072337898,1.0659318606736938,0.0005594643932662,0.0004016350705641,0.0004261418983163,0.000442240147668,0.0007464733935677,0.0003259270611816,0.0005335010413235,0.0004725674460857,sub-1476,ses-wave3
alps_sub-147_ses-wave1,1.5523156210015818,1.6863647745797103,1.418266467423453,0.0005727572032668,0.000531093136919,0.0003107068245791,0.000343867059331,0.0006285837997867,0.0005434881810013,0.0004160770185048,0.0004103346662594,sub-147,ses-wave1
alps_sub-147_ses-wave2,1.5985886478086264,1.5999462517343856,1.5972310438828672,0.0005210369983983,0.000487768038326,0.0002402374465138,0.000390286882432,0.0005923200735893,0.0005068750105448,0.0003621720812871,0.0003260158226131,sub-147,ses-wave2
alps_sub-147_ses-wave3,1.3131791686270955,1.3027588110056811,1.32359952624851,0.0004842275792059,0.0004408297288828,0.0003398110471038,0.000370264601799,0.0005632567898065,0.0005466239359956,0.0003259913739153,0.000512540752904,sub-147,ses-wave3
alps_sub-1484_ses-wave1,1.5781045894464718,1.854343403732938,1.3018657751600051,0.0005152954590793,0.0005349828631413,0.0002543055789161,0.0003120826747948,0.0005326567365614,0.0006086783689639,0.0004689913604788,0.000407700482338,sub-1484,ses-wave1
alps_sub-1484_ses-wave2,1.408071228576881,1.5211395362836442,1.295002920870118,0.00058929915648,0.000550796756725,0.0004154402726399,0.0003340609309054,0.0005642314039721,0.0004238294179131,0.0003760172834034,0.0003869623253385,sub-1484,ses-wave2
alps_sub-149_ses-wave1,1.7301209030624656,1.8806876915388444,1.5795541145860867,0.000593058794913,0.0005677952502673,0.0002676277381709,0.0003496220319014,0.0006766823998066,0.0005776086932003,0.0004125317734597,0.0003815474425826,sub-149,ses-wave1
alps_sub-149_ses-wave2,1.601418962027189,1.884547850462733,1.3182900735916443,0.0006219249929894,0.0005455074398763,0.0003173814881012,0.0003020946544541,0.0006324971584153,0.0005395194391306,0.0004259175664291,0.0004631254606133,sub-149,ses-wave2
alps_sub-149_ses-wave3,1.6099612950465527,1.700643351177903,1.519279238915202,0.0005835461303834,0.0005779275608958,0.000335877310728,0.0003470840464987,0.0006015197611054,0.0005366210308558,0.0003590420528314,0.0003900900111161,sub-149,ses-wave3
alps_sub-1531_ses-wave1,1.1665838337203007,1.325471121967045,1.0076965454735565,0.0005656521526257,0.0004776774396126,0.0003727016510217,0.0004144370311775,0.0004709754934622,0.0004157181972171,0.0004425090878678,0.000437412248235,sub-1531,ses-wave1
alps_sub-153_ses-wave1,1.4830663616700912,1.6077237129530002,1.3584090103871822,0.0005816092531003,0.0005172810749012,0.0003059244327979,0.0003775825150364,0.000578441516322,0.0005114424317626,0.0003917329584901,0.0004105908922432,sub-153,ses-wave1
alps_sub-1543_ses-wave1,1.8143154980128704,1.8545169531896109,1.7741140428361306,0.000607392920621,0.0005741934210874,0.00032315678398,0.0003139828979604,0.0005984057569908,0.0003748186158683,0.0003801102628595,0.0001684589662658,sub-1543,ses-wave1
alps_sub-1543_ses-wave2,1.5284013961118392,1.384698191378567,1.6721046008451117,0.0005059498230728,0.0005089810465728,0.0003457014108378,0.0003872603825441,0.0005492065801201,0.0004923658658568,0.0003515433364352,0.0002713677215514,sub-1543,ses-wave2
alps_sub-1543_ses-wave3,1.564157867197982,1.579225257220101,1.549090477175863,0.0006008193614885,0.0006382660168591,0.000349185173221,0.00043543081027,0.000505468717028,0.0005261505972702,0.0003372517752833,0.0003286998456826,sub-1543,ses-wave3
alps_sub-155_ses-wave1,1.5499704918771258,1.658222289062307,1.4417186946919447,0.0004857053375813,0.0004711710981008,0.000273062060186,0.0003039874958317,0.0005626228891168,0.0005479415093185,0.000366620463916,0.0004036854234421,sub-155,ses-wave1
alps_sub-158_ses-wave1,1.3366010921078288,1.5636378661454375,1.10956431807022,0.0004819050489574,0.0004015426909576,0.0002652150093583,0.0002997800953539,0.0004859648303305,0.0003281622199328,0.0004305658198051,0.0003031699691027,sub-158,ses-wave1
alps_sub-158_ses-wave2,1.5608572431564454,1.676738679476913,1.4449758068359777,0.000594457455834,0.0005288606974703,0.0002675185550677,0.0004024237365091,0.0005053638629839,0.0003143748189689,0.0004036253071005,0.0001636773965674,sub-158,ses-wave2
alps_sub-158_ses-wave3,1.5304581940501714,1.6188335337121276,1.4420828543882152,0.0005995074111755,0.0005620904910015,0.0003411299383419,0.0003764224708384,0.0006414888596234,0.0005289007052365,0.0004313162033776,0.0003802804127935,sub-158,ses-wave3
alps_sub-1591_ses-wave1,1.223517969364894,1.269364594412134,1.177671344317654,0.0007261226161972,0.0007413378563253,0.0004954619616805,0.0006605971240876,0.0006698741880449,0.0006808759528002,0.0004877857649423,0.0006591812113389,sub-1591,ses-wave1
alps_sub-1591_ses-wave2,1.232193361091987,1.29258064484892,1.171806077335054,0.0007587113178089,0.0007942923020629,0.0005489707868375,0.0006525044372119,0.0007107404189634,0.0007472469437108,0.0005230030027358,0.000721219391118,sub-1591,ses-wave2
alps_sub-1591_ses-wave3,1.1403665570426216,1.194878020451301,1.0858550936339422,0.0008405184300106,0.0007604545452603,0.0006566057122555,0.0006832573933242,0.0008358436365803,0.0007790278856937,0.0006479023152363,0.0008392864742639,sub-1591,ses-wave3
alps_sub-159_ses-wave1,1.3231696873708214,1.432962111579665,1.213377263161978,0.0005353074465455,0.0004087520917298,0.0002861836497592,0.0003726331679685,0.0005925557636648,0.0004266373778835,0.0004357880014713,0.0004041759343061,sub-159,ses-wave1
alps_sub-159_ses-wave2,1.284980503265129,1.459196933957643,1.110764072572615,0.0005021503063548,0.0004102790975079,0.0002988784667438,0.0003264171205954,0.0005255526589439,0.0003790226446723,0.0003774419419562,0.0004369301879608,sub-159,ses-wave2
alps_sub-1613_ses-wave1,1.5009423534223632,1.684125100218056,1.3177596066266706,0.0004622095992712,0.0004754270194707,0.0002761068616182,0.0002806431200907,0.0006263716568162,0.0004687377242999,0.0004698208018831,0.0003612180124872,sub-1613,ses-wave1
alps_sub-1615_ses-wave1,1.4512478939220177,1.566398563237677,1.3360972246063585,0.0005929916044507,0.0005020457169125,0.0003500754861918,0.000349004139558,0.0006496059756144,0.0004279740936506,0.0004420391196658,0.0003644740961538,sub-1615,ses-wave1
alps_sub-1615_ses-wave2,1.2969833366118328,1.315838523036278,1.2781281501873878,0.0004673930327086,0.0004026121989438,0.0003113768232096,0.0003498025057288,0.0005651535252522,0.0004426854101301,0.0004288529110444,0.0003596743858737,sub-1615,ses-wave2
alps_sub-1615_ses-wave3,1.4806913097317826,1.5196035969447417,1.4417790225188238,0.0005799739241133,0.0005211260925175,0.0003446202052327,0.0003799766691393,0.0006449115004902,0.0004549374648482,0.0003587527918682,0.0004040887727267,sub-1615,ses-wave3
alps_sub-1617_ses-wave1,1.6080333507429074,1.643660212891383,1.572406488594432,0.0005984749521743,0.0005494950468101,0.0002908883077982,0.0004075346326494,0.0006001429186131,0.0005826156927755,0.0003847347254509,0.0003674617453522,sub-1617,ses-wave1
alps_sub-1626_ses-wave1,1.6274730576723715,1.8169088084197595,1.438037306924984,0.0005778419453027,0.0005816137196214,0.0003666026492364,0.0002715447688129,0.0005282602064285,0.0005296070589519,0.0003931665359141,0.0003424661631029,sub-1626,ses-wave1
alps_sub-1626_ses-wave2,1.4318912854924553,1.475452133975655,1.3883304370092555,0.0006249147003597,0.0005496286964759,0.00041436124604,0.0003816953455559,0.0006525238993488,0.0005756611965814,0.0004285183070049,0.0004561306664599,sub-1626,ses-wave2
alps_sub-162_ses-wave1,1.526835073848611,1.7196026044058943,1.3340675432913276,0.0004983670437831,0.0005557908025813,0.000259562180076,0.000353461924251,0.0005977752894116,0.0004868293285014,0.0003818416120059,0.0004311641637265,sub-162,ses-wave1
alps_sub-162_ses-wave2,1.5060537880704812,1.6270989298493632,1.3850086462915991,0.0004648588226925,0.0005223935277175,0.0002825753773479,0.0003241808144844,0.0006894875483923,0.0005157216607214,0.0004728631137939,0.0003973186084218,sub-162,ses-wave2
alps_sub-162_ses-wave3,1.3035011927050602,1.3912686308976898,1.2157337545124305,0.000507854272015,0.0005393028882978,0.0003522393783982,0.0004004241526103,0.0005859860250169,0.0003479450756769,0.0004426577069031,0.0003255459373795,sub-162,ses-wave3
alps_sub-163_ses-wave1,1.4408451745299504,1.539129288430637,1.3425610606292644,0.0004682251787159,0.0004280443847195,0.0002919916231276,0.0002903308433295,0.0005243773088987,0.0004204036512118,0.0003622874496977,0.0003414279996894,sub-163,ses-wave1
alps_sub-163_ses-wave2,1.5088245331730403,1.766220976759534,1.2514280895865466,0.0004915629208998,0.0005076955434884,0.0002656796352334,0.000300081092069,0.0004060784502448,0.0004395489333851,0.0003237456253288,0.000351984279303,sub-163,ses-wave2
alps_sub-163_ses-wave3,1.4966573058119534,1.599576697450621,1.393737914173286,0.0004561611430477,0.0004904742958345,0.000238388869647,0.0003534148496688,0.0005418558440716,0.0004582261199048,0.0003425957801236,0.0003749580395768,sub-163,ses-wave3
alps_sub-164_ses-wave1,1.5957960387797003,1.7471267213198944,1.444465356239506,0.0005014512458832,0.0005562234575738,0.0002194353365436,0.0003859441648688,0.0005789412978715,0.000453634385942,0.0004134845936425,0.0003013651459882,sub-164,ses-wave1
alps_sub-164_ses-wave2,1.7234780728263404,1.5428715147832783,1.9040846308694024,0.0005550818575512,0.0005391403903636,0.0003633560961366,0.0003458554211091,0.0005581922877012,0.0004053820543534,0.000324730209895,0.0001813262575712,sub-164,ses-wave2
alps_sub-1656_ses-wave1,1.3352825555075365,1.3574650145942957,1.3131000964207775,0.0005147364451951,0.0004246729711331,0.0002868969340799,0.0004051352039335,0.0006488819221529,0.0003906340998594,0.0004371756223734,0.0003544746294587,sub-1656,ses-wave1
alps_sub-1656_ses-wave2,1.4424029757679393,1.5265168285638366,1.358289122972042,0.0004915005617135,0.0004670376704349,0.0002873792378458,0.0003405458621023,0.0006395356966869,0.0004919480619957,0.0004240368777223,0.0004089844132137,sub-1656,ses-wave2
alps_sub-1656_ses-wave3,1.321596843379136,1.4978318386423446,1.1453618481159271,0.000667895203221,0.0005343171587213,0.0003874556852201,0.0004151793843027,0.0005616615180473,0.0004035141746752,0.0004309904756303,0.0004116914194496,sub-1656,ses-wave3
alps_sub-1685_ses-wave1,1.6790834072986485,1.792345717674685,1.5658210969226118,0.0005573646102578,0.000543179648505,0.0002933214777706,0.0003207030644313,0.0005516976333582,0.000440785862726,0.0003542510006076,0.0002795912039934,sub-1685,ses-wave1
alps_sub-1685_ses-wave2,1.430173798539224,1.5589638959655336,1.301383701112914,0.0005451749087809,0.0004508485841943,0.0003245125839829,0.0003143883524357,0.0005612529809478,0.0004203075940693,0.0004028750028595,0.0003513687871754,sub-1685,ses-wave2
alps_sub-1685_ses-wave3,1.4329610036740263,1.699503807937326,1.1664181994107266,0.0006320791364686,0.0005115972889018,0.0002961088984955,0.0003768383582443,0.0005121157348416,0.0004366849896341,0.0004169939892345,0.0003964370125752,sub-1685,ses-wave3
alps_sub-169_ses-wave1,1.4163904568206345,1.362379374449555,1.4704015391917138,0.0004663664894985,0.0004336571361956,0.000364669231566,0.0002959570540145,0.0005794649587916,0.0004830935405561,0.0004073839828351,0.0003152475372133,sub-169,ses-wave1
alps_sub-169_ses-wave2,1.6054666293772215,1.6765982113043396,1.534335047450104,0.0006329367727647,0.0005517924658298,0.0003217328217734,0.0003848939839851,0.0006566722550084,0.0004822183768913,0.0003783799675062,0.0003638898736164,sub-169,ses-wave2
alps_sub-169_ses-wave3,1.6396519281784516,1.6125737047334174,1.666730151623486,0.0005411053130102,0.0004285449738,0.0002617749835852,0.0003395310429015,0.0006528259444748,0.0004666213816307,0.0003186996873895,0.0003529431247448,sub-169,ses-wave3
alps_sub-1751_ses-wave1,1.4034628838905612,1.4628329196381389,1.3440928481429837,0.0004344114391149,0.0004858509061039,0.0003280366639956,0.0003010593406571,0.0005022878752556,0.0004380228549708,0.0003775111926482,0.0003220764374218,sub-1751,ses-wave1
alps_sub-1759_ses-wave1,1.447641963055878,1.4882063864926391,1.407077539619117,0.000509585290914,0.0004778684055714,0.0003253649236011,0.0003381544010355,0.0006067551122351,0.0005072854566855,0.0003893170026715,0.0004024237063885,sub-1759,ses-wave1
alps_sub-1759_ses-wave2,1.2178878548650196,1.3068524871363287,1.1289232225937105,0.000517424031967,0.0004143181096969,0.0003136502755042,0.000399316299404,0.0004949397683778,0.0004488535851769,0.0004528019924987,0.0003832100007583,sub-1759,ses-wave2
alps_sub-1759_ses-wave3,1.4863958594267577,1.6731453981887965,1.2996463206647189,0.0006380901792569,0.0005491316950589,0.0003199060123065,0.0003896688253621,0.0005643229495464,0.0004865900098724,0.0004005885390558,0.0004080260376248,sub-1759,ses-wave3
alps_sub-1784_ses-wave1,1.4556867429696676,1.6516785534783829,1.2596949324609523,0.0005086123265653,0.0004809772785164,0.0002949025090507,0.0003042392567593,0.0005214707618334,0.000497618132976,0.0004490768441023,0.0003599197379657,sub-1784,ses-wave1
alps_sub-178_ses-wave1,1.437831754357024,1.5402846805200618,1.3353788281939865,0.0005840468718881,0.0004861200864384,0.0003469975840672,0.0003477875889991,0.000524099983808,0.0005271766257956,0.0004193029908436,0.0003679467299156,sub-178,ses-wave1
alps_sub-178_ses-wave2,1.4909938157668634,1.5113617625606093,1.4706258689731175,0.0006027473163433,0.0004974640401453,0.0003795311546317,0.0003484291416672,0.000688568136758,0.0004997400003489,0.0004678986414165,0.0003401302136291,sub-178,ses-wave2
alps_sub-178_ses-wave3,1.4918271739477094,1.6919154251894706,1.2917389227059484,0.0005855056875439,0.0004923740932865,0.0003186269427627,0.0003184496893093,0.0005776033824905,0.0004187483516276,0.0003787963987557,0.000392529537627,sub-178,ses-wave3
alps_sub-1796_ses-wave1,1.4612916287424835,1.45207987982692,1.4705033776580472,0.00051929222606,0.0005328826718016,0.0003606967799626,0.0003639017166345,0.0006331490663292,0.0005473026279197,0.0004546574314823,0.0003480960420451,sub-1796,ses-wave1
alps_sub-1796_ses-wave2,1.2769311897509807,1.0615675826291089,1.4922947968728528,0.0004694812506004,0.0004188878604932,0.0003857681879751,0.0004510783073686,0.0005649278195913,0.0004816704815808,0.0003629187016044,0.0003384161173371,sub-1796,ses-wave2
alps_sub-1796_ses-wave3,1.604564120776514,1.5919707713880349,1.6171574701649931,0.0004525856963826,0.0005337344355184,0.0002890510122794,0.0003305081841755,0.0006307811135001,0.0005098543442399,0.0003659039024745,0.0003394296712705,sub-1796,ses-wave3
alps_sub-1797_ses-wave1,1.5748255514602678,1.6888009584739034,1.460850144446632,0.0005773033523807,0.0005193003157657,0.0002638092703412,0.0003855293403719,0.0007232450265911,0.0005713051348081,0.0004063972975444,0.0004797648911786,sub-1797,ses-wave1
alps_sub-1797_ses-wave2,1.2357250481047526,1.0588178892921636,1.4126322069173416,0.0004937382110657,0.000438105582329,0.0003808041386266,0.0004992752431239,0.0005969379363179,0.0004991335905162,0.0003725336380016,0.0004033735807825,sub-1797,ses-wave2
alps_sub-182_ses-wave1,1.5749659156848286,1.7108052776986828,1.439126553670974,0.0005972941459461,0.0005143718099682,0.0003184278373016,0.0003313632116304,0.000713048888246,0.0004899627225861,0.0004411689130851,0.000394762859394,sub-182,ses-wave1
alps_sub-183_ses-wave1,1.4028218783817996,1.4416704077853315,1.3639733489782675,0.0005244582186358,0.0004927968572946,0.0003801194571307,0.0003254891691108,0.0004989083485824,0.0005085580291239,0.00038178920621,0.0003568369395728,sub-183,ses-wave1
alps_sub-183_ses-wave2,1.6778410038229072,1.8122300958837676,1.5434519117620469,0.0005516905228409,0.0005782962442583,0.0003229070840191,0.0003006267429854,0.0005717200122274,0.0005430691933228,0.0003936359716986,0.0003286341535024,sub-183,ses-wave2
alps_sub-183_ses-wave3,1.552227537867786,1.5816306071888877,1.5228244685466847,0.0004856634554655,0.0005818138386557,0.0003213124866425,0.0003536095142781,0.0005440168304411,0.0005368665146238,0.0003462611700131,0.0003635273626707,sub-183,ses-wave3
alps_sub-1844_ses-wave1,1.505558537701936,1.4682885039847935,1.5428285714190786,0.0005688428861756,0.0004900459902357,0.0003448302920654,0.0003763419254773,0.0006054229353764,0.0005239517821989,0.0003788385435899,0.0003531771440224,sub-1844,ses-wave1
alps_sub-1844_ses-wave2,1.6198718482259644,1.6757077770936906,1.5640359193582385,0.0005902583014074,0.0005951912546078,0.0003382992934248,0.00036913285687,0.0005759895904544,0.0005643557965069,0.0004074014742864,0.0003217028722616,sub-1844,ses-wave2
alps_sub-1844_ses-wave3,1.6180057881480343,1.3880980215857952,1.8479135547102736,0.0005960781606429,0.0005218014051994,0.0003812570879825,0.0004240747750838,0.0005529574083297,0.0005360943889465,0.0002901867084425,0.0002991546027353,sub-1844,ses-wave3
alps_sub-1849_ses-wave1,1.344808928202606,1.3252271492536738,1.3643907071515382,0.0004305362746455,0.0004015807520466,0.0003454204895252,0.0002824847168847,0.0005751570153677,0.0004200762519627,0.0003954926131706,0.0003339416039593,sub-1849,ses-wave1
alps_sub-1849_ses-wave2,1.0845285291247857,1.1615922806778347,1.007464777571736,0.0005018664982601,0.0003539510463332,0.0003228272969772,0.0004139351271789,0.0004110315680991,0.0003180064756367,0.0003555231340123,0.0003681131259997,sub-1849,ses-wave2
alps_sub-1849_ses-wave3,1.2641532987667503,1.23239367061372,1.295912926919781,0.0004199907572541,0.0003744559180085,0.0002938278614939,0.0003508092331342,0.0005197617041562,0.0004430145412771,0.0003022160046451,0.0004407168154801,sub-1849,ses-wave3
alps_sub-1850_ses-wave2,1.5110418364214429,1.8089373025989597,1.213146370243926,0.0005571291908482,0.0005646795791819,0.0003132574435049,0.0003068905121032,0.0005687166549966,0.0004421336638089,0.0004756331478432,0.0003576136421565,sub-1850,ses-wave2
alps_sub-1850_ses-wave3,1.7600779519277276,1.6494160078835212,1.870739895971934,0.0005456468438377,0.0005609951565195,0.0003398352775092,0.0003310943091251,0.0006110064240959,0.0005015100273994,0.0002604410347407,0.0003342522488583,sub-1850,ses-wave3
alps_sub-1856_ses-wave1,1.677855638731113,1.9563005147498265,1.3994107627123995,0.00062486843968,0.0006409886604685,0.0003989355730789,0.0002481312198828,0.0006126281313631,0.0005786319229675,0.0004336622322439,0.0004175960873803,sub-1856,ses-wave1
alps_sub-1856_ses-wave2,1.3441269137434473,1.21348490302001,1.4747689244668845,0.0006087313716373,0.0005210157489087,0.0004999822905541,0.0004310116737996,0.0005814209005011,0.0005014222574808,0.000358696543764,0.0003755494387878,sub-1856,ses-wave2
alps_sub-1860_ses-wave1,1.7503352333250308,1.6279041800686505,1.8727662865814112,0.0005564632795616,0.000511130754811,0.000319351692642,0.0003364571979818,0.0006279167989812,0.0005416906859805,0.0003394480993231,0.000285086576115,sub-1860,ses-wave1
alps_sub-1866_ses-wave1,1.2896936089128754,1.3983029931532018,1.1810842246725493,0.0006698034291578,0.0006744512424343,0.0003836943602507,0.0005776528428764,0.0006018006809241,0.0006184326323779,0.000473242661064,0.0005599040763249,sub-1866,ses-wave1
alps_sub-1868_ses-wave1,1.535202543030599,1.560022147457201,1.5103829386039973,0.0006126637602697,0.000535207941924,0.0003929376109569,0.0003428671364723,0.0005368593699439,0.0005679843825243,0.000414183633991,0.0003173154608606,sub-1868,ses-wave1
alps_sub-1868_ses-wave2,1.3539285010056206,1.3174891592429527,1.3903678427682884,0.0006319851346534,0.0005807157028707,0.0004318345365722,0.0004886290809204,0.0007477103459115,0.0005407375838479,0.0005104822942639,0.0004162134261966,sub-1868,ses-wave2
alps_sub-1869_ses-wave1,1.7074781397094296,2.01203427108734,1.4029220083315193,0.0005908223509936,0.0005396993381615,0.0002941234655154,0.0002677564713228,0.0005722725701806,0.0005116448426812,0.0004306991723261,0.0003419149904176,sub-1869,ses-wave1
alps_sub-1874_ses-wave1,1.7022994695007434,1.839827884252548,1.564771054748939,0.000563974535198,0.0005766323951205,0.0003191190980821,0.0003008339638762,0.0005780613445745,0.0005111856740903,0.0003670455654215,0.0003290607533649,sub-1874,ses-wave1
alps_sub-1875_ses-wave1,1.578081194712325,1.5860420971575773,1.570120292267073,0.0005278844394601,0.0004846700742726,0.0002817375160727,0.0003566783970656,0.0007015720521739,0.0005625888658542,0.0004329791287559,0.0003721572192387,sub-1875,ses-wave1
alps_sub-1875_ses-wave2,1.215139914177672,1.1131111893096015,1.3171686390457422,0.0005051124005312,0.0003671247475563,0.0004098957695951,0.0003737071233275,0.0005448267424837,0.0004414791811282,0.0003516857184503,0.0003971219090426,sub-1875,ses-wave2
alps_sub-1875_ses-wave3,1.5025984919841284,1.58036117280582,1.424835811162437,0.0005190823556516,0.0005248299863677,0.0002761057362313,0.0003844472816374,0.0006270452055343,0.0004042052115108,0.0003283002385265,0.0003954676573715,sub-1875,ses-wave3
alps_sub-1882_ses-wave1,1.3531568634294078,1.3421114463998365,1.364202280458979,0.0004988017017518,0.0004111565808287,0.0003445743566632,0.0003334306518042,0.0006976688048634,0.0005353912435779,0.0004925397422561,0.0004113291825388,sub-1882,ses-wave1
alps_sub-1886_ses-wave1,1.3577561665624662,1.275798711087445,1.4397136220374875,0.000580479596341,0.0005855708912004,0.0004401885739724,0.0004737882763001,0.0005960153901087,0.0005506340870602,0.0003502651938124,0.0004461775567577,sub-1886,ses-wave1
alps_sub-1915_ses-wave1,1.449510981887991,1.510495400316204,1.388526563459778,0.0006470396174905,0.0006423366438721,0.0003230718603784,0.0005305396508468,0.0007739300509377,0.000627892764438,0.0005048881713451,0.0005046876281143,sub-1915,ses-wave1
alps_sub-1922_ses-wave1,1.5368782274935051,1.9036208859432429,1.1701355690437674,0.0005713400166862,0.00042300483833,0.0002876380076174,0.000234705943512,0.0004744485101084,0.0004963503118814,0.0004340742309877,0.0003955722199642,sub-1922,ses-wave1
alps_sub-1922_ses-wave3,1.5936113500241538,1.6015367465225452,1.585685953525762,0.0005997626369052,0.000605240392812,0.0003652696447305,0.0003871345897235,0.0005955825183433,0.0005760533618563,0.0003630888100799,0.0003757938656444,sub-1922,ses-wave3
alps_sub-192_ses-wave1,1.4028581307645718,1.653977472962555,1.1517387885665886,0.0005574564590405,0.0004679634516483,0.0003517947439739,0.000268177370188,0.0005729515923011,0.0004845011902738,0.0005466369044726,0.0003714990418655,sub-192,ses-wave1
alps_sub-192_ses-wave2,1.576397588984527,1.8504551629705808,1.302340014998473,0.000510608334665,0.000532033209564,0.0002492200663445,0.0003142313293408,0.0006667679471916,0.0005241208722083,0.0004898101682816,0.0004246121835505,sub-192,ses-wave2
alps_sub-192_ses-wave3,1.6101281163228136,1.6687178760790808,1.5515383565665462,0.0005586780454771,0.0004940312813296,0.0003186383193242,0.0003122108744773,0.0005730202192929,0.0004953014642459,0.0003422675420514,0.00034628886973,sub-192,ses-wave3
alps_sub-1933_ses-wave1,1.2104188986540585,1.28812006457006,1.132717732738057,0.000573477967904,0.0004415149539316,0.0004092726241054,0.0003786919063395,0.0006360710345239,0.000440850446222,0.0005039948753791,0.0004467463813528,sub-1933,ses-wave1
alps_sub-194_ses-wave1,1.7156385512078676,1.901316112387776,1.5299609900279594,0.0005483527376824,0.0005708803074105,0.0002801071329424,0.0003085551298978,0.0006075990844931,0.0005743151999742,0.0004204031456719,0.0003521095472469,sub-194,ses-wave1
alps_sub-194_ses-wave2,2.0483744589977544,2.3161766466572846,1.7805722713382244,0.0005328345594734,0.0005643083514948,0.0002401977691531,0.0002334892929073,0.0006568281514332,0.0006045328934865,0.0003605038389725,0.0003478982097529,sub-194,ses-wave2
alps_sub-196_ses-wave1,1.311023175293342,1.3894120303398574,1.2326343202468268,0.000491630943734,0.0003369230016227,0.0002834162387979,0.0003129179855099,0.0005995312275056,0.0003247028715115,0.0004045267987239,0.0003452771648977,sub-196,ses-wave1
alps_sub-196_ses-wave2,1.4345618059445,1.346717041423107,1.5224065704658931,0.0005119145346958,0.0004076047735313,0.000365046862132,0.0003177389643957,0.0006163423589356,0.0004162055733125,0.000368130020322,0.0003101040022308,sub-196,ses-wave2
alps_sub-196_ses-wave3,1.3773109149404998,1.48569157854226,1.2689302513387395,0.0005613954472811,0.0004752722196777,0.000326560203715,0.0003712075442694,0.000632376478024,0.0003764006972307,0.0004289008949501,0.0003660814724341,sub-196,ses-wave3
alps_sub-1978_ses-wave1,1.3634793359161224,1.497785846818494,1.2291728250137506,0.0006164051336286,0.0006857982209254,0.0003415031922879,0.0005279157285277,0.0005616471215141,0.0007226324172817,0.000393854088908,0.0006509782671778,sub-1978,ses-wave1
alps_sub-1993_ses-wave1,1.3015586554184393,1.2169996609682117,1.386117649868667,0.0007366479511872,0.0004285009562117,0.0004572666534694,0.0005001279496416,0.0005050270048666,0.0005443776540605,0.0003961835572383,0.0003608983968271,sub-1993,ses-wave1
alps_sub-1993_ses-wave2,1.3769891455367402,1.3329971058006955,1.4209811852727847,0.0005509909952837,0.000509305014386,0.0003423219602003,0.000453100629283,0.0005446487330996,0.000508683967267,0.00035448709642,0.0003867842949844,sub-1993,ses-wave2
alps_sub-1993_ses-wave3,1.5603349828915698,1.7034721825190908,1.4171977832640488,0.000704042970383,0.0005722991748831,0.0003531391785918,0.0003961199865204,0.00065058357197,0.0004912636283788,0.0003914824399919,0.0004142252839638,sub-1993,ses-wave3
alps_sub-200_ses-wave1,1.2575859571042345,1.3149105871843831,1.2002613270240852,0.0003536994747375,0.000383866918818,0.0002554761437948,0.0003054489873465,0.0004364123951497,0.0004969928049599,0.0004209851527812,0.0003566831591887,sub-200,ses-wave1
alps_sub-200_ses-wave2,1.2965471444630443,1.5722438245405683,1.0208504643855203,0.0004668297201753,0.0005269037303009,0.0002514425741761,0.0003806053531016,0.0005208112260945,0.0004572581908183,0.0005041038394709,0.000453988898922,sub-200,ses-wave2
alps_sub-200_ses-wave3,1.3698723374227295,1.4361069715555468,1.303637703289913,0.0005326141052935,0.0005600339832902,0.0003206325299221,0.0004402077906288,0.0005635190422226,0.0005598332741934,0.0004469736510004,0.0004147322612949,sub-200,ses-wave3
alps_sub-2031_ses-wave1,1.4996593772411932,1.738486713642899,1.2608320408394875,0.0005790623125899,0.0004897046915105,0.0003084831258908,0.0003062854516963,0.0006036051151273,0.0004960322817108,0.0005315443287517,0.0003406078384044,sub-2031,ses-wave1
alps_sub-2031_ses-wave2,0.9822232201445832,0.8571361964984634,1.1073102437907032,0.0005476461567702,0.000237875467739,0.0004481747089288,0.0004682743078298,0.000476496111616,0.0004233327783517,0.0004616862776076,0.0003509395379789,sub-2031,ses-wave2
alps_sub-2034_ses-wave1,1.2694825814410653,1.222220890016131,1.3167442728659997,0.0005581459050944,0.0004807020443308,0.0004359208655122,0.0004140465650161,0.0006104872352998,0.0004832663938903,0.0004141929847332,0.0004164570144572,sub-2034,ses-wave1
alps_sub-2035_ses-wave1,0.9258389719029227,0.7434977453875774,1.1081801984182682,0.0003697702794355,0.0002406052354877,0.0003508934922726,0.0004700579076608,0.0006175698693625,0.0004742636806249,0.0004280974608485,0.00055715164534,sub-2035,ses-wave1
alps_sub-2035_ses-wave2,1.0573232274071458,1.0628866450088623,1.0517598098054293,0.0005752828530173,0.0004713853879855,0.0003951164054747,0.0005896247669897,0.0006015620806023,0.0005072184344879,0.0004529569684628,0.000601257601017,sub-2035,ses-wave2
alps_sub-2043_ses-wave1,1.3775062029749594,1.5747912301749982,1.1802211757749206,0.0005867215024457,0.0004027939756678,0.0003050879448141,0.0003232591396457,0.0005121723062684,0.0004382808137541,0.0003896928997508,0.0004156248996002,sub-2043,ses-wave1
alps_sub-2043_ses-wave2,1.21318531166595,1.200205010262126,1.2261656130697745,0.0005119097112456,0.0004014319741097,0.0003948051015109,0.0003661829609834,0.0005097359308714,0.0003907221103813,0.0003594797370172,0.000374889284308,sub-2043,ses-wave2
alps_sub-2043_ses-wave3,1.2277545636084617,1.2298961363562333,1.22561299086069,0.0005890795759631,0.0003820203102373,0.000446567563876,0.0003430112123265,0.0006934147376185,0.0004224412535224,0.0004678277482727,0.0004426195131889,sub-2043,ses-wave3
alps_sub-2044_ses-wave1,1.0909025425727927,1.204307601070955,0.9774974840746302,0.0005882231517987,0.0003754990075456,0.0003263525398004,0.0004738767027014,0.0005844754256794,0.0005739715996283,0.000516876011534,0.0006682390851093,sub-2044,ses-wave1
alps_sub-2053_ses-wave1,1.405230462776342,1.5039500780506652,1.3065108475020188,0.0007391242470924,0.0006536648985103,0.0004572996245046,0.0004687877276819,0.0006468498303394,0.0005329635500722,0.0004908289816449,0.000412197107015,sub-2053,ses-wave1
alps_sub-2054_ses-wave1,1.3846459066823225,1.5020750374646394,1.2672167759000053,0.0005164580464608,0.0004742390137691,0.0003059099046857,0.000353642404966,0.0006923624463334,0.00047554941157,0.0004918322352423,0.0004298031787727,sub-2054,ses-wave1
alps_sub-2058_ses-wave1,1.2771629761431806,1.3059745245261618,1.2483514277601993,0.0007031352201925,0.0005579037295855,0.0004961213829069,0.0004694709208445,0.0006831593692557,0.000575514288862,0.000476431915159,0.0005318367743526,sub-2058,ses-wave1
alps_sub-2062_ses-wave1,1.1427117249579626,1.106903805742928,1.1785196441729973,0.0005850114692396,0.0004447364646484,0.000458130492011,0.0004721652830558,0.0007072497123181,0.0004491517568619,0.000483487561785,0.0004977446772342,sub-2062,ses-wave1
alps_sub-2064_ses-wave1,1.3475558966657364,1.347516582043249,1.3475952112882237,0.0009511123784565,0.0006529044613749,0.0007018145846931,0.0004885357688433,0.00124023902843,0.0005875892096816,0.0008308593298151,0.000525503636453,sub-2064,ses-wave1
alps_sub-2064_ses-wave2,1.220571440680427,1.2459418704244662,1.1952010109363873,0.0010324744360908,0.0008439784251334,0.0007702507550829,0.0007358009362251,0.0011626842718406,0.0006524794142985,0.0009145898060379,0.0006041201595075,sub-2064,ses-wave2
alps_sub-2067_ses-wave1,1.6923081574456094,1.710074686328446,1.6745416285627728,0.0006317539368873,0.0006338284267088,0.0004259455667654,0.0003141287549669,0.0006544633945216,0.0007455694504908,0.0004492464140023,0.0003868228846833,sub-2067,ses-wave1
alps_sub-2068_ses-wave1,1.272876911984434,1.1871097118185472,1.3586441121503203,0.0005453433514316,0.0005296249361794,0.0003878351840627,0.0005176988848687,0.0006086914947647,0.0004538582535586,0.000343129044906,0.0004389372363379,sub-2068,ses-wave1
alps_sub-2068_ses-wave2,1.051794751154865,1.0271860577837684,1.0764034445259616,0.0004637141468059,0.0005056518928391,0.0003850634058959,0.0005586468716135,0.0005662946810395,0.0004963453746695,0.0004318784617,0.0005553350790157,sub-2068,ses-wave2
alps_sub-2068_ses-wave3,1.329707238884126,1.2834557183404132,1.3759587594278389,0.0005967189858588,0.0007253525945246,0.0004093171565436,0.0006207702562834,0.000736784950488,0.0006826853407528,0.0004469202185092,0.0005847024820368,sub-2068,ses-wave3
alps_sub-2087_ses-wave1,1.212035010904386,1.2895363521281225,1.1345336696806498,0.0006019727623489,0.0004056902640008,0.0003964371232983,0.0003849778594486,0.0005568809407944,0.0005612260599813,0.0004364966509246,0.0005490245642284,sub-2087,ses-wave1
alps_sub-208_ses-wave1,1.627225921719362,1.6843717627876846,1.570080080651039,0.0005159947536211,0.0004998053819607,0.0002804920362597,0.0003225815595007,0.0005467461389044,0.0005200848140498,0.0003615734172423,0.0003179020860147,sub-208,ses-wave1
alps_sub-208_ses-wave2,1.4426156892370292,1.3623162036403091,1.5229151748337493,0.0005828539945828,0.0004580321442844,0.0003542712320314,0.0004097849658512,0.0006506179568065,0.0003915568321204,0.0003289369516377,0.000355391897499,sub-208,ses-wave2
alps_sub-208_ses-wave3,1.4748630284401556,1.4651248537030312,1.48460120317728,0.0004976514655915,0.0004690375388678,0.0002770958951728,0.0003827038495493,0.0007004997906409,0.0004427279696027,0.0004072134557143,0.0003628436867674,sub-208,ses-wave3
alps_sub-2093_ses-wave1,1.5873170703406607,1.7848760174539628,1.3897581232273586,0.000499840464299,0.0005462302003257,0.0002965924418722,0.0002894822514933,0.0005559806904686,0.0005299497348814,0.0004479324416383,0.0003334484383872,sub-2093,ses-wave1
alps_sub-2093_ses-wave2,1.3159110733704016,1.1031576652986312,1.5286644814421717,0.0004166199675581,0.0003429631300703,0.0003643121944746,0.0003242413292167,0.0005240706917737,0.0004396653529699,0.0003430445122214,0.0002873986337032,sub-2093,ses-wave2
alps_sub-2093_ses-wave3,1.5709882411302718,1.6904610560455082,1.4515154262150354,0.0004930715872411,0.0005315163211365,0.0002616708384355,0.0003444288434905,0.0005567257757726,0.0005011567190755,0.0003618544363263,0.0003669580004844,sub-2093,ses-wave3
alps_sub-2095_ses-wave1,1.5283593598673066,1.6509626145355265,1.4057561051990868,0.0006245934003793,0.0006408772994058,0.0003968310256896,0.0003696737325911,0.0006340189849193,0.0005477402399072,0.0004510412581142,0.000389616108022,sub-2095,ses-wave1
alps_sub-2095_ses-wave2,1.3380750310477103,1.2841970820794455,1.3919529800159751,0.0006317070605424,0.0005499199906082,0.0004629748150298,0.0004571542427602,0.0005869721560498,0.0005416112286149,0.0004614326676955,0.0003493586455655,sub-2095,ses-wave2
alps_sub-2095_ses-wave3,1.5304318674040185,1.654536132034401,1.406327602773636,0.0005474535974348,0.0005697923349739,0.0003430029013087,0.0003322594340233,0.0006565537020376,0.0004540502139613,0.0004452265363656,0.0003444926683265,sub-2095,ses-wave3
alps_sub-2117_ses-wave1,1.359070568185349,1.4716533771115166,1.2464877592591814,0.0005368079823966,0.0004677573569417,0.0003536664021704,0.000328943616576,0.0005425873110454,0.0005229975560103,0.0003791823155597,0.0004756875851996,sub-2117,ses-wave1
alps_sub-2117_ses-wave2,1.328472492694993,1.355453861176572,1.3014911242134133,0.0005764118227976,0.0005089926537631,0.0003769900516015,0.0004237782428047,0.0006105085703722,0.0004629064137536,0.0003759651549149,0.0004487926664452,sub-2117,ses-wave2
alps_sub-2117_ses-wave3,1.294123111041487,1.4588174341257982,1.1294287879571756,0.0005564885605294,0.0004887233587832,0.0002957678171233,0.0004207110889153,0.0005425004002182,0.0004717452549774,0.0004209325972575,0.0004770838744406,sub-2117,ses-wave3
alps_sub-2126_ses-wave1,1.3279765324007764,1.441187707566158,1.2147653572353951,0.0004979052351505,0.0004766998274426,0.0003387399518053,0.0003375113494488,0.0006231819759213,0.0004727570470522,0.0004672747138419,0.0004349069432541,sub-2126,ses-wave1
alps_sub-2127_ses-wave1,1.6983797369422762,1.846122735497403,1.5506367383871495,0.000541619950164,0.000519619612993,0.0002383386540086,0.0003365091298095,0.0005710894215667,0.0005175520576006,0.0003138744270846,0.0003881865084119,sub-2127,ses-wave1
alps_sub-2127_ses-wave2,1.3215782285648228,1.2856791991312737,1.3574772579983716,0.0005388469586603,0.0004068174812406,0.0003387800677086,0.0003967567913616,0.00063150309152,0.000437748221139,0.0003851518911775,0.000402523413406,sub-2127,ses-wave2
alps_sub-213_ses-wave1,1.5860638807619236,1.6959816578040623,1.4761461037197852,0.0006477844325792,0.000536497903424,0.0003286096025721,0.0003696776286333,0.0006606536329298,0.0005760397395452,0.0004421490699321,0.0003956361393765,sub-213,ses-wave1
alps_sub-213_ses-wave2,1.2689406509494807,1.3230633854921905,1.214817916406771,0.0006017535453601,0.0005128016930468,0.0004455334310387,0.0003968715894829,0.0005675137263875,0.0004879287932838,0.0004694592162796,0.0003993479567271,sub-213,ses-wave2
alps_sub-213_ses-wave3,1.3685712288249352,1.4538328716177615,1.2833095860321089,0.0006399787816095,0.0004965712361335,0.0004099532650307,0.0003718078575379,0.0006500494545659,0.0004811340059643,0.0004562840180774,0.0004251739503211,sub-213,ses-wave3
alps_sub-2152_ses-wave1,1.6680008711789802,1.8044287011280775,1.5315730412298825,0.0006160598080063,0.0005072349325494,0.0003263183431458,0.0002962026463803,0.0005632320815492,0.0005632852465292,0.0004196373846976,0.0003158922294654,sub-2152,ses-wave1
alps_sub-215_ses-wave1,1.5249640068309285,1.6209717289788348,1.428956284683022,0.0005641818965068,0.0005418994333457,0.0003904226050717,0.0002919343479082,0.0005169110894606,0.0004952451757428,0.0003782589119411,0.0003300596531911,sub-215,ses-wave1
alps_sub-215_ses-wave3,1.5197187115768418,1.746542136560684,1.2928952865929997,0.0004946328430371,0.0005359263180978,0.0002122019741091,0.0003778548814124,0.0005483404307224,0.0004679250468587,0.0003832149976031,0.000402823506922,sub-215,ses-wave3
alps_sub-2172_ses-wave1,1.5653094121341935,1.5849027201810195,1.545716104087367,0.0005237709446907,0.0005338440067752,0.0002956571299132,0.0003716487797801,0.0006784420458765,0.0006123322017871,0.0004501449958926,0.0003849205405603,sub-2172,ses-wave1
alps_sub-2172_ses-wave2,0.4518306428356141,0.3227751194544699,0.5808861662167584,0.0002487660275591,1.3065987850951816e-05,0.000380639472259,0.0004305507330227,0.0003740678923111,0.000137611381916,0.0004998488982683,0.0003810109052275,sub-2172,ses-wave2
alps_sub-2172_ses-wave3,1.5663699323168665,1.741592319927384,1.391147544706349,0.0005763043328407,0.0005233126785175,0.0002728177518393,0.0003585682497963,0.0006134889810529,0.0004791192393652,0.0004120434986647,0.0003733571761779,sub-2172,ses-wave3
alps_sub-21_ses-wave1,1.372924858884192,1.3469503043847373,1.398899413383647,0.0004655651684828,0.0004784415485567,0.000363120966438,0.0003377265065285,0.0005699325702198,0.0004676558289784,0.0003670046549882,0.0003747130048173,sub-21,ses-wave1
alps_sub-2205_ses-wave1,1.74187074955662,1.847736796008921,1.6360047031043192,0.0006057585621285,0.000508706101075,0.0003208994717157,0.0002822517268807,0.0005615266674198,0.0005523307145374,0.0003666840382424,0.000314155925019,sub-2205,ses-wave1
alps_sub-2206_ses-wave1,1.9022856170435696,2.072792626175464,1.7317786079116757,0.0005536487243876,0.000583999091064,0.0002885308984049,0.0002603169704485,0.0006399391063497,0.0004602282160843,0.0003247433138656,0.0003105384233079,sub-2206,ses-wave1
alps_sub-2206_ses-wave2,1.2611354358379347,1.2668649842637796,1.25540588741209,0.000502196215493,0.0004956437834665,0.00039806257822,0.0003895825231554,0.0005936243032897,0.0004683161180119,0.0004701071626385,0.0003757869278302,sub-2206,ses-wave2
alps_sub-2206_ses-wave3,1.68084839972359,1.719128268829763,1.6425685306174167,0.0005866877062093,0.000613531552529,0.000337055494609,0.0003611002396082,0.000707572340455,0.0005105879994354,0.0003870068158247,0.0003546123721627,sub-2206,ses-wave3
alps_sub-220_ses-wave1,1.517289391816815,1.6127510294783156,1.4218277541553146,0.0005730042619193,0.0004392027771122,0.0003063370207087,0.0003212905675117,0.0007301866660663,0.0004994481169728,0.0004315363387751,0.0004332904867285,sub-220,ses-wave1
alps_sub-220_ses-wave2,1.3071790035018285,1.4514303031003262,1.16292770390333,0.0005661714620558,0.0004768772861731,0.0002791480785381,0.000439487012655,0.0007021843657441,0.0004216186304063,0.0005390245984781,0.0004273321168864,sub-220,ses-wave2
alps_sub-220_ses-wave3,1.3323715244030088,1.277628825184355,1.3871142236216627,0.0005648006522283,0.0005198323640566,0.0003690229537402,0.0004799192389411,0.0007038316546075,0.0004679719531297,0.0003855084659542,0.0004592695543286,sub-220,ses-wave3
alps_sub-2213_ses-wave1,1.620060115093448,1.5901548896756372,1.6499653405112586,0.0006255546382084,0.0004646677378247,0.0003322419865438,0.0003533656753963,0.0006273780919078,0.0004831237685179,0.0003506634542858,0.0003223821141027,sub-2213,ses-wave1
alps_sub-221_ses-wave1,1.1986990927796453,1.3038709476117265,1.0935272379475642,0.000499124486933,0.0003021935767568,0.0003080039266917,0.0003065646125931,0.000481892309943,0.0003572623768649,0.0004093012089592,0.0003580822248389,sub-221,ses-wave1
alps_sub-2231_ses-wave1,1.73920595895005,1.8281475070590956,1.6502644108410047,0.0005438144841277,0.000501663323534,0.0002630874798223,0.0003087907759665,0.0006958287305517,0.0005255515431702,0.0004040688174734,0.0003360430492664,sub-2231,ses-wave1
alps_sub-2248_ses-wave1,1.4502846577419706,1.7228274399401244,1.1777418755438165,0.0004082625276175,0.0004859920282773,0.0002642314281888,0.0002548307455167,0.0004527471510833,0.0004922938453194,0.0004531016711814,0.0003493160877747,sub-2248,ses-wave1
alps_sub-2248_ses-wave2,1.4726323080963215,1.792933004322956,1.1523316118696874,0.000490270762694,0.0004502201885138,0.0002172853226194,0.0003072691079924,0.000412958907042,0.0004767181102758,0.0004069079262462,0.0003651589060385,sub-2248,ses-wave2
alps_sub-2248_ses-wave3,1.536055580799219,1.7245383031700583,1.3475728584283797,0.0005513759491977,0.0005145339032111,0.0002937766816416,0.000324307503818,0.0004250516623795,0.0004582432934721,0.0003045988930068,0.0003508721268546,sub-2248,ses-wave3
alps_sub-224_ses-wave1,1.1263172756004398,1.164269488921048,1.0883650622798318,0.0004952232193037,0.0003357432119365,0.000287751961465,0.0004259714841354,0.000597412482219,0.0003777730688428,0.0004329200084028,0.000463089597987,sub-224,ses-wave1
alps_sub-2327_ses-wave1,1.4041427025649418,1.4481464297057212,1.3601389754241624,0.0006354872943017,0.0004756219731045,0.0003933107082081,0.0003739523562265,0.0006416500213537,0.0004851139442755,0.0004251726593821,0.0004032456022722,sub-2327,ses-wave1
alps_sub-236_ses-wave1,1.4959823711786342,1.492357407037169,1.4996073353200996,0.0004944113436843,0.0004974998366504,0.000301265299915,0.0003633953072943,0.0006140599319382,0.0005085695601508,0.000397175511552,0.0003514401197855,sub-236,ses-wave1
alps_sub-236_ses-wave2,1.3914185309909586,1.3879716540136082,1.3948654079683087,0.000475807591093,0.0004173476824153,0.0003244043939945,0.0003190923740595,0.0005369467715638,0.0004631985748038,0.0003708648570169,0.0003461543913308,sub-236,ses-wave2
alps_sub-236_ses-wave3,1.3478533950080238,1.297757513900574,1.3979492761154737,0.0004660771880931,0.0004373364167716,0.000340190665032,0.0003559437015103,0.0005785981708373,0.000453436527202,0.0003502279940789,0.0003880210366063,sub-236,ses-wave3
alps_sub-245_ses-wave1,1.5687129973190674,1.5819177324723608,1.555508262165774,0.0005814232339769,0.0005087182667945,0.0003669782040185,0.0003221483405507,0.0006665231189791,0.0005741859629955,0.0004178941284122,0.0003797288171882,sub-245,ses-wave1
alps_sub-245_ses-wave2,1.3839467683314133,1.4130370554223524,1.3548564812404742,0.0005351481912048,0.0005045604334175,0.0003604813990073,0.0003753157413666,0.0006571235635549,0.0005223502392712,0.0005144599208477,0.0003560926573458,sub-245,ses-wave2
alps_sub-245_ses-wave3,1.2820027809496335,1.392427991861976,1.1715775700372917,0.0006270395178251,0.0004120282939988,0.0003894501140364,0.0003567772082357,0.0005838996899628,0.0004970332800767,0.0004348462037738,0.0004877841005987,sub-245,ses-wave3
alps_sub-252_ses-wave1,1.2910046791651868,1.4267884337439212,1.1552209245864522,0.0006565311771586,0.0003955123206232,0.0003685694907361,0.0003687812424915,0.0006468483475452,0.000439740273119,0.0004615849055368,0.0004790045501581,sub-252,ses-wave1
alps_sub-253_ses-wave1,1.281496964753256,1.154578789851232,1.4084151396552802,0.0004244846337578,0.0004366733864425,0.0002691182741625,0.0004767450898364,0.0006176556641578,0.0004246840553898,0.0003430054970829,0.0003970743914382,sub-253,ses-wave1
alps_sub-2543_ses-wave1,1.4470776643229448,1.3566377354463963,1.537517593199493,0.0006546646332835,0.0007032797320919,0.0004823102077341,0.0005186529306888,0.0009287100231453,0.0006208555748584,0.0005846318690277,0.0004232041419925,sub-2543,ses-wave1
alps_sub-2743_ses-wave1,1.4430082983475505,1.5406619884750128,1.3453546082200882,0.000674399745585,0.0004973976447948,0.0004345383845114,0.0003260420667138,0.0006452730657859,0.000498878182945,0.0004517209744796,0.000398724879528,sub-2743,ses-wave1
alps_sub-2743_ses-wave2,1.3389097052242398,1.4689345064399046,1.208884904008575,0.0006196828359277,0.0005756467196431,0.0004189523591413,0.0003947868173368,0.0006531440067554,0.0005454061099873,0.0005273311765432,0.0004641197984574,sub-2743,ses-wave2
alps_sub-2748_ses-wave1,1.4627498605717808,1.651854136444841,1.2736455846987207,0.0005805889286651,0.0004846843000452,0.0002816629021868,0.00036323255511,0.0006445117995521,0.0005052086675867,0.0004471332332891,0.0004555672360968,sub-2748,ses-wave1
alps_sub-2748_ses-wave2,1.222342138513166,1.2286900164847532,1.2159942605415788,0.0005855789093669,0.000474231361499,0.0003740524663204,0.0004885005426948,0.0006641842903352,0.0004534301839607,0.0005139376675783,0.0004051575210767,sub-2748,ses-wave2
alps_sub-274_ses-wave1,1.5626679228578058,1.459968447894406,1.6653673978212056,0.0005912538613799,0.0004437470607105,0.0003221219510695,0.0003867981105819,0.0006710235730632,0.0005763643955714,0.000351910180257,0.0003971065053503,sub-274,ses-wave1
alps_sub-274_ses-wave2,1.2737464931046767,1.4109085045742975,1.1365844816350554,0.0005706548011192,0.0004290153448143,0.0003238464496025,0.0003846829431203,0.0005345732706962,0.0004659039460485,0.0004409448044997,0.0004393040752892,sub-274,ses-wave2
alps_sub-2813_ses-wave1,1.5004548058791485,1.4168032633504992,1.5841063484077975,0.0005208346775425,0.0004589474746742,0.0003340445444872,0.0003574997069706,0.0006145632758051,0.0005096322631286,0.0003526391285454,0.0003570326305909,sub-2813,ses-wave1
alps_sub-2813_ses-wave2,1.2960286658971347,1.3016841171967504,1.290373214597519,0.0005732848110808,0.0004659132299765,0.0003824355425221,0.0004159133251703,0.0006212316899674,0.0004093848361309,0.0004183308016034,0.0003803656642247,sub-2813,ses-wave2
alps_sub-2852_ses-wave1,1.4465090169237222,1.6142583640607415,1.2787596697867027,0.0006035570164272,0.0005285289978543,0.0003458696411211,0.0003554344620421,0.0006275700288348,0.0005134257605562,0.0005171136335888,0.0003751539412724,sub-2852,ses-wave1
alps_sub-2885_ses-wave1,1.3051726335688207,1.3340873080554014,1.27625795908224,0.0004472263676003,0.0004198060023548,0.0003374036769667,0.0003125030905439,0.0005633881828486,0.000488479402802,0.0004222214641699,0.0004019595551649,sub-2885,ses-wave1
alps_sub-2885_ses-wave2,1.2834119105945114,1.263952159295742,1.3028716618932807,0.0004568608412645,0.0004272978996486,0.0003344328594859,0.0003650862911485,0.000550782179011,0.0004847181172461,0.000455334899069,0.0003394481379282,sub-2885,ses-wave2
alps_sub-2885_ses-wave3,1.5700849882391004,1.8950592760634928,1.2451107004147075,0.0006203577259062,0.0006272731900996,0.0003520622157902,0.000306297621163,0.0005234279075997,0.0004948307466539,0.0004486217645433,0.0003691839565982,sub-2885,ses-wave3
alps_sub-2893_ses-wave1,1.731945640289116,1.864678823919722,1.5992124566585098,0.0006052342622562,0.0005198926075342,0.0002897251721764,0.0003136639237673,0.0006128181021833,0.000481202036492,0.0003305810365121,0.0003535182738204,sub-2893,ses-wave1
alps_sub-2893_ses-wave2,1.6720578657949514,1.908076122672456,1.436039608917447,0.0006495913122009,0.0005449435578968,0.0002772061298009,0.0003488353870462,0.000696433629536,0.0005272020094537,0.0004294828439181,0.0004226076077597,sub-2893,ses-wave2
alps_sub-2940_ses-wave1,1.6239028219672975,1.7898996249021335,1.4579060190324618,0.0005276612794493,0.0005231744173089,0.0002732435695662,0.0003138484003624,0.0005878057124873,0.0004537231746522,0.000382270254596,0.0003321303127538,sub-2940,ses-wave1
alps_sub-2940_ses-wave2,1.6864421206912843,1.979614281504762,1.3932699598778069,0.0005371832506479,0.0004513618851022,0.0002877024485705,0.0002116600509759,0.0005756741698131,0.0004104076499603,0.000393001840277,0.0003147445751125,sub-2940,ses-wave2
alps_sub-2940_ses-wave3,1.5674572185251123,1.785881761495805,1.34903267555442,0.0006777033438732,0.0005395532920378,0.0003140415508296,0.0003675582404642,0.0006390235491659,0.000499931026897,0.0004407801870235,0.000403494823287,sub-2940,ses-wave3
alps_sub-2974_ses-wave1,1.5807702325819792,1.7092090570081304,1.4523314081558278,0.0006376926288548,0.0005984526106133,0.0003542256924611,0.0003690007814448,0.0006551725593255,0.0005619950841856,0.0004392698310982,0.0003988086106926,sub-2974,ses-wave1
alps_sub-2976_ses-wave1,1.685209450090496,1.6977180617186065,1.6727008384623856,0.0005656834053737,0.0004506002030017,0.0003079282301417,0.0002906891912614,0.000574080465669,0.000477301041408,0.0003359780994649,0.0002925751258945,sub-2976,ses-wave1
alps_sub-2976_ses-wave2,1.6936985146341743,1.7083555114928437,1.6790415177755054,0.0006053057099696,0.000504025580025,0.0003208736091351,0.0003284826182611,0.0006621048903289,0.0005067852731595,0.000344871537894,0.0003512935962695,sub-2976,ses-wave2
alps_sub-2976_ses-wave3,1.4655422005099614,1.4008587332468885,1.5302256677730346,0.0005861255835449,0.0004579289763814,0.0003529026150347,0.0003923934916657,0.0006168551077662,0.0003914553837833,0.0003768421225824,0.0002820871535268,sub-2976,ses-wave3
alps_sub-299_ses-wave1,1.3356672862854295,1.2952189953528297,1.3761155772180298,0.000472225586144,0.0003957827962412,0.0003054882205518,0.0003646751923533,0.0005407125230508,0.0004504965451751,0.0003333295298495,0.0003869653964165,sub-299,ses-wave1
alps_sub-3003_ses-wave1,1.355946985049699,1.5263750540999992,1.1855189159993988,0.0005267604288787,0.0005183887673567,0.0003175653522806,0.0003671609824613,0.0005394435127587,0.0004837298568214,0.0004186361908084,0.0004444233148407,sub-3003,ses-wave1
alps_sub-3005_ses-wave1,1.9540166127824543,1.8295202842996263,2.078512941265282,0.0005961090908337,0.0004993830006791,0.0002955362172239,0.0003032503067156,0.0006927271913082,0.0005104555058068,0.0002775333645205,0.0003013337058872,sub-3005,ses-wave1
alps_sub-3005_ses-wave2,1.354581892274764,1.2965365870013847,1.4126271975481437,0.0006463981998219,0.0004296279028047,0.0004357406980162,0.0003941827406391,0.0006598057211711,0.0005049214214899,0.0004384190447478,0.0003860922946082,sub-3005,ses-wave2
alps_sub-3010_ses-wave1,1.4618689099041355,1.6145723652575512,1.30916545455072,0.000479583717029,0.0005366266610602,0.0002705487532864,0.0003588503371204,0.0005842330439218,0.0005557268235397,0.0003846017037083,0.0004861513882701,sub-3010,ses-wave1
alps_sub-3053_ses-wave1,1.5211312372378565,1.556396221328448,1.4858662531472648,0.0005117758811968,0.0005225254806254,0.0003300949558902,0.0003344539216053,0.0006120757482861,0.0004785050851646,0.0003870663010888,0.0003469034159975,sub-3053,ses-wave1
alps_sub-3053_ses-wave2,1.527927811329241,1.6119444653721342,1.4439111572863477,0.0005521624369456,0.0006091155712489,0.0003521513710346,0.0003682692347251,0.0005318047340172,0.0004581057735496,0.0003840666828703,0.0003015090899682,sub-3053,ses-wave2
alps_sub-3066_ses-wave1,1.4576948029948436,1.559484737652844,1.3559048683368429,0.0005553614802457,0.0005504770904682,0.0003329009153764,0.0003762041781291,0.0005813316336932,0.0005063891377427,0.0004298395228875,0.0003723707182853,sub-3066,ses-wave1
alps_sub-3066_ses-wave2,1.2942146515655764,1.5496340190713664,1.038795284059786,0.0004847736156401,0.0004914081199695,0.0002592807746206,0.000370662633691,0.0005149815804233,0.0004094699984979,0.0004550727498228,0.0004348538729747,sub-3066,ses-wave2
alps_sub-3066_ses-wave3,1.3691065650779346,1.4061176888884983,1.332095441267371,0.000539881047469,0.0005895671739655,0.0003805417743332,0.0004226969804024,0.0006200616442372,0.0004717724726733,0.0004593371290402,0.0003602994248329,sub-3066,ses-wave3
alps_sub-3086_ses-wave1,1.4277022639296253,1.4423147154145572,1.4130898124446931,0.0006366736741791,0.000513991291073,0.0003922609194783,0.0004055295717054,0.0006097210623364,0.0005330773696516,0.0003778811948308,0.0004308419464188,sub-3086,ses-wave1
alps_sub-3108_ses-wave1,1.331055391057525,1.375688195455644,1.2864225866594057,0.0005443343373226,0.0003560146288176,0.0003132958963099,0.0003411757849289,0.0005897655450517,0.0004673014183953,0.0004061944799007,0.0004155160329659,sub-3108,ses-wave1
alps_sub-311_ses-wave1,1.3841253329377394,1.4210280140956433,1.3472226517798356,0.0006498949369009,0.0005424484205056,0.0004251249543912,0.0004139460178762,0.0006225208376983,0.0004621353993202,0.0004017807745536,0.0004033246292084,sub-311,ses-wave1
alps_sub-311_ses-wave2,1.3135410002977053,1.1962583268861928,1.430823673709218,0.0006817554213642,0.0006198507365192,0.0005272798466201,0.0005607846028634,0.0006637699970974,0.0005756985960917,0.0004576238600023,0.0004086384307074,sub-311,ses-wave2
alps_sub-3126_ses-wave1,1.6313876235666402,1.5829705444010445,1.6798047027322365,0.0005602307846941,0.0004692229444404,0.0003025212488266,0.0003478090638729,0.0006218143629522,0.0005618971985114,0.0003787257466135,0.0003259463855327,sub-3126,ses-wave1
alps_sub-3126_ses-wave2,1.3295659503605868,1.3489779551577996,1.3101539455633735,0.0005394366873407,0.0004939790801168,0.0003505277425849,0.0004155453896751,0.000614491975736,0.0004621474742761,0.000437251479691,0.0003845141255327,sub-3126,ses-wave2
alps_sub-3126_ses-wave3,1.6355856666907642,1.7649794075854022,1.5061919257961265,0.0006333234751124,0.0005843330781745,0.0002520672918234,0.0004378311557469,0.0006381113842682,0.0005917938990174,0.0004029820669044,0.0004135840441079,sub-3126,ses-wave3
alps_sub-3131_ses-wave1,1.5558774403819906,1.6966353406582853,1.4151195401056962,0.0005011177773657,0.0004498167485684,0.0002664581151694,0.0002940244488476,0.0005702069315497,0.0005034710108661,0.0004058603728347,0.0003528585282805,sub-3131,ses-wave1
alps_sub-3131_ses-wave2,1.2585371248760822,1.29831888589873,1.2187553638534343,0.0005025349127547,0.0003822073382165,0.0003139505357706,0.0003675016564301,0.0005580704988829,0.0004547945137092,0.0004361766283545,0.0003948884423169,sub-3131,ses-wave2
alps_sub-3131_ses-wave3,1.4015614651095205,1.5167904774533287,1.2863324527657125,0.000670827555961,0.0005140804498066,0.0004109970095408,0.0003701972446301,0.000591111867439,0.0004874439184074,0.0004457626375048,0.000392710949574,sub-3131,ses-wave3
alps_sub-3137_ses-wave1,1.490607146187258,1.442134632632719,1.5390796597417973,0.0005486388260709,0.0005383352307819,0.0003685244061296,0.0003852013780356,0.0006063678935963,0.0004742025160986,0.0003615446855943,0.0003405439963366,sub-3137,ses-wave1
alps_sub-3146_ses-wave1,1.4581447304430926,1.4760668009745388,1.440222659911646,0.0005310113563937,0.0004627569347205,0.0003016348260551,0.000371619453804,0.0005609081913455,0.0004799920847953,0.0003275232669293,0.0003952123941001,sub-3146,ses-wave1
alps_sub-3146_ses-wave2,1.2473907240353728,1.2825096498803017,1.212271798190444,0.0005296411062717,0.0004350762757159,0.0003701514070513,0.000382059215362,0.0005089376937471,0.000502995117028,0.0004218610170122,0.0004128798490919,sub-3146,ses-wave2
alps_sub-3146_ses-wave3,1.1410408831310814,1.1124792202089449,1.1696025460532178,0.0005312689289223,0.0004492823870902,0.000423224519119,0.0004581863856422,0.0004824830400006,0.0004385942276498,0.0003955473307991,0.0003919657186197,sub-3146,ses-wave3
alps_sub-3163_ses-wave1,1.4964899091733956,1.6418508655138866,1.3511289528329045,0.0005558075771478,0.0005109915640857,0.0002726672945951,0.0003770866895462,0.0006068847434583,0.0004854295788806,0.0003962337073285,0.000412211941067,sub-3163,ses-wave1
alps_sub-3163_ses-wave2,1.2458287748740946,1.2652480007930789,1.2264095489551103,0.0005664139102793,0.000468292058707,0.0003864737883617,0.00043131526828,0.0005850860277674,0.0003903232367786,0.0004222252346029,0.0003731120696256,sub-3163,ses-wave2
alps_sub-3182_ses-wave1,1.494486933190731,1.5037365919921837,1.485237274389278,0.0005283033063042,0.0004106827856017,0.0003066728126374,0.0003177624088677,0.0006584605704368,0.0004815779775039,0.0003800814928122,0.0003874985885653,sub-3182,ses-wave1
alps_sub-3182_ses-wave2,1.3655251425519632,1.5650151021543968,1.1660351829495297,0.0006398491287163,0.0005178740529268,0.0003414404994291,0.0003983115835056,0.0006155203983266,0.0005302618959384,0.0004918178780071,0.0004908131017603,sub-3182,ses-wave2
alps_sub-318_ses-wave1,1.087081924077293,1.0013959974058524,1.172767850748734,0.0003764854705192,0.0003269459228246,0.000331513879921,0.0003709368939647,0.0006906041215118,0.0004208956176411,0.0005103487232229,0.0004374089582681,sub-318,ses-wave1
alps_sub-3212_ses-wave1,1.3513876941882883,1.3917779285182337,1.3109974598583432,0.0005727627750621,0.0005403976572332,0.0003574377352936,0.000442374080576,0.0005568943184058,0.0004119540404458,0.0003505475713047,0.0003884686270609,sub-3212,ses-wave1
alps_sub-326_ses-wave1,1.646513560003217,1.561960113732264,1.73106700627417,0.0005921900673088,0.0004848144801231,0.0003467354725308,0.0003427856861487,0.0006378689213865,0.0005203449066649,0.0003106564634146,0.0003584186352692,sub-326,ses-wave1
alps_sub-326_ses-wave2,1.7916208911874325,1.829364306852102,1.7538774755227629,0.0005576171857035,0.0005477797993729,0.0002890071973674,0.0003152447719839,0.0006701202115435,0.0005496764256296,0.000369892418152,0.000325593243872,sub-326,ses-wave2
alps_sub-326_ses-wave3,1.437999629909582,1.389102108817821,1.4868971510013431,0.0004915314686513,0.0004797881026463,0.0003142291266806,0.0003850136180621,0.0006758297184654,0.0004790038694871,0.0003382504863827,0.0004384229958247,sub-326,ses-wave3
alps_sub-327_ses-wave1,1.709893130351103,1.5474397110473272,1.8723465496548788,0.0004492870391419,0.0005430376316768,0.0002864218156749,0.0003548468965951,0.0005414402829294,0.0007183375821761,0.0003550359695396,0.0003177977349568,sub-327,ses-wave1
alps_sub-327_ses-wave2,1.6929554663130233,1.7005911789774864,1.68531975364856,0.0005630671342726,0.0005608619672222,0.0003658810014924,0.0002950239328554,0.0005561015790857,0.0005508631541459,0.0003565780586859,0.0003002496624839,sub-327,ses-wave2
alps_sub-3319_ses-wave1,1.2996414785489163,1.3176456430064474,1.2816373140913853,0.000531593620424,0.0005565576293677,0.0003962127291381,0.0004296172317221,0.0005912799034423,0.0005093617006735,0.0004402777073971,0.0004185000388611,sub-3319,ses-wave1
alps_sub-3319_ses-wave2,1.24460473253773,1.298076587908649,1.1911328771668104,0.0005521869294589,0.0005020856991858,0.0003902199370488,0.0004219606680596,0.0006384212401595,0.000551535098266,0.0005425851409841,0.0004564271113313,sub-3319,ses-wave2
alps_sub-3319_ses-wave3,1.2869925804838611,1.2934846565627622,1.2805005044049598,0.0006665751191986,0.0005028035939764,0.0004576994805933,0.0004463535417923,0.0006576192848993,0.0005401320005775,0.0004512046553761,0.0004841727859888,sub-3319,ses-wave3
alps_sub-3328_ses-wave1,1.2711792432964977,1.263637101650207,1.278721384942788,0.0004865007749144,0.0004417930589554,0.0003650845183466,0.000369536072215,0.0006248794482183,0.0004769176255968,0.0004133976747305,0.0004482419965763,sub-3328,ses-wave1
alps_sub-3328_ses-wave2,1.3310728600072257,1.2636373287384133,1.3985083912760377,0.000599431033141,0.0005110115943675,0.0004341892372884,0.0004445776385026,0.0006332862088423,0.0005336165628371,0.0003699346360462,0.0004644563329022,sub-3328,ses-wave2
alps_sub-3328_ses-wave3,1.1045119333720994,1.113227694675431,1.095796172068768,0.0005897555361142,0.0005265432925804,0.0004724492655542,0.0005303094998214,0.0006670883329542,0.0005110891513237,0.0005099126131322,0.0005652667991608,sub-3328,ses-wave3
alps_sub-3334_ses-wave1,1.4627793026495477,1.5243812727784452,1.4011773325206496,0.0005840795074118,0.000470330186779,0.0003308492431462,0.0003608475869184,0.0006004352363177,0.0004952869083145,0.0003657001757972,0.0004163008737495,sub-3334,ses-wave1
alps_sub-3334_ses-wave2,1.2475316140819568,1.1884746529092522,1.306588575254661,0.0005657114012237,0.0004419236166285,0.0003799822957589,0.0004678565835858,0.0005975443673943,0.0004801194690519,0.0003730874072649,0.0004517046174443,sub-3334,ses-wave2
alps_sub-3344_ses-wave1,1.3376607669792306,1.3380867062230934,1.3372348277353678,0.0005791267707621,0.000522702008256,0.0004150931589319,0.0004083428515252,0.0005936790981723,0.0005285824151081,0.0003888830571841,0.000450357358937,sub-3344,ses-wave1
alps_sub-3350_ses-wave1,1.4768604561484608,1.3761415009641602,1.5775794113327617,0.0004984335511547,0.0004617375041262,0.0003742992574098,0.0003234277238695,0.000524666022892,0.0004739524233704,0.0003283752436029,0.000304631525558,sub-3350,ses-wave1
alps_sub-335_ses-wave1,1.325906716227386,1.4014360138604496,1.2503774185943222,0.0005158812054826,0.0005151245326006,0.0003301667769424,0.0004055112903303,0.0005358540582279,0.0004792703923234,0.0003941790400061,0.0004176753932677,sub-335,ses-wave1
alps_sub-335_ses-wave2,1.36045832385595,1.413501638779214,1.307415008932686,0.0006017537663209,0.000535968932712,0.0004399175408139,0.0003649790845734,0.0006142942220934,0.0004972402286235,0.0004313681718797,0.0004188090427939,sub-335,ses-wave2
alps_sub-335_ses-wave3,1.2318240044871285,1.2752320870069045,1.188415921967353,0.0005598222166259,0.0005460008558371,0.0004364561146026,0.00043069825183,0.0005868237087055,0.0004637055965272,0.000430899437829,0.0004530750073245,sub-335,ses-wave3
alps_sub-3377_ses-wave1,1.5218123639320984,1.7152117253699928,1.328413002494204,0.0005787445372004,0.0005354873166582,0.0002902461795589,0.0003593714958439,0.0005864787000267,0.0004378231816208,0.0003550284703235,0.0004160433873926,sub-3377,ses-wave1
alps_sub-3392_ses-wave1,1.5072041244905137,1.60788559953831,1.406522649442717,0.0005280394504907,0.0005146788251265,0.0002560117182992,0.0003924910582145,0.0005430408264772,0.0003450398616349,0.0002876442587162,0.0003437573674601,sub-3392,ses-wave1
alps_sub-3406_ses-wave1,1.2838759948174925,1.366586573337356,1.2011654162976286,0.0005563033329695,0.0004376185245554,0.0003667551189992,0.000360547400224,0.000470049057444,0.0004187942868227,0.0003513381988917,0.0003886459300273,sub-3406,ses-wave1
alps_sub-3457_ses-wave1,1.5248083252369191,1.4287698636590984,1.62084678681474,0.0005288250482909,0.0004385007275177,0.0003344544981783,0.0003425795017769,0.0006514782863058,0.000549336391494,0.0003773277206171,0.0003635286561657,sub-3457,ses-wave1
alps_sub-3457_ses-wave2,1.54996600618906,1.6170344045159917,1.4828976078621283,0.0005421151647215,0.0005542004855234,0.000309857038731,0.0003681221354803,0.0006582887301612,0.0005715247278598,0.0003605093445483,0.0004688219939748,sub-3457,ses-wave2
alps_sub-3457_ses-wave3,1.7594361304186106,1.8269259969291167,1.691946263908104,0.0006295504729344,0.0005530999236373,0.0002560665028847,0.000391277942681,0.0006855694533482,0.0005897297881131,0.0003966021883749,0.0003571447057584,sub-3457,ses-wave3
alps_sub-3462_ses-wave1,1.3697529490825353,1.4680073573698094,1.2714985407952613,0.0004219106343848,0.0004350231811563,0.0002379859259684,0.0003457535295861,0.0005214409892025,0.0003818288017506,0.0003414608015221,0.0003689370180366,sub-3462,ses-wave1
alps_sub-3531_ses-wave1,1.5633774907294111,1.5176311751061513,1.6091238063526712,0.0005019199115068,0.0004924688139661,0.0003286738203867,0.0003265504144498,0.000622124755397,0.0005262712932619,0.0003655829321428,0.0003480949365986,sub-3531,ses-wave1
alps_sub-3531_ses-wave2,1.5095688416857675,1.421094861236612,1.5980428221349232,0.0004708380776715,0.0004862251793337,0.000318122396553,0.0003553465484916,0.0006476173262314,0.0005638508262586,0.0003890872136965,0.0003690077107383,sub-3531,ses-wave2
alps_sub-3531_ses-wave3,1.5060590321518,1.5426921304995904,1.4694259338040092,0.0005847404578055,0.0005685736177639,0.0003872344241467,0.0003603639156438,0.0006136539822871,0.0005564462147951,0.0003578064564023,0.0004384910432975,sub-3531,ses-wave3
alps_sub-3537_ses-wave1,1.4968526248924283,1.5089247438940143,1.4847805058908428,0.0006369458665891,0.0005181031106755,0.0004062225911003,0.0003592555958925,0.0006870793122861,0.0005116369436293,0.0004173582982761,0.0003899773659245,sub-3537,ses-wave1
alps_sub-3537_ses-wave3,1.4334604855703996,1.5216720423588823,1.3452489287819167,0.0007981239926121,0.0006289769208937,0.0005087752216788,0.0004290752965534,0.0007233742420269,0.0005348742427748,0.0005093297950027,0.0004259978294102,sub-3537,ses-wave3
alps_sub-3571_ses-wave1,1.5677630246631078,1.7683661598890723,1.3671598894371433,0.0005648973729966,0.0004395524930635,0.0002691647546218,0.0002988453605022,0.0005225048644481,0.0004926861953738,0.0003872781985514,0.000355276544069,sub-3571,ses-wave1
alps_sub-3571_ses-wave3,1.4917456124085722,1.5932678290741038,1.3902233957430408,0.0005326654922351,0.0005542221144115,0.0002883177024365,0.0003938573762369,0.0005531152580821,0.0004798954470314,0.000405899447144,0.0003371543011073,sub-3571,ses-wave3
alps_sub-3608_ses-wave1,1.1868737445032054,1.3503682965259811,1.0233791924804296,0.0005682739388454,0.0005089264617932,0.0003269031487321,0.0004708054492925,0.0005133748180053,0.0003266909976892,0.0004151640337532,0.0004057104005397,sub-3608,ses-wave1
alps_sub-3608_ses-wave2,1.1161841926011786,1.1823355758882246,1.0500328093141325,0.0005182284385938,0.0004788960078392,0.0003678632399431,0.0004754882304582,0.0005222138028358,0.0004250561138562,0.0004531888142283,0.0004489448222537,sub-3608,ses-wave2
alps_sub-3608_ses-wave3,1.2266575502866754,1.30079577162602,1.1525193289473308,0.0005858899602439,0.0006238570180011,0.000396943499049,0.0005330618135704,0.0006254146172896,0.0004130621245132,0.0004741089909412,0.0004269403153219,sub-3608,ses-wave3
alps_sub-360_ses-wave1,1.4601726520899283,1.4055540522921772,1.5147912518876798,0.0004803483300923,0.000513917175391,0.000329913477237,0.0003774698523915,0.0007010772195878,0.00062603297005,0.0004644476637417,0.0004116533752522,sub-360,ses-wave1
alps_sub-360_ses-wave2,1.5675098102080194,1.5238870361475132,1.6111325842685256,0.0006321448588068,0.0005415490206234,0.0003433665400073,0.0004268308903726,0.0006730587135916,0.0005343297540946,0.0004112738620146,0.0003381296814773,sub-360,ses-wave2
alps_sub-360_ses-wave3,1.488443054172096,1.4773473451306731,1.4995387632135186,0.0006845297640106,0.0005217683091028,0.0004169572537502,0.0003995725062208,0.0005098244736979,0.0004747217178137,0.0002925215539189,0.0003640444620217,sub-360,ses-wave3
alps_sub-361_ses-wave1,1.666408970106429,1.8023533599327657,1.5304645802800927,0.0005499957051413,0.000606453463619,0.0002957677656698,0.0003458651096967,0.0006142161596454,0.0005886488415227,0.0004581366507159,0.0003278109737289,sub-361,ses-wave1
alps_sub-361_ses-wave3,1.1747005390548395,1.2624184260331954,1.086982652076484,0.0004485029982687,0.0004839965443385,0.0003651773492767,0.0003734838769676,0.0005987409398814,0.0005117358908495,0.0004869464739072,0.0005346676508532,sub-361,ses-wave3
alps_sub-3639_ses-wave1,1.4672430930455804,1.5065895087292915,1.427896677361869,0.0004070971951914,0.000501750577405,0.0002599215070369,0.0003433269341147,0.0004671655635665,0.000448307318005,0.000284526456078,0.0003566073851064,sub-3639,ses-wave1
alps_sub-3639_ses-wave2,1.2747400306170478,1.224868418107414,1.3246116431266814,0.0005109408240922,0.0004644581026837,0.000344945291821,0.0004513842668128,0.0005566669816509,0.0003666850775657,0.0003579473983206,0.0003391263923317,sub-3639,ses-wave2
alps_sub-3653_ses-wave1,1.6140537805430966,1.7624496688072009,1.4656578922789925,0.0005320606651946,0.0004580935846701,0.0002557062343556,0.0003060994542771,0.000538074971565,0.0005334717505362,0.0003042397982001,0.00042686309269,sub-3653,ses-wave1
alps_sub-3653_ses-wave2,1.366181744078025,1.397038723758498,1.335324764397552,0.0005021427417306,0.0004046765338093,0.000336151550178,0.0003129494805366,0.0005443309073548,0.0004565938841345,0.0003624981121003,0.0003870759377309,sub-3653,ses-wave2
alps_sub-3653_ses-wave3,1.4091274508916585,1.4276092622680432,1.3906456395152735,0.0005601992494589,0.0004995834322771,0.000345086658231,0.000397261202452,0.0006289585950031,0.0004620021281522,0.0003827699080839,0.0004017295302745,sub-3653,ses-wave3
alps_sub-3658_ses-wave1,1.575852762702863,1.5691741615138208,1.5825313638919047,0.0005358265300706,0.0005632503480245,0.0002745503489419,0.0004258670457943,0.0006155328944839,0.0004845913320598,0.0004313287254897,0.0002638386826545,sub-3658,ses-wave1
alps_sub-3658_ses-wave2,1.416335091882174,1.4677842719099965,1.364885911854352,0.0004841059266959,0.000529441979178,0.0002981455603817,0.0003923836442643,0.0006158774852767,0.0004370685057825,0.0003825428459875,0.0003889106373506,sub-3658,ses-wave2
alps_sub-3658_ses-wave3,1.5302877033690034,1.540559813233907,1.5200155935041,0.0006278528100754,0.0005905414296619,0.0003430104480536,0.0004478671467472,0.0006781879238511,0.000550214106894,0.0004046398989979,0.0004035110410284,sub-3658,ses-wave3
alps_sub-3660_ses-wave1,1.5514583257662329,1.4816070162563986,1.6213096352760674,0.0006281417994693,0.0004662687854636,0.00036110380061,0.00037756075276,0.0006428228960607,0.0005506046351681,0.0003820797913267,0.0003540088035119,sub-3660,ses-wave1
alps_sub-3660_ses-wave2,1.448376078683657,1.4563228006558016,1.4404293567115125,0.0005377312420589,0.0004780046960325,0.0003426992232281,0.0003547669825018,0.0005839682813276,0.0005199197134585,0.000410323379354,0.0003560370045431,sub-3660,ses-wave2
alps_sub-3660_ses-wave3,1.3977801163165535,1.4160243397974517,1.3795358928356554,0.0005443351373604,0.0004664771415865,0.0003256237107786,0.0003882144984512,0.0006130783934615,0.0005985931657659,0.0004419308765564,0.000436387379257,sub-3660,ses-wave3
alps_sub-3693_ses-wave1,1.4360051007133985,1.4431277192473817,1.4288824821794153,0.0005210668606249,0.0004994962592885,0.0003274193261216,0.0003797690303224,0.0005482050828788,0.0005065108332635,0.0003727406846218,0.0003653997358091,sub-3693,ses-wave1
alps_sub-3693_ses-wave2,1.3933030354364715,1.5150208708703234,1.2715852000026195,0.0004771951272463,0.0004616757593899,0.0002806380202223,0.0003390701994386,0.0004896984914589,0.0004323911930455,0.0003242077797384,0.0004009419660297,sub-3693,ses-wave2
alps_sub-3727_ses-wave1,1.5958006938970757,1.612862680416281,1.57873870737787,0.0005375264654877,0.0005133833914795,0.0002860928501246,0.0003654876407179,0.0005321219432854,0.0005502918868579,0.0003285010589906,0.0003571183060664,sub-3727,ses-wave1
alps_sub-3727_ses-wave2,1.4762082551478546,1.5318782269555875,1.420538283340122,0.0004814192690791,0.000473933612781,0.0002889318536378,0.000334716204706,0.0006037753110806,0.0005445113027237,0.0004384306595231,0.0003699154634017,sub-3727,ses-wave2
alps_sub-3744_ses-wave1,1.491805582306767,1.400941616766748,1.582669547846786,0.0005058812431998,0.0004889470137082,0.0003382252498871,0.0003718887512973,0.0004972553828037,0.000365965103499,0.0003244871853276,0.000220933359016,sub-3744,ses-wave1
alps_sub-3744_ses-wave2,1.3467081136098482,1.428627777227194,1.2647884499925022,0.0005796163807629,0.0005346576264339,0.0003235712389249,0.0004563898012835,0.0004970899798932,0.0003710208674819,0.0003687078700846,0.000317660547796,sub-3744,ses-wave2
alps_sub-3744_ses-wave3,1.2650695979693884,1.350045048484947,1.1800941474538298,0.0005348317064665,0.0005178488354022,0.0003274242444915,0.0004523131006067,0.0005368423716122,0.0004667001869945,0.0004099928059595,0.000440399140117,sub-3744,ses-wave3
alps_sub-381_ses-wave1,1.5734138623258611,1.6314432586506906,1.515384466001032,0.0004569227667921,0.0004224983491712,0.0002545924752979,0.0002844523926741,0.0006025675784137,0.0004822650067216,0.0003696846077316,0.0003461948337398,sub-381,ses-wave1
alps_sub-3841_ses-wave1,1.385944813875072,1.3734808782553336,1.3984087494948108,0.0005984892335926,0.0004492513149911,0.0003606109281023,0.0004022249913279,0.0005784230775874,0.000511876694454,0.0003941285663065,0.0003855431658928,sub-3841,ses-wave1
alps_sub-3846_ses-wave1,1.4864300452998291,1.575053995554819,1.3978060950448394,0.0005489533807776,0.0005442546902812,0.0002969839567627,0.0003970926108623,0.0005996058031039,0.0005615919443087,0.0003775080620595,0.0004532207146492,sub-3846,ses-wave1
alps_sub-3846_ses-wave2,1.5461702605100265,1.5769882276669671,1.5153522933530854,0.0005504379932409,0.0006271141523929,0.000334011360097,0.0004126981745556,0.0006544489204311,0.0005982237921262,0.0003780066532088,0.0004486477941114,sub-3846,ses-wave2
alps_sub-3863_ses-wave1,1.5526770041682918,1.6385371097126178,1.4668168986239658,0.0004870474526592,0.0004307974413005,0.0002263890461018,0.0003337721418988,0.0006809163177734,0.0005707686036011,0.0004317687397388,0.0004215653897962,sub-3863,ses-wave1
alps_sub-3863_ses-wave2,1.2432974040852078,1.3910760231006662,1.0955187850697494,0.0005390531659426,0.0004107223929048,0.0003023085701335,0.0003804546599669,0.0005097257138783,0.0003939163885356,0.0004197422945091,0.0004051108387545,sub-3863,ses-wave2
alps_sub-3863_ses-wave3,1.2199475583823232,1.2385720367466797,1.2013230800179668,0.0005515061870443,0.000432137239876,0.0003454885372185,0.0004486868500315,0.0005705211464553,0.0004974886869807,0.0004429758351439,0.0004460521467542,sub-3863,ses-wave3
alps_sub-3898_ses-wave1,1.66152825002555,2.0142803807910044,1.3087761192600955,0.0005569940901029,0.0004729484631174,0.0002327647404327,0.0002785556115115,0.0005779959737026,0.0004863489365151,0.0004160311500275,0.0003972056553776,sub-3898,ses-wave1
alps_sub-3898_ses-wave2,1.2791818654479352,1.2851178335809297,1.2732458973149408,0.0005133369283369,0.0004554973243309,0.0003320313207632,0.0004218561651556,0.0006015417655628,0.0004917657360674,0.0004223389450694,0.0004363384745366,sub-3898,ses-wave2
alps_sub-3899_ses-wave1,1.1069479915641849,1.2451187198802507,0.9687772632481187,0.0005769105800936,0.0003827584175133,0.0003679790100752,0.0004027659657125,0.0005479122641655,0.0003956812382079,0.0004218083707618,0.0005521962205615,sub-3899,ses-wave1
alps_sub-3899_ses-wave2,1.199575343095233,1.2354431310321623,1.1637075551583032,0.0005701777363255,0.0004151796317062,0.0003475630056776,0.0004500110333706,0.0006207325289119,0.000371242079669,0.0004215544779266,0.0004308715497157,sub-3899,ses-wave2
alps_sub-3911_ses-wave1,1.6871618481007762,1.7402057401435036,1.6341179560580488,0.0005638578789591,0.0005185040193962,0.000295537188031,0.0003264363369305,0.0006839183777904,0.000557756466363,0.00045401634545,0.0003058277279537,sub-3911,ses-wave1
alps_sub-3911_ses-wave2,1.473454914577097,1.459679251828715,1.4872305773254788,0.0005289539796986,0.0004359001015282,0.0003233172451533,0.0003376869309476,0.0005909274596326,0.0004857480382292,0.000303058605172,0.0004208879800294,sub-3911,ses-wave2
alps_sub-3911_ses-wave3,1.6324575349553705,1.6822580985976632,1.5826569713130774,0.0006364278387039,0.000568843071948,0.0003560066012287,0.0003604535612497,0.0006369289646529,0.0005084501392499,0.0003695613002075,0.0003541451786212,sub-3911,ses-wave3
alps_sub-3946_ses-wave1,1.3393975995990888,1.432502973189733,1.2462922260084446,0.0004818741933368,0.0004167708363201,0.0002848646578328,0.0003424604133717,0.0005354070895626,0.0004973585420559,0.0004428263322506,0.0003858441914565,sub-3946,ses-wave1
alps_sub-3946_ses-wave2,1.238734708689537,1.3570807904234117,1.1203886269556629,0.0005578991160929,0.0004556159404071,0.0003446101392928,0.0004022245839249,0.0005657508006027,0.0004870203106697,0.0005013656585195,0.0004382825010062,sub-3946,ses-wave2
alps_sub-3946_ses-wave3,1.2473400364053848,1.264374062821713,1.2303060099890564,0.0005535906068774,0.0005502139204921,0.0003899174652379,0.0004830872568822,0.0007161087521159,0.0006024199933542,0.0005858656931829,0.0004858422678974,sub-3946,ses-wave3
alps_sub-3983_ses-wave1,1.6641652600462822,1.7436522265725596,1.5846782935200048,0.0005649888001553,0.0005543048581936,0.0003309963240858,0.0003109285054709,0.0006414534552641,0.0005454303880422,0.0004264391906538,0.0003225354423424,sub-3983,ses-wave1
alps_sub-4030_ses-wave1,1.556047581350888,1.529862792481936,1.58223237021984,0.0004937210735547,0.0005243203643889,0.0003029606409481,0.0003624855957643,0.0006201599869544,0.0005370501170777,0.0003906077598082,0.000340770339776,sub-4030,ses-wave1
alps_sub-4104_ses-wave1,1.499495723911398,1.4310846250692568,1.5679068227535389,0.0004744185216829,0.000469323956223,0.0002855296419489,0.0003739299465154,0.0005615196085925,0.0005491165484676,0.0003746880421564,0.000333667927052,sub-4104,ses-wave1
alps_sub-4104_ses-wave2,1.4255364513361823,1.3932889936724528,1.4577839089999118,0.0005302463232678,0.0006160284992272,0.0003989284571443,0.0004237830030773,0.0005776165144034,0.0005203659730633,0.0004026627434682,0.0003505232950715,sub-4104,ses-wave2
alps_sub-4129_ses-wave1,1.4733876922551985,1.5461663453756544,1.400609039134742,0.0006906270031096,0.0004880856652025,0.0003531257871396,0.0004092195270224,0.0006592629051315,0.0005186901335462,0.0004457611980732,0.000395267958361,sub-4129,ses-wave1
alps_sub-4165_ses-wave1,1.4155052266928023,1.471744416233334,1.359266037152271,0.0005948060158181,0.0005110163431667,0.0003706111066038,0.0003807573693269,0.0006020552689037,0.000453076204115,0.0004185328210935,0.0003577180703281,sub-4165,ses-wave1
alps_sub-4169_ses-wave1,1.5803081419557627,1.71359257261219,1.4470237112993354,0.000596196729584,0.0005606306913055,0.0003302528807722,0.0003448360752484,0.0005818066618455,0.0005265861507082,0.0003788962555725,0.000387084843354,sub-4169,ses-wave1
alps_sub-4169_ses-wave2,1.7326946137508303,1.999757799637222,1.465631427864439,0.0006068242714999,0.0006140365275834,0.0002820254855627,0.0003284788461642,0.0005972930419308,0.0005586368996712,0.0004304184898483,0.0003582722543767,sub-4169,ses-wave2
alps_sub-4172_ses-wave1,1.3738351772479556,1.653053889339787,1.0946164651561243,0.000482958306884,0.0003636598758491,0.0002317324632279,0.0002804215495316,0.0005774160695534,0.0003937500837718,0.0004065148608763,0.0004807056261522,sub-4172,ses-wave1
alps_sub-4172_ses-wave2,1.4794369622376742,1.5812289009308331,1.377645023544515,0.0005194487154565,0.0003829944416741,0.0001968476388964,0.0003738750165011,0.0006442076181839,0.0003559576511684,0.0003272842168011,0.0003987121409391,sub-4172,ses-wave2
alps_sub-4195_ses-wave1,1.374245641107622,1.41684325864227,1.331648023572974,0.0006041164349701,0.0004320187122597,0.0003594778755545,0.0003718204814865,0.0006455265763493,0.0003988363852866,0.0003851940377654,0.0003990694786808,sub-4195,ses-wave1
alps_sub-4196_ses-wave1,1.335587999539282,1.4386597402165302,1.232516258862034,0.0004983464377366,0.0004814868533294,0.00033627357265,0.0003448001125833,0.000478518752295,0.0004897320731416,0.0004418403737052,0.0003437483099934,sub-4196,ses-wave1
alps_sub-4196_ses-wave2,1.6246738619423455,1.484410821860205,1.7649369020244858,0.0005446870818006,0.0005720334591618,0.0003404937986566,0.0004118050424169,0.0005290654416168,0.0005546787746358,0.0002578164142909,0.0003562249233962,sub-4196,ses-wave2
alps_sub-4196_ses-wave3,1.627749300096681,1.6630051629982228,1.592493437195139,0.0006257716408382,0.0005875652874793,0.0002872286055669,0.0004423764223153,0.0006394274773383,0.0005023572927181,0.0003970591406295,0.0003199201218204,sub-4196,ses-wave3
alps_sub-419_ses-wave1,1.6161344155709618,1.7286558807783212,1.5036129503636029,0.000575305600144,0.0005191324430526,0.0003401784037189,0.0002929366398048,0.000680255306989,0.0004813452808021,0.0003826381467126,0.000389901480264,sub-419,ses-wave1
alps_sub-419_ses-wave2,1.321724198361874,1.2566717392132567,1.3867766575104912,0.0006567590993305,0.0004860729992414,0.0004902375188115,0.0004191742733939,0.0007867102779018,0.0004659795379008,0.0004640800676551,0.0004392303601764,sub-419,ses-wave2
alps_sub-4240_ses-wave1,1.375721717910113,1.506228661625675,1.245214774194551,0.0005382729717368,0.0004245192139863,0.0003402496945693,0.0002989574923951,0.0005048440028238,0.0003897791050117,0.0003741823831758,0.0003442664550289,sub-4240,ses-wave1
alps_sub-4240_ses-wave2,1.315716317573295,1.4184595064784744,1.2129731286681165,0.0006516870133679,0.0004880132824849,0.000418115203993,0.0003853622944111,0.0004484570771803,0.0003679786382735,0.0003293670412896,0.000343719357871,sub-4240,ses-wave2
alps_sub-4245_ses-wave1,1.6516273068078586,1.8252880877223487,1.4779665258933683,0.0005524717355128,0.0005187113138365,0.0002771057236529,0.0003097512533659,0.0005454272809743,0.0005163915770932,0.0003179937710558,0.0004004385069862,sub-4245,ses-wave1
alps_sub-4288_ses-wave1,1.3799404845516148,1.429442274237268,1.3304386948659617,0.0005143218906029,0.0005603060310609,0.0003525757930853,0.0003992054722597,0.0006251361457166,0.00051391785286,0.0004273540057025,0.0004287951749941,sub-4288,ses-wave1
alps_sub-4288_ses-wave2,1.379713863153755,1.513209447463371,1.2462182788441396,0.0005704952552921,0.0005806055851329,0.0003163208162591,0.0004443807788535,0.0005832256208756,0.0004508179226608,0.0004079721633026,0.0004217729632858,sub-4288,ses-wave2
alps_sub-4301_ses-wave1,1.6446726806319898,1.8554615402626216,1.4338838210013578,0.000586252081751,0.0005420894623115,0.0002825370005923,0.0003255820682097,0.0005590434218702,0.0005128361700398,0.0003931971080901,0.0003543387635131,sub-4301,ses-wave1
alps_sub-4301_ses-wave2,1.5706154402661918,1.694389385836934,1.4468414946954498,0.0005950490708244,0.0005697086427332,0.0003662925244976,0.0003211278071532,0.0005662411950688,0.000535492937189,0.0003957360293923,0.0003657393197023,sub-4301,ses-wave2
alps_sub-4312_ses-wave1,1.5700468389053848,1.6404047819693617,1.499688895841408,0.0006053712294735,0.0005495352040873,0.0002998522108145,0.0004041852598482,0.0005971500897829,0.000558832360055,0.0003719403781185,0.0003988744575739,sub-4312,ses-wave1
alps_sub-4312_ses-wave2,1.4394847560719009,1.57857400855285,1.3003955035909518,0.0005180941017893,0.0005323752950208,0.0002994516698252,0.0003660029690568,0.000594706287272,0.0005296994219542,0.0004246729776706,0.0004399914310582,sub-4312,ses-wave2
alps_sub-4312_ses-wave3,1.2978871510271066,1.2377583651220745,1.358015936932139,0.0004452575749245,0.0004940042255397,0.0003631287452367,0.0003957122587355,0.0005941067098433,0.0005051888773054,0.0003971902652572,0.0004122962490411,sub-4312,ses-wave3
alps_sub-4315_ses-wave1,1.2994966842430404,1.4180284729598267,1.180964895526254,0.0005054278300662,0.000452702476714,0.0002755320698488,0.000400145693363,0.000604544809772,0.000391552183889,0.0003538267237949,0.0004896335665444,sub-4315,ses-wave1
alps_sub-4315_ses-wave2,1.312921904818477,1.3607862121024903,1.2650575975344636,0.0004551382163926,0.0003707988504048,0.000308014050565,0.0002989417367965,0.0006967784648152,0.0004037535935138,0.0004252634104516,0.0004446827963249,sub-4315,ses-wave2
alps_sub-4315_ses-wave3,1.079652890051077,1.0339583647495951,1.1253474153525582,0.0004290836713696,0.0003812822221368,0.0003055898886345,0.0004781611028309,0.000600317489046,0.0003959655422199,0.00041533961498,0.0004699719054217,sub-4315,ses-wave3
alps_sub-4362_ses-wave1,1.4132942457091375,1.4813385846799094,1.3452499067383656,0.0004933489005254,0.0004203398779257,0.0002995748392722,0.0003172245797806,0.0005666011682295,0.0004965705737683,0.0003976441644471,0.0003926712532848,sub-4362,ses-wave1
alps_sub-4394_ses-wave1,1.395717556864434,1.3956769141303298,1.3957581995985384,0.0006170872145537,0.0004566545076897,0.0003870266827391,0.000382307331009,0.0005942300615362,0.0004416449865005,0.0003647122635297,0.0003774471221967,sub-4394,ses-wave1
alps_sub-4394_ses-wave2,1.2936892709484331,1.339659380121851,1.2477191617750152,0.0006107548933953,0.0004826784139314,0.0003976757770449,0.0004185267021459,0.0005860340257601,0.0004131251176128,0.0004008369508689,0.0003999515390277,sub-4394,ses-wave2
alps_sub-4394_ses-wave3,1.1069444477217274,1.0989975524092066,1.1148913430342482,0.0004910032411957,0.0004764942823646,0.0004306635540735,0.0004496819220736,0.0005217686519795,0.0004353247952064,0.0004443846577707,0.0004140787729176,sub-4394,ses-wave3
alps_sub-4398_ses-wave1,1.3015498581784826,1.342529536144966,1.2605701802119988,0.000475443687079,0.00042162545468,0.0002579299961561,0.0004102632298453,0.0005478896020464,0.0004499284461679,0.0003577377872913,0.0004338230983125,sub-4398,ses-wave1
alps_sub-4507_ses-wave1,1.6920208662151484,1.5611691955022944,1.8228725369280023,0.0004749174655574,0.0005457814399071,0.00028997364623,0.000363830507993,0.0007473650459079,0.000640517812155,0.0003932793005604,0.0003680920130926,sub-4507,ses-wave1
alps_sub-4539_ses-wave1,1.3647292273105285,1.4556677290442233,1.2737907255768337,0.0005710839805252,0.00051018335578,0.0003105332802385,0.0004322648973478,0.0005694472913737,0.0004923892532861,0.0004029714255768,0.0004306321824091,sub-4539,ses-wave1
alps_sub-4556_ses-wave1,1.3631366115966612,1.5445788582820932,1.1816943649112293,0.0005629206439894,0.0004597750427347,0.0003273559083271,0.0003347635304055,0.0006010398461486,0.0004809092451332,0.0004418405479811,0.0004737507617591,sub-4556,ses-wave1
alps_sub-4565_ses-wave1,1.2406287211551523,1.3416480959557322,1.1396093463545725,0.0005555630042464,0.0004278983377411,0.0003587193919013,0.0003743054191143,0.000633961332836,0.0004136277656235,0.0004296400167662,0.0004896127972008,sub-4565,ses-wave1
alps_sub-4565_ses-wave2,1.2397600812275544,1.3470171025596998,1.132503059895409,0.0005246050854496,0.0004404214060878,0.0003404800850494,0.0003759373158163,0.0007297940567895,0.0004015556731885,0.0004947920568525,0.000504189553036,sub-4565,ses-wave2
alps_sub-4575_ses-wave1,1.4682450802432576,1.5945408551618538,1.3419493053246614,0.0005342560773282,0.0005212683413609,0.0003085680705714,0.000353393280417,0.0005941883091652,0.0004961543439695,0.0004083106046096,0.000404195984729,sub-4575,ses-wave1
alps_sub-4581_ses-wave1,1.4356454580410487,1.6252834279975965,1.2460074880845011,0.0005851629449355,0.0005010781551378,0.0002983335825673,0.0003700059090939,0.0006193853072547,0.0004460448415065,0.0004246613682294,0.000430413869239,sub-4581,ses-wave1
alps_sub-4581_ses-wave2,1.3067506332140546,1.3532720290314648,1.2602292373966444,0.0006119392885645,0.0005150745397798,0.0003735668297377,0.0004592397340326,0.0006490041428417,0.0004750080875102,0.0004163077636436,0.0004756031657314,sub-4581,ses-wave2
alps_sub-4581_ses-wave3,1.307702080849699,1.429408858345582,1.1859953033538162,0.0006877639494505,0.0005703885268695,0.0003756306105434,0.0005045601543132,0.000689946707883,0.000486027406131,0.000452839404194,0.0005387109929184,sub-4581,ses-wave3
alps_sub-4586_ses-wave1,1.1635764355413412,1.1581253568852203,1.1690275141974618,0.0005646501216464,0.0004443226703293,0.0004085570066063,0.0004626550655388,0.0004753982787122,0.0003609445132352,0.0003494165416115,0.0003660010014234,sub-4586,ses-wave1
alps_sub-458_ses-wave1,1.5031756995076748,1.5796317373542066,1.426719661661143,0.0005463416875402,0.0004196591293062,0.0003080228845732,0.0003035125727128,0.0006232082432337,0.0004749737415298,0.0003760818028927,0.0003936433325168,sub-458,ses-wave1
alps_sub-4613_ses-wave1,1.2438283589579435,1.3192896314253848,1.168367086490502,0.0005525607856725,0.0004886423676155,0.0003767267030484,0.0004124882869633,0.0005372958447471,0.0004187111026954,0.0004041751294043,0.0004140668071382,sub-4613,ses-wave1
alps_sub-4613_ses-wave2,1.2786548390866668,1.327427589846867,1.2298820883264665,0.0005902518738694,0.0005561057586748,0.0003430166919482,0.0005205766530391,0.0005587816402182,0.0005142003404662,0.0003960380762364,0.0004763886310624,sub-4613,ses-wave2
alps_sub-4615_ses-wave1,1.4486368404858012,1.5361780809476595,1.361095600023943,0.0005613329587056,0.0004786368680114,0.0003037295453877,0.0003732556554918,0.0005068543090491,0.0003897114989567,0.0003949249878777,0.0002637839286672,sub-4615,ses-wave1
alps_sub-4615_ses-wave2,1.351765088385405,1.4208369486635348,1.2826932281072752,0.0006205715979644,0.0005161552563187,0.000418557482883,0.0003814828421889,0.000591094383446,0.000494824384504,0.0004689306757838,0.0003776620590608,sub-4615,ses-wave2
alps_sub-4629_ses-wave1,1.6392237618158565,1.6889438765230371,1.5895036471086754,0.0005762444597096,0.0004697805943741,0.0003030615401265,0.0003162752351351,0.0006474024835251,0.0005970744275429,0.0004260003631798,0.0003569339278686,sub-4629,ses-wave1
alps_sub-4641_ses-wave1,1.273471055183633,1.4175199112381869,1.1294221991290796,0.0005029364595641,0.0004596729941086,0.0003646777391613,0.0003144022836596,0.0005450817995906,0.0004088827628681,0.0004057686532384,0.0004388796662246,sub-4641,ses-wave1
alps_sub-4641_ses-wave2,1.250741473005744,1.2811955123752632,1.220287433636225,0.0004263039425509,0.0004748352693717,0.0003536435043885,0.0003497145726718,0.0005803862976436,0.0004594684872457,0.0004101792493113,0.0004419599731591,sub-4641,ses-wave2
alps_sub-4641_ses-wave3,1.313210804184012,1.4179110063209832,1.2085106020470409,0.0005301227624324,0.0004602508946571,0.0003152148598316,0.0003832589179121,0.0006013311610535,0.0004241068070648,0.0004330201416166,0.0004154936954828,sub-4641,ses-wave3
alps_sub-4658_ses-wave1,1.375865566454567,1.4127825243570211,1.3389486085521127,0.0006309913859995,0.0005233834021005,0.0004112149420612,0.0004058781123885,0.0006592930380481,0.0005013626804415,0.0005442108806665,0.0003226302445838,sub-4658,ses-wave1
alps_sub-4658_ses-wave2,1.1547773187015689,1.0671288180297225,1.2424258193734152,0.0005476423409644,0.0005460719034699,0.0005327883769553,0.0004921246663019,0.000705930068485,0.0004581675827589,0.0005290343351097,0.0004079211217811,sub-4658,ses-wave2
alps_sub-4659_ses-wave1,1.546503894986192,1.5491183157757873,1.5438894741965967,0.0005747009327738,0.0005360159633733,0.0003608214081471,0.0003561779874677,0.0006742657072559,0.0005247074218046,0.000426876721101,0.0003497158712439,sub-4659,ses-wave1
alps_sub-4660_ses-wave1,1.4064143962986817,1.4403621284173378,1.3724666641800252,0.0006202425364097,0.0005930689618135,0.0004461035539683,0.0003962620388819,0.0006370103662432,0.0005177375604618,0.0004662574815299,0.0003751093486035,sub-4660,ses-wave1
alps_sub-466_ses-wave1,1.5289956474738151,1.561299060980592,1.4966922339670383,0.0005623213209552,0.0004072252153615,0.0003296709617775,0.0002913161127345,0.0006113639610021,0.0005546446143495,0.0004507414833141,0.0003283155257953,sub-466,ses-wave1
alps_sub-466_ses-wave2,1.57037133463353,1.501037205360093,1.6397054639069664,0.0005287868519393,0.0004643170431032,0.0003466934743257,0.0003149183041807,0.0006182310442486,0.0005105900569678,0.0003810201285547,0.0003074090595305,sub-466,ses-wave2
alps_sub-466_ses-wave3,1.635123845316782,1.4711193149980577,1.7991283756355068,0.0005213321908607,0.0004575609042558,0.0003099511431769,0.0003554558602773,0.0005627882856947,0.0005082383726581,0.0002663589317745,0.0003289441454583,sub-466,ses-wave3
alps_sub-4679_ses-wave1,1.4674088129243166,1.6198631657694584,1.314954460079175,0.000570230557622,0.0005024400138125,0.0003019762571603,0.0003602220038421,0.0004047729669569,0.0003134982216927,0.0003150719275838,0.0002311608207399,sub-4679,ses-wave1
alps_sub-4679_ses-wave2,1.3101963419433371,1.3279362480239745,1.2924564358627002,0.0004493804830506,0.0004680749920239,0.0003118948224395,0.0003789933707547,0.0005463331653504,0.0004088368342761,0.0003462161249741,0.0003928184553202,sub-4679,ses-wave2
alps_sub-4679_ses-wave3,1.5530829894968652,1.5108784799388906,1.5952874990548396,0.0005694633505367,0.0005333223367377,0.0003513808860723,0.0003785161254458,0.0005944100023601,0.0005062264976366,0.000323169153908,0.0003667607180735,sub-4679,ses-wave3
alps_sub-4684_ses-wave1,1.594817434017122,1.9175165919040569,1.2721182761301872,0.0005862914853747,0.0005070041228001,0.0002807014829015,0.000289460784685,0.0005924417320967,0.0004439942704171,0.0004127340907826,0.000401998329906,sub-4684,ses-wave1
alps_sub-4684_ses-wave2,1.3472282902833754,1.3283933957095435,1.3660631848572071,0.0005064521814955,0.000441153103961,0.0003028228573487,0.0004105240235655,0.0006294841138001,0.000414072611364,0.0003859735101008,0.000377941905183,sub-4684,ses-wave2
alps_sub-470_ses-wave1,1.7235083364416577,1.881267289410378,1.5657493834729372,0.000555695489547,0.0004881385751105,0.0002535473551227,0.0003013095068092,0.0005831136637945,0.000516505707187,0.0003399638679379,0.0003623320311302,sub-470,ses-wave1
alps_sub-470_ses-wave3,1.6545276447923962,1.577623037929086,1.7314322516557066,0.0005656246363182,0.0004966073907485,0.0003074877041447,0.000365823981555,0.0005640551161445,0.0004883595437047,0.0002467021412299,0.0003611268158909,sub-470,ses-wave3
alps_sub-4722_ses-wave1,1.658232312503586,1.7126804663560569,1.6037841586511157,0.0005733231482512,0.00059035619499,0.0003250294635693,0.0003544197192179,0.00064672423247,0.0004903987448528,0.0004148949116925,0.0002941300348309,sub-4722,ses-wave1
alps_sub-4737_ses-wave1,1.3858066233243018,1.5012708455983308,1.2703424010502729,0.0006452990468996,0.0004906848140068,0.0004000980554955,0.0003565834348811,0.0006127841851654,0.000491052635245,0.0004717399743014,0.0003971886070777,sub-4737,ses-wave1
alps_sub-4737_ses-wave2,1.38071155067811,1.4535466491126212,1.3078764522435986,0.0005485125044927,0.0005228023577343,0.0003391324313259,0.0003979026427675,0.000680078472834,0.0005245292921643,0.0005136194870704,0.0004074214590616,sub-4737,ses-wave2
alps_sub-4749_ses-wave1,1.5072786523019426,1.5922115920981754,1.42234571250571,0.0005514278127008,0.0003945100166917,0.0002873712817054,0.0003067318099232,0.0004734074496641,0.0004275177867978,0.0003199998775288,0.0003134081811032,sub-4749,ses-wave1
alps_sub-4749_ses-wave2,1.3494394859412493,1.3394712933318942,1.3594076785506044,0.0004265368545292,0.0003506835539757,0.0002204785122115,0.0003597656575396,0.0004108827216044,0.0004019062054553,0.000250439571887,0.0003474597484451,sub-4749,ses-wave2
alps_sub-474_ses-wave1,1.2660075327732108,1.5715804304412675,0.9604346351051536,0.0006507770903414,0.0004528365098937,0.0002978991733279,0.0004043325285044,0.0007666931923315,0.0004143834929526,0.0005583392990627,0.0006713921601268,sub-474,ses-wave1
alps_sub-4754_ses-wave1,1.679632062126767,1.9338347686803667,1.4254293555731672,0.0005497371079507,0.0005607630528273,0.0002873149370667,0.0002869327591497,0.0005444334788153,0.0004947873642365,0.0003721061014475,0.0003569520163671,sub-4754,ses-wave1
alps_sub-4769_ses-wave1,1.6916495242326306,1.7557132243739693,1.6275858240912917,0.0007002830572174,0.0004973795257198,0.0003415526676479,0.000340598931093,0.0006476110632116,0.0004859558144477,0.0003675513523483,0.0003289199862935,sub-4769,ses-wave1
alps_sub-4769_ses-wave2,1.5896219433458671,1.705945331923403,1.4732985547683313,0.0006032810812408,0.0004934143716679,0.000320958815697,0.0003219078884031,0.0006615935902424,0.0004530141791968,0.0003678026301749,0.0003887363386796,sub-4769,ses-wave2
alps_sub-4769_ses-wave3,1.4094808252619275,1.5359988151301982,1.2829628353936566,0.0005990898677029,0.000438927432442,0.0002911538921813,0.0003846391422403,0.0006223352947931,0.0004069083537871,0.0003830587813646,0.0004191808628292,sub-4769,ses-wave3
alps_sub-476_ses-wave1,1.3968793303062157,1.5519739117680669,1.241784748844364,0.0006411845796624,0.0005841929974765,0.0003397571325163,0.0004498035474972,0.0006648173857518,0.0004986117972107,0.000398640458423,0.0005382603885597,sub-476,ses-wave1
alps_sub-4791_ses-wave1,1.380893990727757,1.4234111974904584,1.3383767839650555,0.0006549496927718,0.0005341239116032,0.0004052880077169,0.0004300810033401,0.0005931164755124,0.0004695993472671,0.0004479502524957,0.0003460831135279,sub-4791,ses-wave1
alps_sub-4794_ses-wave1,1.009143885702842,0.7882749414862364,1.2300128299194475,0.0003835257537605,0.0005542595963337,0.0007316101702876,0.0004580576736834,0.0007342322555759,0.0005659823708042,0.0005937976075879,0.0004632764283514,sub-4794,ses-wave1
alps_sub-4795_ses-wave1,1.626679958173611,1.7565605592507758,1.4967993570964466,0.0006109631828434,0.0005569477021001,0.0003410335679636,0.0003238514989319,0.0005919732110833,0.0004923276543784,0.0004425214626382,0.0002818915058207,sub-4795,ses-wave1
alps_sub-4795_ses-wave2,1.6054466974338024,1.6150721134493995,1.5958212814182051,0.0006614941117049,0.0004949540267308,0.0003846050146482,0.0003314299715332,0.0006252735376735,0.0005376090432412,0.0004236720695969,0.0003050327010784,sub-4795,ses-wave2
alps_sub-4795_ses-wave3,1.456830049382221,1.4198219352093393,1.493838163555103,0.0006098697008817,0.0005646379011947,0.0003707274316327,0.0004564943297379,0.000640803189887,0.000485780614346,0.0004204325480909,0.0003337213031883,sub-4795,ses-wave3
alps_sub-4799_ses-wave1,1.619505715787887,1.7016800495932023,1.5373313819825716,0.000627238979188,0.000524850157306,0.0003872756532053,0.000289754753756,0.0006062728276872,0.0004739498108781,0.0003286441099211,0.0003740167810393,sub-4799,ses-wave1
alps_sub-4805_ses-wave1,1.4458408759631416,1.645116984631397,1.2465647672948863,0.0004991965531499,0.000562779703956,0.000275158324469,0.0003703740401147,0.0005463704442812,0.0004832846627823,0.0004703609554634,0.0003556331156653,sub-4805,ses-wave1
alps_sub-4828_ses-wave1,1.1048466631751683,1.105580393922654,1.1041129324276828,0.000605551470688,0.0005067529223895,0.0004649878116502,0.000541094060995,0.0004810937508624,0.000411797829551,0.0003330855997518,0.0004756102810673,sub-4828,ses-wave1
alps_sub-483_ses-wave1,1.3837033732771469,1.4026046226643991,1.364802123889894,0.0005013080275433,0.0003477593356056,0.0003161652320793,0.0002891852347799,0.0005658170245402,0.0003647179995158,0.000344423034559,0.0003373864437291,sub-483,ses-wave1
alps_sub-483_ses-wave2,1.1407586939026817,1.05967189453931,1.2218454932660532,0.0004927612929894,0.0004411362801114,0.0004432535879967,0.0004380546527081,0.0005476753134531,0.00048178013185,0.0003821556186043,0.0004603858082591,sub-483,ses-wave2
alps_sub-4841_ses-wave1,1.5144343635585134,1.4497998047824574,1.5790689223345693,0.0006192384060242,0.0005490321127151,0.0004362402892678,0.0003695747721534,0.000612193116846,0.000610162864854,0.000412505227406,0.0003615939676392,sub-4841,ses-wave1
alps_sub-4841_ses-wave2,1.5283355243419732,1.4237898180868578,1.6328812305970888,0.0005715688632812,0.0005128478803115,0.0004277200421021,0.000333920987927,0.0006264992521492,0.0005427472467683,0.0003157206015179,0.0004003428065292,sub-4841,ses-wave2
alps_sub-4847_ses-wave1,1.55722058629308,1.6331005330951516,1.481340639491008,0.0005128538101786,0.000480491426742,0.0002757940281929,0.0003324632203905,0.000552454754859,0.000406224980533,0.0003241141285572,0.0003230562182453,sub-4847,ses-wave1
alps_sub-4847_ses-wave2,1.3761608775693963,1.5144905495808425,1.23783120555795,0.0006541080673655,0.0004253547840992,0.0003145202975891,0.0003982361152941,0.0004766989331872,0.000340715682402,0.0003277509795933,0.0003326093441075,sub-4847,ses-wave2
alps_sub-4847_ses-wave3,1.3018517204942417,1.240741017666627,1.3629624233218565,0.0006106329283145,0.0003604015312645,0.0003660311947699,0.0004165934188704,0.0005852238313081,0.0003787129587303,0.0003509893306506,0.0003562471811888,sub-4847,ses-wave3
alps_sub-4868_ses-wave1,1.4456491692586295,1.4744175365065322,1.416880802010727,0.0005153897022978,0.0004622463465976,0.0003597057662615,0.0003033601731275,0.0005790288454063,0.0004600083838049,0.0004241743853088,0.0003091528132365,sub-4868,ses-wave1
alps_sub-4868_ses-wave2,1.3539487976349842,1.4338138833281115,1.2740837119418569,0.0005285424728243,0.000463868544951,0.0003043464369604,0.0003878012882881,0.0006084453981982,0.0004781209367546,0.0004393470354704,0.0004134747412845,sub-4868,ses-wave2
alps_sub-4868_ses-wave3,1.321081399458207,1.507080399762771,1.135082399153643,0.0006695362954687,0.0005223594478505,0.0003722273187736,0.0004186367542425,0.0006524115298168,0.000448959356043,0.0004501922119594,0.0005201081703573,sub-4868,ses-wave3
alps_sub-4869_ses-wave1,1.2962312015649884,1.3899564961836388,1.2025059069463382,0.0005226852137332,0.0004894271080133,0.0002972337830265,0.0004309273677184,0.0006089328959889,0.0005297903342761,0.000446630533054,0.0005003280005275,sub-4869,ses-wave1
alps_sub-4869_ses-wave2,1.1785225473698917,1.2956191122155918,1.0614259825241916,0.0005460251219387,0.0005308696823945,0.0002870313856877,0.0005441502433727,0.0005782726359965,0.0005769804526944,0.0004476037771648,0.0006407934429066,sub-4869,ses-wave2
alps_sub-4869_ses-wave3,1.0504438198735864,1.1195575980216557,0.9813300417255172,0.0005823536969809,0.0006858929360238,0.0004423787307508,0.0006904317965913,0.0005251525880944,0.0005712544947173,0.0004371873046993,0.0006800790951797,sub-4869,ses-wave3
alps_sub-4876_ses-wave1,1.668766636297804,1.691454110156019,1.6460791624395892,0.000709761055189,0.0005791891378953,0.0004136183938952,0.0003484183562271,0.0007401828046088,0.0005423074685344,0.0004704068898855,0.0003087113338349,sub-4876,ses-wave1
alps_sub-4876_ses-wave2,1.5872510537993434,1.5948939155988746,1.579608191999812,0.0006736456606942,0.0005428014821884,0.0004142484410722,0.0003484650729647,0.0006897722806686,0.0005171337099561,0.0004116533376337,0.0003524006833174,sub-4876,ses-wave2
alps_sub-4876_ses-wave3,1.4651502893547028,1.528657407835019,1.4016431708743868,0.0006709262788176,0.0005730950506987,0.0004101018666226,0.0004036980882529,0.0006230853893554,0.0004779174731914,0.0004267194269624,0.000358789242737,sub-4876,ses-wave3
alps_sub-492_ses-wave1,1.558747905077183,1.59148625364596,1.5260095565084062,0.0007007722734714,0.0005287095045927,0.0004106034148827,0.000361933435654,0.0007072797127406,0.000565893998733,0.0003994217944758,0.0004348938925023,sub-492,ses-wave1
alps_sub-492_ses-wave2,1.1785696974694084,1.1541328745076078,1.2030065204312093,0.0005381614324402,0.0004902567585342,0.0004239664406285,0.0004671079007148,0.0006561700132774,0.0005374651189235,0.0004921097745008,0.0005001002525679,sub-492,ses-wave2
alps_sub-495_ses-wave1,1.5006373044408483,1.88842837268169,1.1128462362000069,0.0004833343192625,0.0004847413667279,0.0002736402850681,0.0002389953541728,0.0004949232832682,0.0003891348343127,0.0004284050348184,0.0003660067076336,sub-495,ses-wave1
alps_sub-49_ses-wave1,1.5966430985070883,1.5986585482503546,1.5946276487638222,0.0006209123418277,0.0005170826958341,0.000401730289323,0.0003101134242125,0.0005696429612991,0.0005966501998869,0.0003524743715512,0.0003789146533978,sub-49,ses-wave1
alps_sub-49_ses-wave2,1.4765330524114453,1.6071217010848875,1.3459444037380028,0.0006258798131248,0.0004815586176429,0.0003286655020509,0.0003604163702304,0.0005886482425707,0.0004732229163105,0.0003976702650652,0.0003912710581664,sub-49,ses-wave2
alps_sub-503_ses-wave1,2.017149008264944,2.0166564617392906,2.017641554790598,0.0005994463747722,0.0006107728353469,0.0003151335025419,0.0002849782334328,0.0006652440202656,0.0006005456957404,0.0003689875970785,0.0002583734487923,sub-503,ses-wave1
alps_sub-503_ses-wave2,1.7210749581639946,1.8633512355043296,1.5787986808236594,0.0005735512462935,0.0005720109799498,0.000275296788279,0.0003394891975382,0.0005853754988178,0.0005403273784421,0.0003675454430741,0.0003454668560447,sub-503,ses-wave2
alps_sub-503_ses-wave3,1.773598845490148,1.8896123823921656,1.65758530858813,0.0006317649034111,0.0005632640888754,0.0003204662244677,0.0003119539498612,0.0006752019114299,0.0006349199126622,0.0004401515756201,0.0003502281516278,sub-503,ses-wave3
alps_sub-509_ses-wave1,1.8406075959657373,1.707776903566538,1.973438288364937,0.0005579880343998,0.0005013490152274,0.0002924680497705,0.0003278337281812,0.0007004825909958,0.0005617965233731,0.0002065050707506,0.0004331293793414,sub-509,ses-wave1
alps_sub-509_ses-wave2,1.5799462871721692,1.6015410041434393,1.558351570200899,0.0005946045068958,0.0004985048093319,0.0003412520455326,0.000341283907902,0.0007259131590387,0.0005375029290082,0.0004105171912861,0.0004002216125924,sub-509,ses-wave2
alps_sub-509_ses-wave3,1.633778999499109,1.6555388984169024,1.6120191005813156,0.0006057760216326,0.0005324111815222,0.0002888934007301,0.0003986091425463,0.0007152534903873,0.0005326997252669,0.0003685585348501,0.0004055968180264,sub-509,ses-wave3
alps_sub-532_ses-wave1,1.314803161350793,1.3456322646903656,1.2839740580112198,0.0004593450048233,0.0004546601383358,0.0002936026744257,0.0003856357528495,0.0006050059971546,0.0004717628711885,0.0004507690581611,0.0003878529230422,sub-532,ses-wave1
alps_sub-532_ses-wave2,1.254427125077269,1.3711620708436685,1.1376921793108694,0.0005821521905362,0.0004350358501986,0.0004012743984666,0.0003405693721307,0.00043494965656,0.0004643170114549,0.0003793682937626,0.0004110622676566,sub-532,ses-wave2
alps_sub-557_ses-wave1,1.6960800652946886,1.7987590976067376,1.5934010329826398,0.0005320066218206,0.0005178121362498,0.0002569771342216,0.0003266578614079,0.0006266739492029,0.0005877217623146,0.0003762443627102,0.0003858962951531,sub-557,ses-wave1
alps_sub-557_ses-wave2,1.5737677119889115,1.6583194655874445,1.4892159583903786,0.0005872015062696,0.0005190747504529,0.0002744489757122,0.0003926578632772,0.0005739625895301,0.0005122882481497,0.0003379006380668,0.000391510587726,sub-557,ses-wave2
alps_sub-557_ses-wave3,1.3685202160051122,1.424796816624078,1.312243615386146,0.0005611027094441,0.0005761059988869,0.0003964932515321,0.0004016617520883,0.0006730010710363,0.0004791030547539,0.0004177660709309,0.0004601990510036,sub-557,ses-wave3
alps_sub-562_ses-wave1,1.2243140217112205,1.220761795932663,1.2278662474897772,0.000706724783935,0.0004356186432392,0.0005306353545,0.0004051274052621,0.0007756458774812,0.0004954555305521,0.0005378388108843,0.0004973728097884,sub-562,ses-wave1
alps_sub-562_ses-wave2,1.1856740570407522,1.2474994446428251,1.1238486694386791,0.0007681522572886,0.0004804067542633,0.0005793167909334,0.0004215325616764,0.000683194743288,0.0004720904109531,0.0005194769469567,0.0005084952219459,sub-562,ses-wave2
alps_sub-562_ses-wave3,1.110595846342426,1.0829338409947824,1.1382578516900692,0.0006743518757214,0.0004865469076978,0.0005957811704276,0.0004762130174655,0.0006487224522476,0.0005023885812636,0.0004838219162119,0.0005274700610866,sub-562,ses-wave3
alps_sub-567_ses-wave1,1.5946760247300065,1.6650352330357407,1.5243168164242722,0.0007217787441484,0.0005530398622371,0.0004074753629133,0.0003581652560309,0.0006340462677286,0.000580355803527,0.0004326421088681,0.0003640440249924,sub-567,ses-wave1
alps_sub-567_ses-wave2,1.5358263185046543,1.5237302702135542,1.5479223667957545,0.0005578382404814,0.0005351016640541,0.0003681742577004,0.0003491048604616,0.0006375970545743,0.0006300281459528,0.0004367894153343,0.0003821309825607,sub-567,ses-wave2
alps_sub-584_ses-wave1,1.5992945917100414,1.7119041450567465,1.486685038363336,0.0005317632422944,0.000418770526548,0.0003034642378548,0.0002517851735022,0.0006452210270087,0.0005069184607931,0.000414906541784,0.0003600655996389,sub-584,ses-wave1
alps_sub-591_ses-wave1,1.938530355639906,2.3329042244999,1.544156486779912,0.0006121227475513,0.0005578109389546,0.00024371554209,0.0002577768356164,0.000619229257343,0.0006339540169096,0.0004350572089159,0.0003765077360761,sub-591,ses-wave1
alps_sub-591_ses-wave2,1.8900865558373816,2.0777724353848126,1.7024006762899508,0.0005187468511661,0.0004609744128261,0.0002323998824338,0.0002391249329441,0.0006165098102753,0.0005843853470921,0.0003558502546616,0.0003495625039755,sub-591,ses-wave2
alps_sub-591_ses-wave3,1.8038725668448845,1.9590811265555488,1.64866400713422,0.0005180258111651,0.0005167834081664,0.0002217961393517,0.00030641538048,0.0006163190408173,0.0005368959166087,0.0003474674993603,0.00035201702413,sub-591,ses-wave3
alps_sub-595_ses-wave1,1.4751764555264142,1.468797912051171,1.4815549990016577,0.0005186960752524,0.0004716833325393,0.0003079498921142,0.0003663289856442,0.000559862805927,0.000537367457639,0.0003590512743432,0.0003815424021016,sub-595,ses-wave1
alps_sub-595_ses-wave2,1.571512363127446,1.5696623568071293,1.5733623694477623,0.0005494089279087,0.0005239521664457,0.0003090271946445,0.0003747893533535,0.0006294322279299,0.0004526708111193,0.0003716934570277,0.000316071205495,sub-595,ses-wave2
alps_sub-595_ses-wave3,1.5576901506083385,1.6249567147936392,1.490423586423037,0.0005647305110331,0.0005525076781258,0.0002920832983763,0.0003954662092429,0.0006703757634237,0.0004145144017078,0.000388580114814,0.0003393271559875,sub-595,ses-wave3
alps_sub-599_ses-wave1,1.178776394317922,1.2850363944464354,1.0725163941894087,0.0005343176743422,0.0004526498471725,0.0003280215780705,0.0004400247790443,0.0005057894703332,0.000397183143568,0.0003968964604039,0.0004450231771822,sub-599,ses-wave1
alps_sub-606_ses-wave1,0.8413347374618485,0.8046790333580971,0.8779904415655998,0.0003726664635625,0.0002073974838012,0.0003319898843734,0.0003888738679019,0.0004299386140287,0.0003247413508144,0.000401526379237,0.0004580273574727,sub-606,ses-wave1
alps_sub-606_ses-wave2,1.1885673175748224,1.2118475731131395,1.1652870620365052,0.0005662493846754,0.0004553750815324,0.000402870447391,0.0004401600532051,0.000537061689029,0.0003927462363886,0.0003950652771039,0.0004028565017516,sub-606,ses-wave2
alps_sub-609_ses-wave1,1.5958097234737871,1.747534012979976,1.444085433967598,0.0005699317292001,0.0004646687923737,0.0003058102262885,0.0002862243286266,0.0006387227863605,0.0004718540179568,0.0004148004444754,0.0003542515646333,sub-609,ses-wave1
alps_sub-611_ses-wave1,1.5399561687975225,1.6320394078147078,1.4478729297803363,0.0005400980526893,0.0005568962628053,0.0002782353632853,0.0003939262954601,0.0006628103965569,0.0006705401839147,0.0004427294483106,0.0004781735902412,sub-611,ses-wave1
alps_sub-611_ses-wave2,1.2295473551955158,1.3205269024817357,1.1385678079092958,0.0005185474539853,0.000493214081811,0.0003873199323587,0.0003788602445803,0.0005239902768232,0.0004932496192855,0.0004726399693451,0.00042079816323,sub-611,ses-wave2
alps_sub-611_ses-wave3,1.3163729166163571,1.5296716436016071,1.103074189631107,0.0006452718415948,0.0005244003047843,0.0003676197799499,0.0003970359232997,0.0004940709545097,0.0004489904209518,0.000418188098315,0.000436751110966,sub-611,ses-wave3
alps_sub-612_ses-wave1,1.6067340595087698,1.728234814491222,1.4852333045263175,0.0005253772337972,0.0005550255487929,0.0003352212737228,0.0002899268679133,0.000596466275662,0.0005677853362439,0.0004027525227763,0.0003811321425875,sub-612,ses-wave1
alps_sub-612_ses-wave2,1.8299898881806504,2.0295252721062944,1.6304545042550058,0.0006031542243471,0.0006184233127324,0.0002915509964197,0.0003103520958299,0.000600079692444,0.0005226744197037,0.0003569464631608,0.0003316677295183,sub-612,ses-wave2
alps_sub-615_ses-wave1,1.4456719738924613,1.645080687938807,1.246263259846116,0.000570141578458,0.0004302305611026,0.0003031898978682,0.0003049092348339,0.0005484242970045,0.0004875848111809,0.0004261366515033,0.0004051556938341,sub-615,ses-wave1
alps_sub-616_ses-wave1,1.615475505280156,1.786821516237599,1.4441294943227123,0.0005705157447342,0.0005273632473317,0.0002947282491155,0.0003197030088971,0.0005404213790813,0.0004823354904806,0.0003753047695658,0.0003329120998926,sub-616,ses-wave1
alps_sub-639_ses-wave1,1.4597169024937229,1.9054496490967068,1.0139841558907383,0.0007091233070604,0.0005736177691482,0.0003369516623062,0.0003362443346683,0.0006161496721128,0.0003429654634583,0.0003241115962192,0.0006217760983756,sub-639,ses-wave1
alps_sub-639_ses-wave2,1.6319612401226986,1.6430362673496,1.620886212895797,0.0007106591487164,0.0005814506343937,0.0004278939365869,0.0003585219257935,0.0006509367033228,0.0006030640213425,0.000437543480351,0.0003361078189743,sub-639,ses-wave2
alps_sub-665_ses-wave1,1.763721051233321,1.8224688504609217,1.70497325200572,0.0006475028123129,0.0005492536255625,0.0003878912027084,0.0002687765025161,0.0006060886722561,0.0005214483180308,0.0003413548786802,0.0003199675138912,sub-665,ses-wave1
alps_sub-671_ses-wave1,1.5110419461128972,1.6254850717696654,1.396598820456129,0.0004791261557874,0.0003676022357333,0.0002265540761384,0.000294354055364,0.0005731617368221,0.0004734106000394,0.0003874546923911,0.0003619175120903,sub-671,ses-wave1
alps_sub-671_ses-wave2,1.4072019532310565,1.4919300796767117,1.3224738267854013,0.0005392279148105,0.000376091637652,0.000307500989264,0.0003060127168614,0.0006168136625698,0.0004592385433362,0.0004114850278742,0.0004021811363338,sub-671,ses-wave2
alps_sub-674_ses-wave1,1.3548073354847867,1.5083674246144474,1.2012472463551265,0.0005488362379639,0.0004489315695964,0.0003276709170324,0.0003338176508576,0.0005762003785727,0.0004636607900735,0.0003921799104924,0.000473471329751,sub-674,ses-wave1
alps_sub-674_ses-wave2,1.2310460028537646,1.2460082236495038,1.2160837820580257,0.0006196976062351,0.0003839783701609,0.0004278621418956,0.0003776509818109,0.0005713073835665,0.0004101248370279,0.0004009950555959,0.0004060482049708,sub-674,ses-wave2
alps_sub-674_ses-wave3,1.2500638667916069,1.2440946723417918,1.2560330612414217,0.0005058988775254,0.0004139711815474,0.0003566747687634,0.0003827143464888,0.0006365358134587,0.0004699710926347,0.0003996740370183,0.0004812796100137,sub-674,ses-wave3
alps_sub-676_ses-wave1,1.3891038956261363,1.33532924027893,1.442878550973343,0.0006131359487265,0.0005200002823228,0.0004493110393642,0.0003992708660336,0.0006385366656397,0.0005020284915764,0.0004126518875952,0.0003778270868456,sub-676,ses-wave1
alps_sub-680_ses-wave1,1.5373973564972327,1.498189140836281,1.5766055721581844,0.000601170738956,0.0005258389726784,0.0003956512409228,0.0003565967102306,0.0006828625225401,0.0005544159846036,0.0004212716067265,0.0003635020417962,sub-680,ses-wave1
alps_sub-680_ses-wave2,1.5243289769778696,1.5227997972874745,1.525858156668265,0.0005641147529223,0.0005033974675414,0.000355701762213,0.0003453176510843,0.0006043468637812,0.0005681832622969,0.0004219027438455,0.0003465370491679,sub-680,ses-wave2
alps_sub-680_ses-wave3,1.4939241335441282,1.5566597793798365,1.43118848770842,0.000693220278902,0.0005007044100397,0.0004014648804294,0.0003655136878852,0.0006497007152082,0.0004869089584307,0.0003921126314497,0.0004020592637273,sub-680,ses-wave3
alps_sub-684_ses-wave1,1.0180886500304815,1.0243507347702032,1.01182656529076,0.0003851845188613,0.0002811544205511,0.0002357280407944,0.0004147707744984,0.0005434544561166,0.0004315096338765,0.0004404622785939,0.0005231061069752,sub-684,ses-wave1
alps_sub-684_ses-wave2,1.2533084420765908,1.2982906233239335,1.2083262608292478,0.0005533938924961,0.0004778447345747,0.0003757344247026,0.0004185704932753,0.0007106901425085,0.0004460108216224,0.000491175461543,0.0004660999049107,sub-684,ses-wave2
alps_sub-684_ses-wave3,1.1367642114486043,1.2563683519960045,1.017160070901204,0.0005260518512743,0.0004745666006047,0.000322812830169,0.0004736243375528,0.0006150899308046,0.0004581382865322,0.0005270104355892,0.0005281118092173,sub-684,ses-wave3
alps_sub-688_ses-wave1,1.2598879347920526,1.267936793573912,1.2518390760101932,0.0005802484467137,0.0003617659785235,0.0003828245921638,0.0003601260265196,0.000585054494306,0.0004963867925043,0.0004210017500536,0.0004428802836156,sub-688,ses-wave1
alps_sub-688_ses-wave2,1.4089596403307345,1.4861231304466045,1.3317961502148643,0.000573684234609,0.0004550654770593,0.000318669464211,0.0003735677337653,0.0007015313291067,0.0005377903553501,0.000429891662347,0.0005006724365632,sub-688,ses-wave2
alps_sub-688_ses-wave3,1.310217466770524,1.2741181898706635,1.3463167436703842,0.0005136286867173,0.0004682799812771,0.0003416860686371,0.0004289713757041,0.0006967722905014,0.0004957354025473,0.000414368821418,0.0004713868513501,sub-688,ses-wave3
alps_sub-719_ses-wave1,1.5440469941580337,1.5481259198426371,1.53996806847343,0.0005647808508515,0.0006174007435663,0.0004073412213357,0.0003562798635292,0.000648518040564,0.0005706174691841,0.0004383013991532,0.0003533614506853,sub-719,ses-wave1
alps_sub-719_ses-wave2,1.4462861369437408,1.399945059952883,1.4926272139345982,0.0006322973951465,0.0005436449500736,0.0004628505280565,0.0003771412536636,0.0005864868427532,0.0005356146397444,0.0003938022059551,0.000357960506142,sub-719,ses-wave2
alps_sub-719_ses-wave3,1.405802890380458,1.454224393230684,1.357381387530232,0.0006202309239409,0.0005621885970263,0.0004217234345756,0.0003913694598025,0.00055483165977,0.0005647732223731,0.0004158432977815,0.0004089837496706,sub-719,ses-wave3
alps_sub-754_ses-wave1,1.4932397649810865,1.5570500599315005,1.4294294700306729,0.0006539761263849,0.0004790824385817,0.0004024269749683,0.0003252686811472,0.0006876555970446,0.0005476512460719,0.0004862786908186,0.0003779170383277,sub-754,ses-wave1
alps_sub-754_ses-wave2,1.4636501365584444,1.610244882061189,1.3170553910556997,0.000699268874737,0.0005475307903868,0.000403877824362,0.0003704141352112,0.0006007180881102,0.0004194185837657,0.0004809465423249,0.0002936121275714,sub-754,ses-wave2
alps_sub-760_ses-wave1,1.0022572508426566,0.9211763455121104,1.0833381561732027,0.000482328928913,0.0004089055177496,0.0004514837186547,0.0005160122998922,0.0005577690848599,0.0005074880210801,0.0004475369066236,0.000535772967463,sub-760,ses-wave1
alps_sub-772_ses-wave1,1.6888837965776964,1.7379196799037662,1.6398479132516264,0.0005830621082419,0.0005158631577375,0.0002939064926625,0.0003384157479373,0.0007274500720677,0.0005676105472759,0.0004323826736685,0.0003573616732787,sub-772,ses-wave1
alps_sub-772_ses-wave2,1.5736041571666193,1.630274265227607,1.5169340491056318,0.000599470447096,0.0004904656109143,0.0003142700026537,0.0003542899330931,0.0007309786884537,0.0005419048772322,0.0004181137404899,0.0004210022160913,sub-772,ses-wave2
alps_sub-772_ses-wave3,1.4226229662183247,1.4654895341628154,1.379756398273834,0.0006309906791449,0.0005212755260612,0.0003246943752283,0.0004615727241573,0.0007071102428743,0.000412973662671,0.0004131014625425,0.0003986968425399,sub-772,ses-wave3
alps_sub-801_ses-wave1,1.6311093467054976,1.5188763865092818,1.743342306901713,0.0005807348169067,0.000509658725994,0.0002966797590993,0.0004212150956667,0.0006251726835658,0.0006284806468845,0.0004006376150402,0.0003184714924983,sub-801,ses-wave1
alps_sub-801_ses-wave3,1.8195680186714407,1.8457781679357737,1.7933578694071088,0.0006149111443288,0.0005413931171472,0.0002711663298618,0.0003552926247205,0.0006855088245113,0.000529977580552,0.0003483992759406,0.0003293719741809,sub-801,ses-wave3
alps_sub-80_ses-wave1,1.250113777056502,1.3119762901944985,1.1882512639185057,0.0004596248494971,0.0003566083245832,0.0003329514286169,0.000289188758047,0.0005404249982447,0.0004616041942902,0.0005059658067679,0.0003373147543068,sub-80,ses-wave1
alps_sub-80_ses-wave2,1.432940331538053,1.6373792393430018,1.2285014237331042,0.0005398632456192,0.0005187235976995,0.0003157775937047,0.0003307353324903,0.000554719382357,0.000456464750968,0.0004252513957003,0.0003978523580196,sub-80,ses-wave2
alps_sub-812_ses-wave1,1.0692255803132786,0.9937156106668256,1.1447355499597316,0.0004322670776201,0.0003389327712182,0.0003418574740887,0.0004342195448893,0.0005809573022076,0.0004010221266148,0.0004299860952491,0.0004278359832711,sub-812,ses-wave1
alps_sub-812_ses-wave2,1.3256099522199492,1.4581941822492943,1.1930257221906035,0.0005651074868025,0.0004881266327088,0.0003573004264714,0.0003649861745399,0.0005377434603846,0.0004180942293102,0.0003861569433363,0.0004150308868303,sub-812,ses-wave2
alps_sub-812_ses-wave3,1.2099855841423943,1.2852474757537409,1.1347236925310489,0.0005930564238127,0.0004986402386333,0.0004452090975336,0.0004041967041045,0.0005412484227925,0.0005189887871598,0.0003714152814688,0.0005629418813638,sub-812,ses-wave3
alps_sub-815_ses-wave1,1.5064029307654394,1.4679079014118768,1.5448979601190018,0.0005069144209244,0.0005094275761788,0.0003621530342399,0.000330221464273,0.0005704460462539,0.0004478141752002,0.0003190130217799,0.0003400986139009,sub-815,ses-wave1
alps_sub-815_ses-wave2,1.4130350368739508,1.476657422146133,1.3494126516017686,0.0004926986235536,0.000439793951109,0.0003312847267649,0.0003002040401471,0.0004815810922532,0.0004341529033925,0.0003081190903776,0.000370497635617,sub-815,ses-wave2
alps_sub-815_ses-wave3,1.5759988773832672,1.6363078116764704,1.5156899430900637,0.0005454590098801,0.0004995406743855,0.0003621510820767,0.0002764816230956,0.0006076067935072,0.0004625948121456,0.0003752028178883,0.0003308793267691,sub-815,ses-wave3
alps_sub-817_ses-wave1,1.5476937843364302,1.495898937753608,1.5994886309192524,0.0004946403109152,0.0005085310099542,0.0003624251407043,0.0003081892273865,0.0006648817545599,0.0006199193531212,0.0003590197491173,0.0004442376688129,sub-817,ses-wave1
alps_sub-817_ses-wave2,1.580406197123847,1.4312096455128065,1.7296027487348873,0.0005097570903459,0.0004871558936762,0.0003851490312139,0.0003114036975549,0.0006266248099557,0.0006072665291348,0.0003242834931301,0.0003891123083006,sub-817,ses-wave2
alps_sub-817_ses-wave3,1.4969111637343653,1.7219665247365796,1.271855802732151,0.0006094102239227,0.0005822631986818,0.0003162646390127,0.0003757775148188,0.0005550275711088,0.0004488703976749,0.0004201616106646,0.0003691558313183,sub-817,ses-wave3
alps_sub-818_ses-wave1,1.715866847285299,1.9601640644903209,1.4715696300802772,0.0006272604547503,0.0006124680812343,0.0003362526247666,0.0002962089933413,0.0005808995165811,0.0005958850190852,0.0004000083632129,0.0003996714559487,sub-818,ses-wave1
alps_sub-818_ses-wave2,0.8191357832140218,0.6477270489662476,0.990544517461796,0.0004777258524834,0.0003031915072037,0.0005004078751688,0.0007052193422425,0.0006128749654026,0.0005193076440498,0.0004016384434681,0.0007413516892253,sub-818,ses-wave2
alps_sub-819_ses-wave1,1.2126210401408315,1.329175580232346,1.0960665000493168,0.0006187406759846,0.0005180861984598,0.0004172008845062,0.0004380863261162,0.0006351300801099,0.0004509698238594,0.0005427876136848,0.0004481193284766,sub-819,ses-wave1
alps_sub-81_ses-wave2,1.630848536097787,1.6376321465599364,1.624064925635637,0.0005670139306874,0.0004947101590129,0.0002909564016128,0.0003573724016111,0.0005812007524601,0.0005389536135211,0.0003545115333648,0.0003352111176817,sub-81,ses-wave2
alps_sub-823_ses-wave1,1.314316066131289,1.3160288352946772,1.312603296967901,0.0005044334925399,0.0003676240098467,0.0003421445305843,0.0003204986266163,0.0005028519066978,0.0005274110292305,0.000398248950056,0.0003866515132508,sub-823,ses-wave1
alps_sub-823_ses-wave2,1.4572810513052663,1.413331071618762,1.501231030991771,0.0005069374474067,0.0004522998073333,0.0003301818400649,0.0003485248508177,0.0005129983843089,0.0004672185838455,0.0003058084592258,0.0003471336582221,sub-823,ses-wave2
alps_sub-823_ses-wave3,1.2829809680993909,1.1934146208474194,1.372547315351362,0.0004426877865276,0.0004311736819547,0.0003440345322552,0.0003882017360266,0.0005466222569748,0.0004349709265376,0.0003334333137928,0.0003817283221914,sub-823,ses-wave3
alps_sub-829_ses-wave2,1.627494171956818,1.7454251221626134,1.5095632217510229,0.0005572868612986,0.0006226926486305,0.0002771643020042,0.0003988770216516,0.0005900973274532,0.0005154251052267,0.0004039823136375,0.000328363584004,sub-829,ses-wave2
alps_sub-829_ses-wave3,1.3861052940843444,1.421861636504103,1.3503489516645857,0.0005039649088231,0.0004518986649685,0.000307855544991,0.0003644064735143,0.000534940015819,0.0004284123052326,0.0003828409536034,0.0003305689541571,sub-829,ses-wave3
alps_sub-831_ses-wave1,1.4435248152112954,1.6008329188740693,1.2862167115485217,0.0005123122341426,0.00046506901019,0.0002884034913628,0.0003221419520804,0.0005031504137079,0.0003677837605497,0.0003741524256957,0.0003029762155649,sub-831,ses-wave1
alps_sub-831_ses-wave2,1.6778317730382577,1.8710998879634768,1.484563658113038,0.0005081657455812,0.0005234903759177,0.0002298807019192,0.0003214827651706,0.0005270276116121,0.0005028715682537,0.0003721481745019,0.0003215904700065,sub-831,ses-wave2
alps_sub-831_ses-wave3,1.6833596057835112,1.4960038821320998,1.8707153294349228,0.0005401728670544,0.000452679390084,0.0003341077239121,0.0003295618487385,0.0005952633074423,0.0004784249311661,0.0002226855002216,0.0003512597824809,sub-831,ses-wave3
alps_sub-836_ses-wave1,1.6923592431092291,1.871047711603102,1.5136707746153562,0.0004422647596007,0.000558892476457,0.0002868997255408,0.0002481786852603,0.0005126239297787,0.0005950102363073,0.0004056973922019,0.0003260562920611,sub-836,ses-wave1
alps_sub-841_ses-wave1,1.636355312891565,1.7778466002638496,1.4948640255192809,0.0005392034562878,0.0005185412007753,0.0002924377714788,0.0003025205657062,0.0005595291959004,0.0005463803953723,0.0004021420600119,0.0003376640844891,sub-841,ses-wave1
alps_sub-841_ses-wave2,1.5076315224866428,1.6669172626102111,1.348345782363075,0.0006003667605159,0.0005476802155981,0.0003211220631495,0.0003676025675596,0.0005225283072941,0.0005650996191202,0.0004184715113464,0.0003881672163753,sub-841,ses-wave2
alps_sub-841_ses-wave3,1.5559766864192115,1.621492439297635,1.4904609335407877,0.0005239908914678,0.0005793854588666,0.0003288927383422,0.0003515768855632,0.0005592477439897,0.0005262689530701,0.0003650163317796,0.0003632930607255,sub-841,ses-wave3
alps_sub-843_ses-wave1,0.9333229884385436,0.9219851577419788,0.9446608191351084,0.0004345581596195,0.0003189457528252,0.0003512862581383,0.0004659762608051,0.0005246131250294,0.0003552258420036,0.0004643585346872,0.0004670222839209,sub-843,ses-wave1
alps_sub-849_ses-wave1,1.4234457442758155,1.562053083167043,1.2848384053845887,0.0005365410222492,0.0005016356856504,0.0002993700399791,0.0003652531531038,0.0005380197061083,0.0005221164916374,0.00040594041387,0.0004191720619891,sub-849,ses-wave1
alps_sub-849_ses-wave2,1.8112160543139697,2.1460731764919614,1.476358932135978,0.0005804966187603,0.0005031987606308,0.0003341563305175,0.0001708103179929,0.0005924572901127,0.0005718293043834,0.0003177294290044,0.0004708908510324,sub-849,ses-wave2
alps_sub-849_ses-wave3,1.4955254864916765,1.291192321868632,1.699858651114721,0.0005630847002658,0.000538373435726,0.0005017542549382,0.0003513007991669,0.0006275981772459,0.0005671022105039,0.0003273910502343,0.0003754323209714,sub-849,ses-wave3
alps_sub-865_ses-wave1,1.436125077493688,1.5444515716770633,1.3277985833103123,0.0006459149441187,0.0004682530073259,0.0003460600550176,0.0003753403254648,0.0007016428187654,0.00049371359112,0.0004107135573798,0.0004895407619955,sub-865,ses-wave1
alps_sub-872_ses-wave1,1.5048541783907634,1.6317894294955944,1.377918927285933,0.0005929384220329,0.0004900131136643,0.0002879431534455,0.0003757157207463,0.0006138658665968,0.0004575570520296,0.0003927708948513,0.000384795112415,sub-872,ses-wave1
alps_sub-872_ses-wave2,1.5107604361204858,1.712529181668965,1.3089916905720067,0.0005805771025583,0.0004470250378818,0.0002926567160053,0.0003073927029708,0.0005276391259833,0.0004594570318576,0.0003685374852443,0.0003855514558471,sub-872,ses-wave2
alps_sub-872_ses-wave3,1.5040430971624703,1.587111698592557,1.420974495732384,0.0005589392426474,0.0004765621744204,0.0002688521289796,0.0003835918155682,0.0004767434048546,0.0004428383695325,0.000267916710688,0.0003792319729434,sub-872,ses-wave3
alps_sub-881_ses-wave1,1.5449644132738931,1.7407476912130138,1.3491811353347722,0.0005503926273278,0.0005470643217579,0.0002902432173093,0.0003402082574365,0.0006048926969761,0.000558741948983,0.0004472465201623,0.0004152282176499,sub-881,ses-wave1
alps_sub-881_ses-wave2,1.4686555304033588,1.705096918859304,1.2322141419474135,0.0005335672882602,0.0005263656636921,0.0002466740683007,0.0003749521514343,0.0006194269263246,0.0005371494051684,0.0004945514724548,0.000444064870371,sub-881,ses-wave2
alps_sub-883_ses-wave1,1.7282814495311905,2.066908456319913,1.3896544427424675,0.0005888280898723,0.0005586161397345,0.0002574630861177,0.0002976869139214,0.0005941730307204,0.000546476134033,0.0004587823823517,0.0003620325840671,sub-883,ses-wave1
alps_sub-883_ses-wave2,1.7415253251746596,1.9633494128286224,1.5197012375206969,0.000602091918265,0.0005150767951653,0.0002587275703831,0.0003102840921007,0.0005531179356613,0.0004859283768343,0.0003510296003295,0.0003326878875833,sub-883,ses-wave2
alps_sub-884_ses-wave1,1.6844222426263622,1.7108142024492616,1.658030282803463,0.00054088841296,0.0005373163954263,0.000328233848812,0.0003019952005159,0.0006148415770744,0.0005473103848172,0.0003902835891834,0.0003106396532598,sub-884,ses-wave1
alps_sub-884_ses-wave2,1.601206325888465,1.638234252978956,1.5641783987979745,0.0005085112820629,0.000481902935485,0.0003003561947927,0.0003042058302942,0.00056861224931,0.00049561965488,0.0003349272787866,0.0003454502951575,sub-884,ses-wave2
alps_sub-884_ses-wave3,1.764592151167511,1.85571950086576,1.673464801469262,0.000584825306133,0.0006108954347878,0.0002897752652588,0.0003545682038716,0.0005495338955333,0.0005043045253754,0.0002834397274748,0.0003462947132995,sub-884,ses-wave3
alps_sub-886_ses-wave1,1.711756469513218,1.565339374161102,1.8581735648653344,0.0004712541863863,0.0005454882640616,0.0002944266612126,0.0003551081727226,0.0005958409754496,0.0005548208349456,0.0003061065278905,0.000313136922857,sub-886,ses-wave1
alps_sub-889_ses-wave1,1.643148752996686,1.7531239616215046,1.5331735443718673,0.0005271979118906,0.0004991674983571,0.000313054508391,0.0002723949137357,0.0006412204611399,0.000557066866192,0.0004158259051214,0.0003657472779867,sub-889,ses-wave1
alps_sub-889_ses-wave3,1.4189994235253176,1.5055665861416625,1.332432260908973,0.0005501254305243,0.0005324207253787,0.0003695350190524,0.0003494940600116,0.0005999502017195,0.0004472521168051,0.0004397776109107,0.000346155264814,sub-889,ses-wave3
alps_sub-890_ses-wave1,1.3837935344798311,1.5301074502318357,1.2374796187278263,0.0005326601052608,0.0004833144691076,0.0002736552696849,0.0003903337686107,0.0006485440424578,0.0004888206415595,0.0004272919772125,0.000491805733008,sub-890,ses-wave1
alps_sub-890_ses-wave2,1.2125269861344967,1.2862153406837524,1.1388386315852408,0.0006391308014664,0.0005311514328554,0.0004362911898567,0.0004735737427911,0.0006487889067768,0.0005791096199228,0.0005097155946817,0.0005684867885571,sub-890,ses-wave2
alps_sub-891_ses-wave1,1.468459055236912,1.4459362373603497,1.4909818731134743,0.0005655704811271,0.000454779414757,0.0004061162419406,0.0002995510409728,0.0005728407740043,0.0004955560364954,0.0003891467732045,0.0003274258624297,sub-891,ses-wave1
alps_sub-891_ses-wave2,1.8048786272478523,1.9268757348101933,1.6828815196855114,0.0006217981091703,0.0004730363588914,0.0003194878666601,0.0002487036613574,0.0005997357637252,0.0004660267694015,0.0003217686859092,0.0003115275507301,sub-891,ses-wave2
alps_sub-891_ses-wave3,1.7564708537904117,1.783216568093267,1.729725139487556,0.0006198383796017,0.0005120961882096,0.0003059437664298,0.0003288274599398,0.0006381309327714,0.0005110298684535,0.000326492466016,0.0003378678852276,sub-891,ses-wave3
alps_sub-898_ses-wave1,1.3855401649217296,1.3063394363407803,1.4647408935026789,0.0006274897185964,0.0003188397467958,0.0003221972954478,0.0004022158540496,0.0005486773100804,0.0005206971940079,0.0004411159157358,0.0002889616760293,sub-898,ses-wave1
alps_sub-898_ses-wave2,1.5780691948330008,2.0328901293570936,1.123248260308908,0.0006766226481399,0.0005372879126156,0.0003300821229828,0.0002670532279273,0.0005930754521905,0.0004098835508548,0.0004694195560318,0.0004234899088531,sub-898,ses-wave2
alps_sub-898_ses-wave3,1.8891853315266116,2.131384069447628,1.6469865936055954,0.0005864428344022,0.0004808673140774,0.0002531233544631,0.00024763583004,0.0006570847738109,0.0005495888148518,0.0003994822762313,0.0003331731038109,sub-898,ses-wave3
alps_sub-927_ses-wave1,1.46603038375844,1.3985329192525242,1.5335278482643555,0.0004627227489393,0.0004736075084525,0.0003335223611103,0.000335986553912,0.0005903739146919,0.0005328208210367,0.0003804402031897,0.0003519851890195,sub-927,ses-wave1
alps_sub-927_ses-wave2,1.64929667499718,1.4960871239470013,1.8025062260473583,0.0005675569144347,0.0004955243771184,0.0003503254865295,0.0003602489676831,0.0006578195966786,0.000526943159863,0.0003621105500107,0.000295175810181,sub-927,ses-wave2
alps_sub-927_ses-wave3,1.4542199709445267,1.4570501876026636,1.4513897542863898,0.0004862666918721,0.0004720065264741,0.0003024516153163,0.0003552286941883,0.0005666739068563,0.0004952520488973,0.0003682711419801,0.000363390324292,sub-927,ses-wave3
alps_sub-929_ses-wave1,1.7049769699273285,1.800466324326462,1.609487615528195,0.0005795080409159,0.0005777641814601,0.0003468438572107,0.000295918635339,0.0005231525970494,0.0005264894021826,0.0003209665559131,0.000331192546838,sub-929,ses-wave1
alps_sub-929_ses-wave2,1.7457219912590118,2.0380650105032263,1.4533789720147974,0.000568164649645,0.0005203761794667,0.0002454139161824,0.0002886911410664,0.0004580860642637,0.0004572652457168,0.0003162430915046,0.0003135660137638,sub-929,ses-wave2
alps_sub-934_ses-wave1,1.5873265875394718,1.7134682884870285,1.4611848865919153,0.0005058331014042,0.0004677507210464,0.0002129885481599,0.0003552062815851,0.0005739855711897,0.0004715387394604,0.0003751435725586,0.0003403882675556,sub-934,ses-wave1
alps_sub-934_ses-wave2,1.6326746129522962,1.7112904839453515,1.5540587419592409,0.0005785789010832,0.0005099969111967,0.0002683569656397,0.0003677570211395,0.0005788828838093,0.0005200440649717,0.0003520629323496,0.0003550705363605,sub-934,ses-wave2
alps_sub-935_ses-wave1,1.1647836918878136,1.2966158241815555,1.0329515595940717,0.0006471076111504,0.0004590786031812,0.0003556696753133,0.0004974636843924,0.0004749322698831,0.0004324421338524,0.0003610903441244,0.0005173384605062,sub-935,ses-wave1
alps_sub-935_ses-wave2,1.386016720470876,1.339377457326545,1.432655983615207,0.0008439381529468,0.0005330055423965,0.0005553987053135,0.0004726488311081,0.0007888099253066,0.0006799860996429,0.0005191337972002,0.0005060921061204,sub-935,ses-wave2
alps_sub-943_ses-wave1,1.7123268503044633,1.9808268944619645,1.443826806146962,0.0005731647935576,0.0005536477892432,0.0002822886913854,0.0002865710034981,0.0006234865793879,0.0005957109282162,0.0004353822126561,0.0004090386710769,sub-943,ses-wave1
alps_sub-943_ses-wave2,1.5431966388910494,1.664320117736387,1.4220731600457115,0.0005004003155323,0.0005393506632958,0.0002981866335877,0.0003265435296469,0.000682197544867,0.0005691812139508,0.0004813909710157,0.0003985769476373,sub-943,ses-wave2
alps_sub-953_ses-wave1,1.4059674513209246,1.5288935898063265,1.2830413128355227,0.0005488515285394,0.0005329477702934,0.0003570682244069,0.0003505018158139,0.0007049605946421,0.0004801602649773,0.0004643886883603,0.0004592922935095,sub-953,ses-wave1
alps_sub-953_ses-wave2,1.4664598022577753,1.5339620313964653,1.398957573119085,0.0006229238333956,0.0005419474395588,0.0003425710068672,0.0004168162850684,0.0006020571941278,0.0004390799772374,0.0004063635807484,0.0003378599692509,sub-953,ses-wave2
alps_sub-961_ses-wave1,1.8709882378818636,1.5319305925588846,2.210045883204842,0.0005599931117376,0.0005250181898417,0.000355397535503,0.0003528664725725,0.0005610187781834,0.0003309716123468,0.0002812587543365,0.0001223484274459,sub-961,ses-wave1
alps_sub-961_ses-wave2,1.62193608834764,1.7518781025336854,1.491994074161595,0.0005785698697395,0.0004887729490621,0.0003006154573386,0.000308640870061,0.0004047629565623,0.0004204620435232,0.0002714271688142,0.0002816748939732,sub-961,ses-wave2
alps_sub-965_ses-wave1,1.7931013228197368,1.921294460574192,1.6649081850652814,0.0006389899644154,0.0005897550046855,0.00032370806665,0.0003158320945878,0.0006978125528762,0.0005752169269168,0.000440899998041,0.000323724436635,sub-965,ses-wave1
alps_sub-974_ses-wave1,1.080178492304077,0.9328820092847768,1.227474975323377,0.0003619498641095,0.0003096614641281,0.0003361632156167,0.0003837684815896,0.0006410372168933,0.0004335149888975,0.0004492428474939,0.0004261739450218,sub-974,ses-wave1
alps_sub-974_ses-wave2,1.5693554034809498,1.572066504674508,1.5666443022873913,0.0005398414926886,0.0005207777982462,0.0003288142887694,0.0003458513744077,0.0006360461452152,0.0004925941609165,0.000406001963791,0.0003144170263294,sub-974,ses-wave2
alps_sub-974_ses-wave3,1.3919187495791951,1.3166303613331662,1.467207137825224,0.0004534519556521,0.0005151393752303,0.0003372791857862,0.0003983800845207,0.0005417788067399,0.0004844640522177,0.0003194350882754,0.0003800182012435,sub-974,ses-wave3
alps_sub-975_ses-wave1,1.5736412230700665,1.726781423038323,1.4205010231018098,0.0004807922704296,0.0005174243999379,0.0002487638156907,0.0003293155272125,0.0004182086845913,0.000547448360615,0.0003853121757555,0.0002944881408241,sub-975,ses-wave1
alps_sub-980_ses-wave1,1.1146922919181992,1.015053194644693,1.2143313891917051,0.000598938342522,0.0003901962067229,0.0004942442317641,0.0004802214952179,0.0006618039476152,0.0004424193711009,0.0004158587082186,0.0004934674679342,sub-980,ses-wave1
alps_sub-988_ses-wave1,2.3256214659794674,1.961166098372164,2.69007683358677,0.0005827734310913,0.0005554850194343,0.0002789383495807,0.0003014604506384,0.0006586737929036,0.0006345393534793,0.000232074304839,0.0002486603456499,sub-988,ses-wave1
alps_sub-988_ses-wave2,1.745434445163104,1.7923233281668614,1.698545562159347,0.0005424309000437,0.0005628184521583,0.0002810115801753,0.0003356457688825,0.0005701613180966,0.0005221998039043,0.0003634388329613,0.0002796767515345,sub-988,ses-wave2
alps_sub-988_ses-wave3,1.578679172324209,1.6387049258778177,1.518653418770601,0.0004175253660707,0.0005178796978794,0.0002795794553419,0.0002912402506213,0.0005178328582573,0.0004844810272781,0.0003432985150245,0.000316703216211,sub-988,ses-wave3
alps_sub-989_ses-wave1,1.3754329033892096,1.5173671615653934,1.2334986452130257,0.0005261828117049,0.0005275000450902,0.0003251244329099,0.0003692907906989,0.0004422476554666,0.0004230718697733,0.0004174282181767,0.0002840881787793,sub-989,ses-wave1
alps_sub-989_ses-wave2,1.4735953582779109,1.5007312147042675,1.4464595018515538,0.0005458418063802,0.0004821938418322,0.000342831896972,0.0003421912691617,0.0004797905914701,0.0005423764802853,0.0003755938667793,0.0003310744294618,sub-989,ses-wave2
alps_sub-989_ses-wave3,1.5486266271383506,1.6779998031503691,1.4192534511263322,0.0004955446848054,0.000544427597783,0.0002912736618683,0.0003284953515939,0.0004348067853045,0.0004982197721138,0.0002893833434694,0.0003680232365024,sub-989,ses-wave3
alps_sub-998_ses-wave1,1.4628441071867933,1.680973712188705,1.2447145021848818,0.0004769885691486,0.0005205609411435,0.0002902924625037,0.0003031430582655,0.0004883715486531,0.0005234120140162,0.0004207065458719,0.0003921574168226,sub-998,ses-wave1
alps_sub-998_ses-wave2,1.4745467119328828,1.4748174408525456,1.47427598301322,0.0005300837526503,0.0005366433212716,0.0003489202870084,0.0003743740302226,0.0006262305689885,0.0005388274147115,0.0003888156980097,0.0004014420265439,sub-998,ses-wave2
