Subject_ID,Visit,Age,classic,cross,v2_sphere,v2_slab,pv_perp,anat_x,v2_to_x,v2_to_cross,cross_to_x,v2_proj_to_assoc,v2_proj_to_cross,v2_assoc_to_cross,v2sph_to_x,v2sph_to_cross,sph_to_slab,l1_proj,l1_assoc,l2_proj,l2_assoc,l3_proj,l3_assoc,n_proj,n_assoc,n_proj_geom,n_assoc_geom,n_proj_slab,n_assoc_slab
sub-1007,ses-wave1,73,0.8866408863269915,0.965719015076101,1.6855725911229147,1.5621618119609053,1.6487011141563297,0.97392744337397,41.697770770463144,42.35383688766236,6.121526091990983,71.0330217095688,78.45520553928881,18.28647581038313,50.82242065806376,51.33899946849918,9.316657332812898,0.0011833068591258346,0.0010906915121949366,0.0004765329628452275,0.0006280065508262651,0.0002729883848588205,0.00039669010636935354,40.0,36.5,40.0,40.0,377.5,348.0
sub-1007,ses-wave2,77,1.3098562519697068,1.5542860709017687,1.5664712548436062,1.5755472930883734,1.6625900989955045,1.5682599378754976,8.968239068620518,6.044060654720505,10.338526821980297,21.466527221883986,13.136389449418475,10.066595411220517,8.547698888828496,6.146291932411079,9.750425998984388,0.0012017570182150748,0.0011403874297046283,0.0005261672911324746,0.00074906049979434,0.0003583874502914518,0.0004103561986739167,38.0,34.0,38.5,37.0,315.5,328.5
sub-1007,ses-wave3,82,1.290871088811926,1.5027309389216428,1.5064389020537736,1.5294310180665835,1.6809415915943275,1.494382600681167,9.584940688752322,6.497805112565211,9.613543530015768,20.836317163733664,16.11489669219886,8.915853660893847,5.855405270741061,6.702691705028685,8.418432002312437,0.0011865599349671807,0.0011275816381245162,0.000506520906723196,0.0006868725693213772,0.0003552134213986248,0.00035508162199431145,39.5,29.0,39.5,36.0,294.5,313.5
sub-1008,ses-wave1,22,1.2928628217003815,1.4885202262574682,1.626858850856034,1.6755343823733657,1.692182389540457,1.6046633382252709,6.511152545819713,15.46999299035989,9.56776677632792,13.080284350610864,18.413425995366232,13.048745732299611,8.883465018981376,12.485117365563159,4.385492789835536,0.0012077413094158862,0.0011601708267802158,0.0004961344520469743,0.0006471518872991112,0.0003140182057748859,0.00036148316959872244,41.5,43.5,41.5,44.0,432.0,389.5
sub-1008,ses-wave2,27,1.3043824653363056,1.5867364778372135,1.7109277035435366,1.717950102907425,1.8090806896632914,1.678945935046713,5.860452233866758,9.654497047960035,6.533769560003284,12.02351506217261,10.974621031116728,10.46668530009275,4.906999936378613,10.730661573964115,5.593974041342137,0.0011751248020335056,0.00112710924297875,0.0005274590596811669,0.0006651539286592245,0.00028596144286330814,0.0003723756344603899,36.0,39.5,36.0,40.0,424.0,377.0
sub-101,ses-wave1,44,1.3706427017158633,1.580052924669281,1.579531013455503,1.585386386337451,1.6513676978586835,1.5344924394888346,8.441688281507943,7.1526324591486645,8.383407959937546,10.639165489089775,9.274999442809317,8.364153500508667,6.758738166059133,9.726662900104785,5.632043478580156,0.001170532524863827,0.0012136803559383914,0.0005571656858794288,0.0006821418437263646,0.0003594584306685849,0.00039118955977425105,36.0,28.5,36.0,32.0,383.5,352.5
sub-1013,ses-wave1,22,1.3505191570354373,1.5055274812410122,1.5259471153630324,1.535781262265785,1.7773762374350683,1.4894811721506576,6.549041170460278,6.30175744544493,7.160641931792184,5.721725303837394,6.024749888896638,7.497535539746798,8.507324463768596,3.102129953476355,5.295333420973696,0.0011528778255702563,0.0012372207573755215,0.0005320148233509184,0.0005352457319140642,0.0003213157867482069,0.0002803871974945024,32.0,27.5,32.0,32.5,432.0,346.0
sub-1013,ses-wave2,26,1.3979201156667256,1.51730372230638,1.4906665207771401,1.5373820431373928,1.7514490155290054,1.5069814318195667,6.217300571722055,4.5329495342681,9.117434117844063,6.393314916952807,3.0323677121314803,7.195305669129231,10.120313992697948,7.03398151429106,8.96521396378672,0.0011523135487859601,0.0012071269069103495,0.000560531111063781,0.0005826842454322134,0.0003467243228720162,0.00030773795859002147,28.5,28.5,28.5,32.5,427.5,307.5
sub-1013,ses-wave3,31,1.4556247279067307,1.5697560648080966,1.579601357204252,1.5830605392067083,1.7946304548588112,1.5639395196741024,8.35061182031459,6.565541954644593,10.703332642706414,8.093304710395472,4.237934089704916,9.98433492917855,6.183668729859199,4.848648014757974,4.569635032323221,0.0011282018362283506,0.0012315343324820894,0.0005572162135756079,0.0005872465572011767,0.00032112240722050284,0.000317823365005418,32.5,29.5,32.5,31.0,366.5,343.0
sub-1022,ses-wave1,30,1.5176146247800144,1.60876605635108,1.659072209178685,1.6406568150875176,1.770686389824932,1.6336546892600161,5.302621413690719,4.972046945499691,5.113537851808941,13.149311764889147,4.601691216924466,10.689294164341463,7.267022145441578,8.413023453631313,4.5220276386306155,0.001102874951164157,0.0010856712276577558,0.0005618776525201004,0.000658368442064912,0.00034515750251722983,0.00034575560483362014,32.5,34.0,32.5,35.0,377.0,319.5
sub-1022,ses-wave2,34,1.5786787249636334,1.6862624052963713,1.7009787588183494,1.7064044605701691,1.8265423440010182,1.6957381736676016,5.586965975390002,5.897089474992857,7.2883642166434335,8.77688565229332,5.863639770829813,6.227876748174065,5.036193944671567,4.496771174439819,1.7740974660899955,0.0011298059068697815,0.0010947534698901179,0.0005424066543734322,0.0006816435119477459,0.000323179476254154,0.00034961285378952965,30.0,29.0,30.0,30.5,364.5,300.0
sub-1022,ses-wave3,39,1.5169583810671994,1.5907213791226575,1.6172007247678368,1.6141824907362654,1.7189494431255294,1.6184315053996714,8.05149952239835,5.84440865781453,9.754457489502148,9.946435123895935,8.20429356218283,5.332103984676956,5.807884669742869,6.906350567039659,3.059078909214974,0.0010899712523422676,0.0010955854255977706,0.000554729545775764,0.0006497321787253149,0.000343565235947903,0.0003585628945844432,34.5,35.5,34.5,37.0,380.5,330.5
sub-1023,ses-wave1,82,1.298140531372293,1.333497376041672,1.3784574391616942,1.3459856139655986,1.5567678978328767,1.3817055928080029,10.16508977696583,8.47910818105284,11.066680693461763,17.284368491748793,7.705347069477163,14.069816255064769,12.891361819443194,10.34510338134467,7.719619384848873,0.0011319680868257895,0.0011420907353705402,0.0005021685656377598,0.0006405343760310313,0.00038260649297299984,0.00035215701367578183,31.5,36.5,31.5,40.5,358.0,354.5
sub-1023,ses-wave3,91,1.1185859562522171,1.1518117020039809,1.2715639534013046,1.298430041346771,1.5162589036448682,1.2277632128337475,18.78663650444702,21.59130119051598,10.182350882899879,77.1582292703662,76.77805102503801,25.69094222639322,13.679227874058556,16.844646341439077,9.541180279102191,0.0012771245290911417,0.0012835098145704692,0.0005379544967573685,0.0005825754001445162,0.00042081093924571986,0.00031737477194259225,42.5,32.5,42.5,42.5,393.0,387.0
sub-103,ses-wave1,41,1.6090823482809102,1.512606026563221,1.7184724967788219,1.7191203836605071,1.796831099477585,1.6773078172735794,6.044546680484814,17.505915085842418,12.363624258351862,21.180485757841154,19.92549364264383,16.470041572134978,4.472738163917354,15.972443930771053,2.8425194222160846,0.0011595750201723078,0.0011919624947175315,0.000580294528934157,0.00064932954033052,0.0003490041035420418,0.0003354356744643559,24.0,25.5,24.0,28.0,321.0,314.0
sub-103,ses-wave2,45,1.681945664089037,1.6319035573951033,1.855756170245975,1.890423311976721,2.0102478757115407,1.8304290266738945,5.591200604911793,16.678041317030896,12.190930750383307,23.845179864621716,17.88069181858936,15.978141182482961,3.857391832314737,14.352915924403817,2.626492314546007,0.0011104212383898186,0.0011338534691081993,0.0005774639645210625,0.0006598082524001727,0.0003023366865756201,0.00031588615187251107,26.5,27.0,26.5,28.5,254.5,306.0
sub-103,ses-wave3,51,1.514775205502699,1.6046714271474178,1.753481405892461,1.7446415063435867,1.8248404097298603,1.7018043976243922,5.665558353663867,13.39116058668855,9.465929763437451,14.47871124707557,15.965201579806845,12.03973704289348,6.239045893599551,12.499256703216282,3.309271289935416,0.0011509287837220149,0.0012069920248133272,0.000578026418860111,0.0006345126261955805,0.0003163772087636442,0.00034851817933182855,27.5,31.5,27.5,35.0,241.0,288.5
sub-1031,ses-wave1,47,1.8596045927078906,1.8375946820642546,1.982928465507876,1.981815763756444,2.0819394535358855,1.9003112983066095,8.569673687793175,11.231067889837895,5.098717556448296,14.486270438210195,10.675855545514725,13.900740966571856,10.601275782158957,13.334213147112491,4.849145758628987,0.0010595352304032229,0.0011736855573802202,0.0005649024288140935,0.0005919427711747771,0.0002675448511581635,0.000288736348868322,24.5,29.0,24.5,32.5,380.5,348.0
sub-1031,ses-wave3,56,1.7013257773140114,1.7510279004595868,1.812542466913834,1.8080399398603149,1.955640642774751,1.7643832046542178,9.244350280003053,8.300106676810305,4.987070934630501,13.37225308593712,12.596761304045845,4.3483200347406665,9.641258173396446,9.21349924443518,2.2328991076487315,0.0010784877496310703,0.0012108590400737103,0.0006051276107731003,0.000619905067102832,0.00032096220523574934,0.0003052790626598936,31.0,32.0,31.0,36.5,315.0,309.5
sub-1043,ses-wave1,81,1.2374725207284338,1.3368973049545954,1.3696224899774512,1.375263536844407,1.4864958381044668,1.3443669667021396,10.649308479844901,10.894347402808725,6.828063820450584,11.55415905114647,13.663582593435747,9.13835803044123,7.157110393183995,13.66873504205812,10.784458923358688,0.0011293965811481179,0.00113385629185128,0.000537464762513329,0.0006204256078086069,0.00037566076711478943,0.0004069934641602375,37.5,35.5,37.5,37.0,429.5,381.5
sub-1054,ses-wave1,70,1.1972051603907845,1.319073376249848,1.3983209160765715,1.3933299886114052,1.5023060964395243,1.3228259101735758,11.48320123753076,12.166825366149167,5.477016057389768,14.977027973092472,13.132629063869931,14.389054442823326,10.773264273610641,11.789385362342328,2.992112634717783,0.0011661723623072485,0.001237880133121994,0.0005986615066396315,0.0007268043069373723,0.0004507012933533153,0.00043190977118857184,23.0,24.5,23.0,25.0,252.5,280.0
sub-1054,ses-wave2,74,1.3151668157932788,1.3897317407083039,1.404492905644141,1.395385801791371,1.5074510321277512,1.3724742057708448,11.402801657671054,7.165964407567838,7.13038391665166,8.231311137528083,11.665109701106449,3.6724532447898426,9.20962806306371,4.6201823587173205,6.662722842380293,0.0012253085341122326,0.001271501378118432,0.0006120891609975919,0.0007544611038601734,0.0004585662346748311,0.0004506741806975199,24.5,28.5,24.5,29.5,314.5,315.5
sub-1084,ses-wave1,71,1.2751815199274612,1.3807630658265762,1.3783166858762037,1.3937446473251425,1.5093470060758598,1.3807708854772727,4.895538484697701,3.4396011848891623,2.456789104103115,12.722388060637064,7.743594533027542,6.267081638027587,5.775269864193404,3.3840189585399614,4.488024215425924,0.0011550537010804676,0.0011858925050182733,0.0006178021601243373,0.0006642201545037096,0.0004431970751357276,0.0004122315323547809,29.5,32.5,30.0,36.5,332.0,370.5
sub-1108,ses-wave1,70,1.3730155869871976,1.4456546911772352,1.4771113786515082,1.5031599434500778,1.596363163604876,1.5282292072048,8.941199004481344,9.518516241642601,10.98332135510109,27.118482124961645,13.808758241768231,16.18547405001797,10.823751961780989,11.46286925508561,7.1547978074237,0.0012055465958131155,0.0011646674137088977,0.00046299266169802045,0.0006545072470711215,0.0003520810659228506,0.0003479945185216895,46.5,41.0,46.5,43.0,423.5,388.5
sub-1119,ses-wave1,23,1.6198161882692477,1.636059769721084,1.6791896286561334,1.6737737311468883,1.8437435646216,1.6791206780343284,7.448076730608861,7.916790692661999,10.766968346301887,11.575228305007885,12.731893053813032,5.767301403032855,4.440196204988203,9.514376756354874,3.3970016447725,0.001132216025143862,0.0011107785277680114,0.0005723012128146365,0.0006277783610570183,0.00032158100104425104,0.000329109984947899,25.0,33.5,25.0,37.0,289.0,332.0
sub-1119,ses-wave3,33,1.7095195584164418,1.742998600942359,1.7582854211614962,1.756865498483062,1.8946726398270004,1.7935664464257408,7.332697486435133,5.077983791647404,11.616792941019892,13.063455739146198,11.126381397611906,4.380306607758443,6.780986358738534,5.487928907020581,2.3367987340868317,0.0011151952623129967,0.0011290987502665275,0.0005533415324052739,0.0006728691302539248,0.0003393503718273548,0.0003076485648292989,27.0,40.0,27.0,42.5,314.5,346.5
sub-1139,ses-wave1,73,1.4256259762460397,1.451416821547237,1.5378121553288606,1.510656358410456,1.6912305415874331,1.4962397956307774,5.074073616208087,6.873124819878484,5.424627682005546,11.142690288947822,11.39956092258202,2.8320567558268737,7.353285268619571,10.780507586628262,7.000518586788513,0.0011928573365327408,0.0012742909953144758,0.0006226248498020293,0.0007083089458993291,0.00041150293574232245,0.00038545125311497097,28.0,31.5,29.0,32.5,366.0,381.5
sub-1139,ses-wave3,82,1.276137580359924,1.3152874315197025,1.375814410183736,1.3663442947869213,1.4636070280704165,1.3444899453809158,8.568317402313554,10.192120503486741,6.652352344357183,17.962791883394438,12.902099041164146,10.491393492319126,10.710308942077354,10.36023315188557,7.987196653274229,0.0012313736021867415,0.0013721876529489653,0.0006401488547419798,0.0007602302740131433,0.0004742760678776971,0.00048229267651384527,29.5,31.0,29.5,32.5,334.0,358.0
sub-1153,ses-wave1,56,1.244046079642465,1.3178528972429802,1.444276135784468,1.4332361738672796,1.7196638374295188,1.3845155386933414,13.896603669061795,17.194874229308866,8.194662459621586,13.395873281087702,16.572978577345328,17.423665107676875,14.743272276699802,16.35797520150353,6.241476307924598,0.001080041138144831,0.0011688328170243443,0.0005230248300196965,0.0006434596902787841,0.000349444180271045,0.00033393521894645856,33.0,33.0,33.0,33.0,371.0,365.5
sub-1153,ses-wave2,60,1.4016075420505067,1.509516344881244,1.5834481086954952,1.5869405487292507,1.786816284131557,1.5796057342019072,9.853468321855654,11.717895324762297,6.74535097388431,15.989122056779083,13.471360895266322,11.086963573324761,8.416530976301472,9.732954173643046,4.910010408931414,0.0011370235891081393,0.0011469465634466982,0.0005760360004717006,0.0006408249855188554,0.0003442602943333269,0.00033805100161101256,31.0,38.0,31.0,41.0,352.5,363.5
sub-1153,ses-wave3,65,1.3267102759869212,1.5831389212361988,1.6262086584675763,1.6088985675472618,1.7882016531271394,1.6135915643906666,7.60817132866283,11.572395916662343,8.365946934535579,16.047329915139095,9.93102063425473,13.743176034056612,2.9610464955885676,8.531877272341768,8.009841624479392,0.001090201133768712,0.0012054759228608178,0.0005681719656942213,0.0006434713658611719,0.0003398600571751306,0.00033841283002402636,31.0,39.0,31.0,41.0,310.0,338.5
sub-1154,ses-wave1,26,1.6355392334038115,1.6173473582528355,1.6666737024964984,1.6879802107599593,1.8039306807667925,1.678645110380701,6.076045629378427,12.094765751956754,8.652823247880187,21.434695431130887,16.829862405943317,13.630274655683957,3.709632653940881,7.075358254361036,5.536178826195137,0.0011388580654966064,0.0011585761852378105,0.000619957664366666,0.0006726440647071286,0.00035930656449636447,0.0003612615955717047,36.0,34.0,36.0,39.5,394.5,388.0
sub-1157,ses-wave1,29,1.3632628745968858,1.4486825361975497,1.5971472481570297,1.62977008359164,1.7413763198814252,1.6287582990007046,7.379971801482176,14.049054644941098,14.27919967831056,21.55023540337298,7.776931408233871,24.40723441370917,9.306731704175126,15.712869720079638,6.821991755247678,0.0011746543436203546,0.001110695835007858,0.0005177127923303917,0.0006064521608956007,0.00032221184287334174,0.0003274552385649971,37.5,37.0,37.5,38.0,458.0,401.5
sub-1157,ses-wave3,38,1.4585998651552234,1.5815756841162318,1.7048779208555729,1.7237048450801573,1.8545229462869144,1.7315455004488929,7.862110027136927,11.098041349144257,13.79615807140239,20.953929781438212,12.306170409462082,17.865658140495867,10.20266846439395,12.063433549061093,9.505418023185557,0.0011981986836662355,0.001178138534735364,0.0005482547603838984,0.0006643609589291307,0.0003449083708638239,0.00031479880529985043,35.5,39.0,35.5,41.5,418.0,392.5
sub-1159,ses-wave1,34,1.6369443858047756,1.6490103998362446,1.7305841464887157,1.7281644328832488,1.7977547156178972,1.724841524923387,11.779146276075348,12.756627594161909,11.637994649771443,18.578700905120662,13.427370272679674,14.75439222082148,11.375032653218646,10.683263938015196,5.816596451063891,0.0010753161019507657,0.0010446207729187752,0.000590642619364964,0.0006193940189015075,0.00030228320247260854,0.00037546975160692505,27.0,32.5,27.0,34.5,365.0,363.0
sub-1165,ses-wave1,21,1.5344741901480647,1.666807147222075,1.764217924449203,1.7550308832121373,1.8196277250982336,1.6574785583615625,10.306590344120572,10.813473699720483,4.613863705106369,14.530143216477425,14.299283831898872,8.018430364492827,14.886898581371039,16.453303479421102,6.181661862628464,0.0011079752522118798,0.0011914796675343744,0.0006231011426051547,0.0006346513860096986,0.0003388314809602004,0.0003531400519767141,25.0,23.5,25.0,24.5,321.0,269.0
sub-1168,ses-wave1,25,1.607844567986695,1.504878995323365,1.719234505233517,1.7166042285882104,1.8120364530396023,1.6612024048597998,7.552399272696933,15.561532686276518,10.587247253945904,25.239134797281565,12.790468538313636,24.010830293543947,6.9933387722059965,15.521407613087813,2.649519775911802,0.0011289501941872811,0.001105167667446949,0.0005445344175920279,0.0007092858480973518,0.0003427428216026682,0.00035294839130983746,38.0,36.0,38.0,36.5,443.0,358.0
sub-1169,ses-wave1,31,1.333259634417327,1.4264696815408577,1.499082949187417,1.4649778095262729,1.6306292742381705,1.4566311231637856,7.959367386190238,6.952735654211832,4.87222631084582,19.474667454924784,13.879796738237788,10.095637949645324,8.755527389951064,11.160860778976913,6.512537675459477,0.0010760064955966007,0.0012585701966484537,0.0005283913856762791,0.0005521437103327896,0.0003482451371539394,0.00031876327291626246,30.5,23.0,30.5,26.5,308.5,336.5
sub-1169,ses-wave2,35,1.3548984441208267,1.4625157884809985,1.50959606275085,1.4977760851822386,1.653576833536082,1.463062173164779,7.402813005426955,5.979766194842609,4.528947445975053,22.913404255500406,15.129045456284954,9.45529185449968,9.249159073271587,11.80045202677767,8.228401160297201,0.0010906568959168097,0.001218328875395292,0.0005817790463400691,0.0006090728089995017,0.0003777749501881903,0.00034181480304617986,35.0,29.0,35.0,32.0,322.5,370.5
sub-1172,ses-wave1,27,1.3667425994193345,1.3451486250559326,1.6142123327340188,1.5650443178931286,1.673131312295352,1.4153389673495322,13.278658900551498,17.080083676524982,7.083057301489392,35.036818932178825,10.292836280115921,30.282745618612317,20.446190748092548,24.91469851543163,8.13162418721512,0.0011623759863949898,0.0012210886424716236,0.0004889850033106524,0.0005287573528193841,0.00030770455729604385,0.000302293170963258,28.5,30.0,28.5,30.0,316.0,345.5
sub-1172,ses-wave2,31,1.5260961782514502,1.572851017000327,1.6192435987216998,1.6084936795776181,1.6855601432715597,1.6112562399278705,3.168017092271105,5.13799225521352,6.839355155261689,15.11643278603205,5.631691135310865,9.989364116007394,4.960043139433831,8.128580475801654,4.63118023984412,0.0011332326092966028,0.0011844054141935583,0.0005735586927240264,0.0005856161623523804,0.0003488103704575192,0.0003403334182318455,29.0,24.5,29.0,29.0,272.0,321.5
sub-1172,ses-wave3,36,1.5971025172263995,1.6426461766825113,1.6573745915944955,1.660111830536834,1.7492129678395036,1.6572330232679113,2.942941998580417,6.916182511931172,5.313228030056868,13.825965806240617,7.243233069719608,9.819654893673698,7.954844401486394,9.162370490652318,5.080457255399721,0.0011734030675143003,0.0012530407677092603,0.0005571957689020424,0.0006337719173970802,0.00033668738380164054,0.0003456425127536047,25.5,28.5,25.5,30.5,314.5,338.5
sub-1175,ses-wave1,43,1.680281353705944,1.7197995163615702,1.8726912428059315,1.910456550968505,1.9703245735085693,1.879619028636431,4.375672920781039,11.676149913460478,9.77234298821229,18.1460977644645,9.460620649414182,18.328305087033854,4.7227846889438725,8.783263444907444,4.245115626851185,0.0011864014023262206,0.001139220533023125,0.0005655629406627194,0.0006807229674611645,0.00030588967760458957,0.00033297908280630886,37.5,32.0,37.5,34.0,396.5,353.5
sub-1175,ses-wave3,52,1.6251648204821172,1.7140993199478665,1.8065629311944806,1.8340298329198004,1.7898468986778617,1.8246383489274507,2.0114872406513604,10.20111788759516,9.680396640558461,16.576470521896063,12.653005384575577,12.94428687927903,6.1370878858791835,7.4016844684881224,6.312794350505918,0.0011720791325649288,0.0011360126204505963,0.0005353047029862949,0.0006770864579136416,0.000315978540490701,0.00037071208882610206,35.0,33.5,35.0,34.0,382.5,334.5
sub-1195,ses-wave1,76,1.4120597209237347,1.5536893272413983,1.6097280671117664,1.6321495077283261,1.7392581137121612,1.6094556358043004,6.1948006286182835,11.783722230539805,6.9153798845682815,13.51498040298782,13.259225004109512,12.398466970141994,11.588352986570014,17.319337191882497,10.060148356977818,0.0012086742525566083,0.0011483338350444683,0.0005309176713049156,0.00068660540455312,0.0003734845019911941,0.00033187921985700086,34.5,36.0,34.5,39.5,360.5,354.0
sub-1196,ses-wave1,24,1.436163077823963,1.7412485112290161,1.7596812400812827,1.7503354496178032,1.756200025894104,1.7644652940350136,6.062956898695425,6.655027162223087,6.419107308534013,13.200710938620155,9.264879434480235,5.860753425032999,6.627313623646973,8.789123738602601,5.709417703462627,0.001186647416553959,0.0011366497941762707,0.00047983973407618967,0.0006617637016347923,0.0003011023924565442,0.00034906400248936137,37.5,30.0,37.5,30.5,414.0,279.5
sub-1199,ses-wave1,23,1.431856132058599,1.4454556809096766,1.6438988212497492,1.6356535473987017,1.7628103870918823,1.603760795127176,6.797435501824988,14.64024740159844,12.67444695718295,27.685358965547906,10.284735963480278,26.193652981820083,4.96564383593986,14.287678647398568,6.229918668109761,0.001220116904733004,0.0011972398753940109,0.000514697264861752,0.0005900559116088079,0.0003101731113019923,0.0003182972335101416,32.0,27.5,32.0,29.5,391.5,293.5
sub-12,ses-wave1,56,1.3765342953956563,1.4323759505359233,1.4408072714172457,1.4469824461120984,1.6186080010154253,1.465171726471983,10.675416463110258,6.512832227066252,8.769214392545695,17.082477311510655,6.0573502998746935,14.277651856651817,6.096596006170044,5.1901783045546415,7.429019234449257,0.001106575347483914,0.0010633276904047887,0.0004987986475344922,0.0006620704853948164,0.0003350670511612076,0.00038349425960984595,39.5,27.0,40.0,31.0,413.0,307.5
sub-12,ses-wave2,60,1.6418009297885523,1.7488628319100172,1.7801286157654665,1.7474913525122464,1.8585170748858322,1.7654803350513786,6.654005727716452,3.2584289821701313,7.609778250723715,9.448319010155942,5.55535270767424,5.4911224562577825,7.064641973030703,8.271354163320806,7.920391893146656,0.001133323514764872,0.0010369131522648704,0.0005805308587024109,0.000723453374892856,0.00032595862977504494,0.00037573608621201083,38.0,32.5,38.0,35.5,427.0,317.5
sub-12,ses-wave3,66,1.675680305696373,1.7243932973828018,1.7541092858003844,1.7533038437105222,1.8589288884715134,1.7802903456979209,7.016574179346934,4.69926170442082,11.22138546019106,17.728815368312375,11.972208884498666,6.0325220573128,13.063110162783644,19.035129516860614,14.527615249983327,0.0011362929068162797,0.0010832756578888474,0.0005679920848000343,0.0007453999573514129,0.00034212878471432675,0.00036515418948159005,34.0,31.5,34.5,32.5,369.5,293.5
sub-1220,ses-wave3,64,1.648643201400381,1.8113111830535447,1.837838749785615,1.8402536513438328,1.9143747707639682,1.8374001026337616,2.098864196346319,7.7725025497922875,5.821163914270577,11.250835215405626,11.988142875646865,6.3374278002937805,8.420926297577365,11.79359500722974,8.55972988461792,0.0011902834001372205,0.001141350407810536,0.0005541126794817112,0.000669678168406268,0.00034051644800270787,0.00029867409522615424,33.0,31.5,33.0,34.0,397.0,364.0
sub-1225,ses-wave1,89,1.3852137410914303,1.6192878711772174,1.6080167893315864,1.6126090052587134,1.6808866174456394,1.6173322695113823,6.5744404106390695,5.42071614689876,5.33479763485761,5.43976795668314,8.426637447481792,4.44909016799831,6.353459505933553,4.62439759428882,4.28609466281799,0.0012488006212048126,0.0011322023508069014,0.0005620460186068,0.0007414232825942286,0.0003900850074666372,0.0003860991110335235,43.5,45.0,43.5,48.5,353.5,374.5
sub-1226,ses-wave1,74,1.135059531230542,1.2398476825295046,1.255955132607197,1.267349855702726,1.4867559188945707,1.2484321986237807,14.576533484944287,15.035506006148236,4.891720180861217,61.37542549225367,61.428972639174404,14.200872303897066,17.255435257353895,14.51566935394221,12.206491497828509,0.0012291963919470053,0.0011951713063394083,0.0005146438917935879,0.0006478005222226848,0.0004015635232768408,0.0003841665368837997,51.5,44.0,52.0,51.0,389.0,369.0
sub-1226,ses-wave3,83,1.1010676015587288,1.1792373203771926,1.2310000680374356,1.3147842669084508,1.4693669912973943,1.2124141541219684,18.260316773490764,23.177660684016104,7.070672352285493,87.8486922006671,87.52812359534445,24.80362440567251,9.672516307878045,11.331196265371924,16.161982193427683,0.0013540256195930672,0.001268275814097671,0.0005956949522054648,0.00062752161606049,0.0004627078017277155,0.0003697617642229483,61.0,47.5,61.5,56.5,429.0,414.0
sub-1240,ses-wave1,45,1.31736946459821,1.4712964593068378,1.500975208815504,1.5087264169532089,1.6834436650103255,1.481685537912663,11.596756082027852,7.191384356627665,9.484214127626217,11.595659745085001,5.750651590051085,12.775151117726207,12.686300216139283,12.34652281062953,6.104381300188685,0.0011328496807597249,0.001197089246312727,0.000501997829683116,0.0005970486871761909,0.0003278195250512748,0.0003305017011714772,32.0,29.5,32.0,32.5,360.5,308.0
sub-1240,ses-wave2,49,1.228054753631962,1.3558116670732412,1.385537955825189,1.365574694143851,1.5890576728111876,1.401211030365472,11.725859537477,5.52033356082984,8.90199132959911,12.011604622580556,8.26662071632902,9.166101655577966,9.351055855118464,11.679195010224586,8.18159886255161,0.0011656930322975054,0.001191727274928388,0.0004921915564799357,0.0006178711723894629,0.00036308352656046086,0.0003367889915834359,33.5,35.0,33.5,37.0,350.0,322.0
sub-1245,ses-wave1,55,1.6561662421058048,1.6403395171054909,1.7341969987877006,1.76714677967707,1.8997767168010928,1.7485999515071897,10.871292794305923,17.509294409439796,15.192991250654185,31.0642889010935,19.909719550443725,25.859503572954544,8.981199978410746,13.84881075933625,10.07984917146299,0.0011349522408823183,0.0010818098741462259,0.0005146651910410101,0.0006417097474695765,0.0003044223505284773,0.00031167949274883233,46.5,28.0,47.5,30.5,380.0,259.0
sub-1247,ses-wave1,73,1.3168185013385338,1.4591208517516705,1.5134344555561317,1.4949625179389332,1.5344375719553793,1.4699516842333336,7.63727884694536,9.251075089043038,4.392182853734739,17.254423724209595,10.144050776262567,13.182610656753774,9.901376180257717,11.372088143113007,5.240178115800536,0.0011941742624104437,0.00120504401156932,0.0005740010883999747,0.00068305838314767,0.00040824964736303727,0.00041104724111270445,28.5,33.0,28.5,35.5,262.5,314.0
sub-1251,ses-wave1,42,1.8116280201261847,1.7248235296642087,1.951903261383057,1.955003741292801,1.8724662240734875,1.9052139349341681,8.299448155133872,21.489204248315467,16.56018267737638,16.365826843691515,24.383003428962184,17.530845056656243,10.313799434748692,17.962286627381445,7.291095480570732,0.001129668726900404,0.0011300163168925792,0.0006069971329582456,0.0006398696023497505,0.00030790239257580003,0.0003603895908911779,26.0,27.0,26.0,27.0,375.0,331.0
sub-1267,ses-wave1,22,1.453461054409046,1.4406368601717348,1.70974574129633,1.6565882104597769,1.777246310414899,1.6148907381685347,3.5275266630241124,17.994793590170303,15.017099207908238,17.104613908091427,15.626422198981164,19.57070252823803,10.109522712065079,24.084783605176703,7.011565677999271,0.0011181896713553996,0.0011118962548524987,0.0005746729220845737,0.000696726398953809,0.00035817445569548347,0.0003577129946992226,26.0,25.5,26.0,27.5,402.5,327.5
sub-1267,ses-wave2,26,1.453722876015909,1.5559249629375265,1.6078241107238105,1.6036589961262748,1.7539328493812036,1.5704265750765263,6.910580961886696,11.16360412645311,4.467622278479212,14.648003605286446,12.735847466533171,8.336300507966932,7.205317361264298,11.398711992924596,4.135014791124318,0.0011672474174028375,0.0011051557680022799,0.0005617418221475047,0.0006433102509213819,0.0003621586446890298,0.00033394947755301406,29.5,28.5,29.5,31.0,359.0,299.5
sub-1272,ses-wave1,24,1.6411207939280081,1.7144004948207994,1.7352710956904294,1.73348601342645,1.843770974830536,1.735286785759305,5.280585470920115,8.088134585146546,7.028995123459977,12.374470125079004,11.404966857310882,8.122950044700158,6.266986837918867,9.44753196728744,1.7294006591914461,0.0011317537381805385,0.0011056205165170304,0.0005278495757618501,0.0006795322197381256,0.00032424785448185474,0.0003320195170053554,34.0,25.5,34.0,27.5,383.5,301.5
sub-1309,ses-wave1,36,1.3875153430146991,1.360293518499165,1.5109800898735142,1.458169459309738,1.6718287720182436,1.3759933500577426,11.804722364725897,11.943202903860552,4.955888950689731,19.694026716822624,4.924368754328818,20.78849105037106,22.456420730642662,21.586002536484337,10.793841061464722,0.0011114488012449008,0.0011168234822403534,0.0005026392537064894,0.000617109799146294,0.0003420118664752736,0.00033441460472800075,30.0,30.5,30.0,32.5,383.0,356.5
sub-133,ses-wave1,22,1.3767248187398513,1.3564815807274853,1.4514478924263776,1.5282615439940812,1.7552319915448906,1.4614825527636643,9.12742005756862,16.48866631081877,13.880280438283263,22.57989225761679,24.524621869380944,12.598688336248642,7.146538381384164,9.441653625565188,7.399458203999158,0.001106194749643857,0.001101638378453832,0.00044425168169102264,0.0005535075950189951,0.0002718837751973299,0.00029626873824132157,36.0,30.0,36.0,33.5,473.5,298.0
sub-133,ses-wave2,26,1.5633916682608615,1.5558490302712982,1.6628361522955242,1.6848559422283538,2.0254647870568694,1.6801744974868689,3.66986709141736,14.517234202543154,14.970665951055082,16.85450143542052,16.033466878935716,14.852754186472655,2.8760366991387913,13.921333603450211,5.539023368429865,0.0011090542061392952,0.0010321036335393195,0.00046805950540095915,0.0005638191234523893,0.00026910290194550137,0.0002439852355409374,28.0,35.5,28.0,38.5,426.5,299.5
sub-1356,ses-wave1,49,1.3965979445154875,1.6293401888962658,1.6402326603033255,1.641413603573179,1.736936364962117,1.6066943893935344,6.875468859290558,5.056721427154088,7.42066066435984,14.620228350394008,12.346658698599025,3.097838453884196,7.150954924590451,3.804747040383525,1.3840018139756864,0.0010955160608897463,0.001127262064901556,0.0005368364550535757,0.0005899471230761287,0.00034092736923825714,0.00030944744168467974,27.0,26.0,27.0,26.5,273.0,294.0
sub-1356,ses-wave3,58,1.1587315450403755,1.5331541124848478,1.5588257235671965,1.5434983453375697,1.7889780827330672,1.542677518565052,3.986704812695521,5.311495223443988,6.80297376574968,19.09238518361137,10.509547713491848,9.407568046999351,5.065022589342005,7.146617776686062,5.749158949099998,0.0011110969625524772,0.0011921928110523645,0.0004999991118907333,0.0005636870387344529,0.00030188300333882306,0.0002925494971240176,28.5,28.5,28.5,30.0,283.5,283.5
sub-1362,ses-wave1,54,1.404465478890406,1.3832830493369177,1.4519305317072604,1.4665601660524485,1.6155270171527958,1.4686497689585492,10.1474509877099,14.378090273395465,10.082173175643529,20.665886878976163,19.847703910732918,10.649800883227815,8.769448989228557,11.360036117378707,5.353067219768196,0.0011037127614482078,0.0012332854208705218,0.0006252352621079051,0.000612481089120068,0.00037740899925201585,0.000390595010935733,24.0,27.5,24.0,30.5,298.0,265.0
sub-1362,ses-wave3,63,1.3316955866453328,1.3771229409509194,1.3744036806119042,1.3924174437508174,1.602455932137678,1.420987974788241,9.808951960249928,8.753914486070517,7.386902477396447,18.766654690800294,16.899290320274226,7.4152653291341295,15.138686508865366,12.147728203675795,9.071946675363515,0.0010631307717551904,0.0012013056254804586,0.000522229800481,0.0005867076387177363,0.0003475215612854589,0.00034423139512496575,23.5,29.0,23.5,31.0,266.5,266.0
sub-1370,ses-wave1,32,1.64922952055259,1.6894524105820097,1.7686012342684347,1.7731616115166857,1.8322662686759355,1.7255497074584567,9.068919508730637,13.994437472754134,9.68532782129537,16.814316107120746,17.74330205881657,11.240608461904978,7.5130631221634285,14.740468806052032,6.562609404103133,0.001098549908186751,0.0011329174517110611,0.0005951754947324307,0.0006326069855276728,0.0003316219604946524,0.0003394264431335614,25.0,31.0,25.0,32.0,348.0,325.5
sub-1370,ses-wave2,36,1.4103789644318168,1.470187838116227,1.5046314889183225,1.5142462454635859,1.7216983574913876,1.495293110452188,6.705813348492829,13.439406942375452,10.796099247345314,17.39202360620835,11.553112527161108,15.858970621769595,5.789348264096737,13.274394643444428,2.5727888548234588,0.001135654577568251,0.001206155075642252,0.0005956085944732574,0.000623342714882738,0.00033764003766312576,0.0003704102213801393,24.5,31.5,24.5,33.0,330.5,323.5
sub-1370,ses-wave3,41,1.4716572620795463,1.5564731759249388,1.5764792591525891,1.5796022803315304,1.668680334633831,1.559156289168825,9.018975179768072,9.983844918152394,5.474974196739316,13.673210422809357,15.169535206615365,7.31407986431045,6.368043079051777,8.55331836035821,4.062537578757625,0.0011227877711905586,0.0012168362967249955,0.0005904231754520412,0.0006345113784739036,0.00036971979469131044,0.0003644919537513416,25.0,32.0,25.0,34.5,333.0,328.5
sub-138,ses-wave1,30,1.7709751502473805,1.7976045217711374,1.8764598493160114,1.8850356514646431,1.8964817918011543,1.8726609627759645,4.684700755289777,12.815020795426765,11.99715591642055,13.512866273444281,15.984774019192518,8.915301302107206,5.044836083104784,12.471297794766633,1.460393994496739,0.0010809980145169017,0.0011164205795898825,0.000554312444815629,0.0006421537752842346,0.00030944584293923294,0.0003273629084736051,37.5,30.0,37.5,30.0,441.5,350.0
sub-138,ses-wave2,34,1.7361457261617468,1.819750293069958,1.847397194401366,1.8523305257278486,1.842942813569623,1.8498426066333669,3.996447060568572,8.628169587640922,7.233186669541833,11.35971744433996,9.69297283053761,10.098585098477447,3.8307195771139075,6.387217409132475,2.549894801094054,0.0010863574737808761,0.0011014613388456418,0.0005294464794904784,0.000632766773214382,0.00031599739482735087,0.0003172175663869309,34.5,35.5,34.5,35.5,357.5,327.0
sub-138,ses-wave3,40,1.6797427118676467,1.7289884550256778,1.763305346067908,1.7558312619978762,1.8630416229026197,1.7726887135722171,3.371193824471675,7.295508247574373,9.336821551990127,12.30904255030266,11.739043492347369,4.093747231233879,1.8002043100283063,7.638612209951655,2.0035253009035037,0.001077774159699295,0.0011472053679123444,0.0005503077313254974,0.0006300455440699201,0.000336667590405169,0.0002993152446682264,33.5,31.0,33.5,31.0,403.0,333.5
sub-139,ses-wave1,24,1.6711781218283996,1.7371218032514268,1.7929967071481925,1.801253234150551,1.9023339172939033,1.7230400388113152,9.793930306956167,9.147907525716427,2.4069469092512605,8.740741163801829,10.684222505767526,9.230948143388206,9.835922898983549,9.441668681609736,1.4204823100950474,0.001079036730196414,0.0011709764319177913,0.0005204156539268577,0.0006322474677060534,0.0002861181129336838,0.0003248470769674321,27.0,31.5,27.0,32.5,294.0,324.5
sub-139,ses-wave2,28,1.5178529579786364,1.606757767129857,1.662880380575451,1.6716162949618525,1.7142020434585747,1.5967562237882387,10.451978258725546,10.348773124580841,2.578822151220928,7.362544432280271,12.815469018596808,7.983381854915178,10.357936000090906,10.622658650053744,2.5248210046321766,0.0011278691459805346,0.0011129620857985346,0.0005215833936325418,0.0005868600250238897,0.00030891434485406184,0.0003384082608908522,26.0,33.5,26.0,34.0,346.5,354.0
sub-139,ses-wave3,34,1.4254893994687052,1.538857055257215,1.579940159931055,1.574984588529599,1.6921108462397394,1.5166674951256796,11.265250835740266,8.521693406599445,3.191337349596473,11.40288669777356,12.973916610828695,6.006654559413743,10.44507686193354,8.292328625080895,4.6771658924974515,0.0011435560353667863,0.0012095253034300423,0.0004926269271017908,0.0005903390088443118,0.00030839666433938695,0.00034098866259328186,27.5,32.5,27.5,34.0,342.5,337.5
sub-140,ses-wave1,43,1.3954737658020213,1.417981488598453,1.520930820494395,1.5255567017946996,1.7680936977059314,1.5012742879597076,5.8023329454427754,13.379293911956108,8.871671733558546,19.20540955766169,8.655674970429374,21.44040117851874,7.579421780439194,15.115526907006721,3.679712138176573,0.001115037372719305,0.001135717508017481,0.0005125049063486409,0.0006234000099031522,0.0003120382763529872,0.00033459206817570107,31.5,37.5,31.5,38.0,395.0,310.0
sub-140,ses-wave2,47,1.3251528356900346,1.411252513432478,1.5451500500436244,1.5209024551800092,1.7454171692433973,1.5057102979734367,7.096879619917464,14.497934682030163,9.566922301835113,21.98967447496843,11.39563699611422,23.23383013277459,8.915740743709566,13.206193823183295,5.902161143451499,0.0011305555052656148,0.0011393404467097976,0.0005061764490424789,0.0005856632146765456,0.0003005102671262908,0.00032500630640190973,31.5,38.0,31.5,38.5,384.5,356.0
sub-141,ses-wave1,54,1.5155410173808195,1.5466360680625446,1.5792350152171521,1.5945679471714054,1.6556845485007468,1.6098246077788652,8.603899249421568,9.18745161692588,8.252042966999348,13.379321313539062,11.167943109533233,9.587623164045297,15.607186817837661,13.752124981576904,7.848436718867478,0.0011445027824568874,0.0011603026207868585,0.0005139218192198314,0.0006471191962940365,0.0003510360797614946,0.00035670604514801676,30.0,33.0,30.0,34.5,286.5,311.0
sub-141,ses-wave2,58,1.4510925211501764,1.4552188573976712,1.500678437494698,1.5284679634616058,1.6960048592503274,1.5136874714771702,8.843747776758697,11.92574775118074,6.758103361702888,18.500323824797036,17.763691869784786,11.929813253841477,9.767993459472528,9.132362411881745,4.234722025350161,0.0011262621045051127,0.0011147256839691409,0.0004920441360061422,0.000649646980417547,0.000332023125893456,0.00034116761188695015,30.5,35.5,30.5,39.5,343.5,335.5
sub-1431,ses-wave1,40,1.5612679030404437,1.6309303981178815,1.6710756294524782,1.6686405727836355,1.8568633359862055,1.7052775502130588,7.836197460198129,6.75276783104432,9.963211900454208,7.440997159260624,3.6563531097150603,10.071736839472536,9.324703444048938,5.051962551637217,3.5943686848365486,0.0010838521828343288,0.0010942704054933655,0.0005503094284943334,0.0006238123434291545,0.00031500204623543767,0.0003205650242783911,39.0,40.5,39.0,43.5,448.0,345.0
sub-1431,ses-wave2,44,1.3684997975783033,1.50767342780561,1.546834827152788,1.550374190674256,1.7410482884977956,1.556755005758709,12.048428406780891,12.004566817813256,8.562025072325728,11.666554691694614,12.880997164753065,12.659327607647022,13.77996997629883,11.726516341115945,2.992268197729013,0.0011503438134292654,0.0011239867039350277,0.00048630599823523853,0.0006191670278098136,0.0003040017226769423,0.00033098943008465415,39.5,46.5,40.0,46.5,409.5,402.0
sub-1439,ses-wave1,32,1.6305560116914986,1.6342745971341839,1.7352397289244104,1.7558727735210564,1.8130648089271315,1.708962539295036,8.82769193121719,14.479866759914351,8.919481298389282,16.820043136685804,16.535651223653485,13.71650685580487,4.58214065644549,11.367811178807894,5.370013064454171,0.001143724173265295,0.0011116862100168264,0.0006028244721452019,0.0006483735460477172,0.0003180163353734219,0.00037735220480960435,35.0,39.5,35.0,41.5,444.0,364.5
sub-1439,ses-wave2,36,1.6732613793811897,1.553099910645876,1.7867288367366425,1.7241742373172686,1.8259872143375868,1.7208633831769347,9.547002395011686,14.29654505403851,15.712496965533699,17.53673200214113,10.708275985191879,20.081359749697985,15.987907090982239,25.531367955422983,13.120680925321158,0.0011176719105449218,0.0011682248104989412,0.0005280189884378085,0.000738551335871307,0.0002958132999517904,0.00040038551969701075,32.0,32.0,32.0,32.0,453.5,391.5
sub-1439,ses-wave3,41,1.7291798920049923,1.8657302207894761,1.9474046376136687,1.944025727518437,1.9172546797814038,1.9105184530172457,5.737069441827856,8.131538511153542,6.329135791902841,10.323406457692283,10.95054717594995,6.098854145057199,6.871645255993323,9.518965825186736,1.6756798458707785,0.0011118730782173872,0.001133311312641888,0.0005905876740447031,0.0006775833041893652,0.0003246375283399377,0.0003370980894994237,34.0,35.5,34.0,36.5,419.0,383.0
sub-1444,ses-wave1,31,1.6634206249270207,1.7370107710481024,1.8502806538086347,1.8213809847095828,1.9902283875463616,1.7622860652289138,8.735727523731871,8.516514834583532,9.20339139147448,12.90045908085572,13.66165404438641,1.2105926615514133,13.041667279376846,14.619086688918454,6.727699856494951,0.0011027623603280573,0.0011161874571674465,0.0006262030522963496,0.0006310919308210335,0.00030568173727842665,0.00033906924278047276,32.5,31.0,32.5,31.5,420.5,379.0
sub-1444,ses-wave2,35,1.6628473270249873,1.783722638894464,1.8176749564351944,1.813501772488192,1.9758816219347453,1.7852659196685319,8.354419587431327,4.536882559279761,6.985937195475859,11.721397210660879,8.317628369805387,5.057695907643326,19.14088240323517,15.783796368340163,11.432698645814273,0.0011020872560847136,0.0011357837573219664,0.0005739236188000413,0.0006277467671585886,0.0002952742793207074,0.0003130831109940277,28.5,33.5,28.5,33.5,401.0,371.5
sub-1452,ses-wave1,36,1.3382455140441167,1.5970820783670283,1.6622432679462407,1.6508477855055188,1.910961346755181,1.6256380168718043,6.68688548053673,10.043730774017206,4.319001068329077,16.740819935430213,16.256210076797224,9.059944597631308,8.503260122119407,12.21530994677417,10.385657573806963,0.0011077512159745847,0.0011157195849315913,0.0005206969221944746,0.0006577732159657347,0.00030727540952819464,0.0003101597210457619,33.0,33.0,33.0,34.0,329.5,330.0
sub-1452,ses-wave2,40,1.1302330456374126,1.4730379424623705,1.4859959194652212,1.468746191499087,1.7395833889688106,1.481670196288581,5.34145864187286,5.557003401829739,3.877238955872822,11.877337271863372,10.89285133913934,6.34206010309179,6.085823697556085,7.22646737797699,8.806103686323588,0.0012164665265327363,0.001170297387072672,0.0005197158578214276,0.0006610308991842249,0.0003454237681758762,0.0003333588654550302,30.0,38.0,30.0,39.5,335.5,328.5
sub-1452,ses-wave3,45,1.1746020544292612,1.4610316865228627,1.4708363649834206,1.4563989597978884,1.6763125398604521,1.4579194565482352,6.4050424874538034,6.372019804698969,4.350885365860271,18.478393843696203,15.847352527413843,6.294745963113307,7.490972638484992,11.706527001220138,11.679197038377108,0.0011269705071092835,0.0010994465651731986,0.0004925000958066467,0.000578198123740118,0.0003393049386606362,0.00029946492144230624,34.5,35.0,34.5,37.0,338.0,341.0
sub-146,ses-wave1,21,1.3683959928585945,1.442652140454316,1.5104441055804407,1.5358504363277814,1.7417410138170801,1.48321719576075,13.96307186962572,13.378548208637062,6.329326147577548,19.814536458978214,19.00011623034799,15.080892389512336,10.257100237972036,10.086080926555567,6.341416981161842,0.001115924903828155,0.001205510462342206,0.0005183303244027024,0.0005798725333175083,0.00032867842096472445,0.00031014536949091086,29.5,24.5,29.5,27.5,315.0,308.0
sub-146,ses-wave2,26,1.4834831848358148,1.5868174383804652,1.6437237780916185,1.6373737702399778,1.865671308566679,1.6236841328764635,9.624190522278408,9.372796468460137,9.244857406002478,11.735701408697732,12.835948250731441,8.274546716415916,7.836829066021446,8.826432415570395,2.6767108263536774,0.001131007354870748,0.0011537448739545654,0.0005836941524830383,0.0006273915904785099,0.00032251033676027193,0.0003291692218908793,31.0,36.0,31.0,36.5,309.0,340.0
sub-146,ses-wave3,31,1.4936526108840817,1.6130346684228596,1.6703031736615066,1.6902180048184787,1.8607281558619002,1.6990554916767953,8.118100074660626,7.069996854606462,10.581551811434416,13.525858265138549,12.509193484236896,5.385844050346343,7.901265367675761,8.491602676896163,6.098173679197121,0.0011651668524684604,0.0012364585778202306,0.0005772327591529109,0.0006743340792901883,0.00033222121037244446,0.00034068922049921224,31.0,27.5,31.0,29.0,254.5,310.0
sub-147,ses-wave1,51,1.422426204900375,1.515846787583269,1.5708441778942208,1.5562892041813987,1.714804382255827,1.60375775514991,8.762018545710328,7.245096649067138,11.012974646797726,15.243857420146973,9.325664938425898,8.368283809366622,5.235547886205199,6.596057219763474,5.774429362083161,0.001118484913604334,0.0011612578030590983,0.0005601302599879327,0.0006152513518992981,0.00031915296670006316,0.00036688768361107745,27.0,21.0,27.0,22.5,255.0,270.5
sub-147,ses-wave2,55,1.3287354528670594,1.3919359024977933,1.4599514107856177,1.4634619371489275,1.7081381263978896,1.4441487199453102,11.700127241855055,13.12667756274863,7.210717012071972,16.15894326932738,12.659072631291881,15.458601425254262,8.096470993811376,10.835615784391575,5.709500754275641,0.0011054946500751502,0.0011361242359271273,0.0005431754841035978,0.0005886532215465029,0.0003503967801868407,0.0003154965702792238,28.0,22.0,28.0,24.5,286.5,303.5
sub-147,ses-wave3,60,1.2769632006529716,1.2713646579556952,1.3920630483690277,1.375545986463858,1.5333520775366516,1.32680713916747,12.636378904905056,13.93849582084296,6.419334387791067,17.5730448228634,18.532735198655942,11.582925684823506,11.955535172570901,14.172157887258967,10.165792765231522,0.0011685261464056869,0.0011886494500850816,0.0005425550192740047,0.000584583748714067,0.00035830128584469394,0.00037694955226643724,27.0,23.0,27.0,24.5,289.0,294.5
sub-1476,ses-wave1,63,1.1925328793370524,1.3329968755419048,1.3939890117161897,1.4322010036241566,1.5203955680217722,1.3812511444650448,9.786322307666593,12.133685896355157,7.93869910622913,19.80545325345076,10.822723216231076,16.786071231601476,8.15966723151421,7.619137742123188,5.367561703219398,0.0012172346595131483,0.001232735638460564,0.0005248009109934737,0.0006245097400293359,0.0003813294005036975,0.00037667823441249004,41.0,33.5,41.0,40.5,319.5,339.0
sub-1476,ses-wave2,67,1.0907552159615141,1.2296362268254262,1.31750727489076,1.328633483120896,1.4933142233126244,1.2534767610897863,13.928761216013303,13.379130579416358,5.7537201121952375,57.608179730110436,54.74430350420414,13.07097988881522,14.148549429248579,13.303540993151556,2.3503014537489744,0.0012823780896693436,0.0012138830295480205,0.0005399614451248809,0.0006817859126528037,0.0004192118286649868,0.00039871815891258356,49.0,35.5,49.0,39.0,326.0,341.5
sub-1476,ses-wave3,72,0.9855495786117245,1.1053726989323605,1.2555485178529968,1.579068689135711,1.5195977408342962,1.1418512348430796,51.48130686520622,49.031150443191315,7.368079213128917,81.6559632375754,81.82277879654922,22.97195132223045,19.09832147904634,20.13634174887087,34.430798632116506,0.0012653638924590327,0.0011965828098661612,0.0005371637343084463,0.0006565361129661875,0.00037199326391914174,0.0004129725008949648,61.0,41.0,61.5,48.0,380.5,377.5
sub-1484,ses-wave1,60,1.5630053352624027,1.5619274424017757,1.632600334234552,1.605931559080216,1.8763951597055466,1.6087898011806894,4.476072240473576,6.594989936609153,5.412084305294944,17.330684273081975,10.7827144005344,9.774465116624306,5.782294968597989,9.215431055946446,3.311508302566682,0.0010802504136236853,0.0012279072588679786,0.000604933205259007,0.0006154681680849395,0.0003508959667486415,0.0003258500034355212,31.0,32.0,31.0,37.5,278.0,328.0
sub-1484,ses-wave2,64,1.3042954056075309,1.3937688792532683,1.4690105986674626,1.434461149028603,1.6967938689459294,1.4357793038974056,2.4579389648178944,6.88904036543012,5.214417749949886,14.188920828801006,7.360413234668032,9.517771189590995,6.9388270492170125,11.99728714449683,6.151622028980652,0.0011001597838764601,0.0011683850529672262,0.0005351281203920762,0.0006516890122838959,0.00033330998346193104,0.0003660765379078969,25.5,33.5,25.5,35.5,294.0,298.5
sub-149,ses-wave1,68,1.6144845465979087,1.6028232316799451,1.7614823175256853,1.743303680245365,1.8788262638869067,1.6581771085199344,12.965809821368026,12.47942909377785,8.239172090356476,12.138352243930086,9.025478049369024,17.304593666915768,16.04342810344534,15.261957573738222,4.0310804746672275,0.0010722767457164908,0.0010995576952284735,0.0005871443418568973,0.0006945601312465788,0.0003645109923540572,0.000321038528671211,21.0,20.5,21.0,22.5,286.5,265.5
sub-149,ses-wave2,72,1.718173934710828,1.7552548126807384,1.8833365874714532,1.8575850871447739,1.963246515634671,1.7803399757484364,11.339504105174338,8.296025215891811,9.09597837394894,14.69302758961921,4.071691462989803,14.831242497922734,16.47508935309667,13.545430406573873,5.683872514900445,0.0010991314490092917,0.0010224688168449761,0.0005781682494853158,0.0006752333860988628,0.00033180206613906197,0.000315158798556418,22.5,23.5,22.5,24.0,259.5,261.0
sub-149,ses-wave3,78,1.4366418071836775,1.560142845403972,1.6203287150698733,1.613150368988534,1.6863164139335933,1.5864086550493872,13.666769533664368,11.980232690355948,7.380667916302965,10.5760333092346,11.543293404944507,14.058242478934684,10.955763849966633,10.465951290006348,6.1208492759291655,0.0011292885503043299,0.0011099900990603087,0.0005859298253199086,0.0006583086026670492,0.00037366793074634984,0.0003660279862030976,23.0,24.0,23.0,24.0,306.0,278.0
sub-153,ses-wave1,64,1.4571117352753697,1.5149039413563141,1.6077374846574308,1.6267803375591072,1.7337171747221651,1.5678641505612574,6.958486883780692,10.306054709040843,5.983938335160346,16.780385398695515,15.167633603451328,9.169043432313797,4.860284688698213,8.517809014903643,2.7319593071574637,0.0011393437908556337,0.0011596964829913318,0.000583104552158982,0.0006352098473305286,0.0003684114594366297,0.0003366814359817241,32.0,32.0,32.0,34.5,346.0,411.5
sub-1531,ses-wave1,82,1.1634229348978327,1.2778924900188184,1.326388099392962,1.4053191707650712,1.4349148829331875,1.3197904201245867,9.578185537038028,15.598929274203844,7.712785200937185,21.660804125974188,13.88518693260071,20.251437002323765,16.57920080287006,16.75735578765847,22.94755004537909,0.0012851372897928178,0.0012168544992877573,0.0005173426398696881,0.0005922795554871817,0.00038601185199679187,0.0003906622387762136,55.0,50.5,55.0,54.5,401.0,414.0
sub-1543,ses-wave1,50,1.4913019933840568,1.731445505196044,1.8401545269920445,1.8488906556295055,1.9325390360475683,1.8356220347693382,5.800967916469394,10.957345557018273,11.19504800683778,19.5743890550638,16.130758300505036,11.045681644435346,6.675363930276481,9.462595516161683,1.9049870460106368,0.001014845800361223,0.0011283180791713567,0.0004963754769910454,0.0006212422808554645,0.0002446346869654448,0.0003351949433580916,35.0,36.5,35.0,37.5,342.5,383.0
sub-1543,ses-wave2,55,1.225397438729079,1.4357721372486427,1.58693782562657,1.5620095390521573,1.7535619970051868,1.529156174302635,8.285355037587301,13.931092099937466,9.683347081448137,14.329018469516141,17.97947341149971,7.774117677054422,9.639430834679574,16.671543391309115,3.1043044422248,0.0011110339469536591,0.0011709951549840262,0.0005640375688124229,0.0005942849470896651,0.00031822693611448976,0.0003440982112997996,34.0,40.5,34.0,43.5,322.0,374.5
sub-1543,ses-wave3,59,1.3649684443128143,1.5802460874086361,1.7052940696919159,1.6746774072356732,1.7554012174354352,1.6660171526929846,4.6186934055501805,9.353394353779576,9.577076388248525,14.764186590811132,14.41027238042771,5.1448696302925745,6.498395590429533,14.614560148647186,5.47820028154236,0.0011235027470522458,0.0011406034002281976,0.0006183280890801488,0.0006290374992767326,0.00036846449012077284,0.0003418057795825585,32.5,35.5,32.5,37.0,346.0,392.5
sub-155,ses-wave1,21,1.620418533802713,1.5076568843037652,1.5946990848309064,1.6228451884817274,1.6878884619617414,1.628069343236632,3.3208294708794135,10.701744305908079,11.40331224061163,15.078392005953713,7.398821188435637,16.770102941023488,13.675081646937537,15.766132185528784,10.960186954017912,0.001093250464341625,0.0011676141466285903,0.0005102324365006005,0.0005616611104361826,0.00035153794617693066,0.00028963704615994867,30.0,36.5,30.0,38.0,409.0,405.0
sub-158,ses-wave1,68,1.1033085043362276,1.1823312216700543,1.4910399262931775,1.3858026479995844,1.6627120668787767,1.284857514704582,19.56275267811438,24.835227723480756,9.139653390170254,35.791280973290014,43.13896289344521,21.468672025765528,18.711047665376867,26.519312510867977,9.829707940757897,0.001101825432378451,0.0012373981043873798,0.00042298948175849966,0.0005763274025022318,0.0002889318126429776,0.00031199447108693195,35.5,32.5,35.5,35.5,379.5,333.0
sub-158,ses-wave2,73,1.2720461969727246,1.4879965491711733,1.6399714768209834,1.6130817909450572,1.9847784717125687,1.5844000400077305,10.078221610129205,17.641710057798964,9.671398103784432,22.33438841448229,23.35564788965802,16.162588605717833,10.87957928255493,18.928925816159325,7.543959767893141,0.001099735738721509,0.0011683675828655332,0.0004705331502452445,0.0006285758944853258,0.00026426993475615353,0.00029595145938119094,39.0,34.0,39.0,37.0,374.0,334.0
sub-158,ses-wave3,79,1.4508703512411216,1.5788107904242104,1.6199170643289214,1.6010896854340424,1.7898246632119053,1.6263145170607185,5.656201824730362,9.004881073500044,8.61937327258526,9.195758207505914,8.76003820682343,11.064752801636562,10.683064567558372,12.930298375347784,8.267532655741451,0.0011666336695243416,0.001321658721877809,0.000564912170965407,0.000684373398774178,0.0003353808857715554,0.00036417496975728087,36.5,31.0,37.0,32.0,362.0,307.0
sub-159,ses-wave1,36,1.2763570698074607,1.3754272728657375,1.5281089658081402,1.4548235940501928,1.6834255242750769,1.395680591605071,13.510265336225505,15.899658998983996,3.645226499880116,14.402219114605051,11.745596943035661,19.24778267373337,18.680847124704172,22.160566108069432,12.300221494037897,0.0011842862246694138,0.0011564568476663253,0.000488141853575498,0.0006471769306561769,0.00033892233605238055,0.0003456388813819186,39.5,46.0,39.5,46.5,448.5,423.5
sub-159,ses-wave2,41,1.1924773304986855,1.2735543310460744,1.429731322950934,1.4430555788953947,1.6703555603674172,1.3099418727282912,15.732992688823746,18.80769763084222,4.1024826688014135,18.659399715351626,24.138825851038867,18.413397431286832,14.135141092025851,17.347498038235308,6.243365133275286,0.001182924753607846,0.0011059000504712118,0.0004929816721298576,0.0006034876043102255,0.00032511004261445806,0.00033137210141682136,47.5,47.0,47.5,52.0,464.5,440.0
sub-1591,ses-wave1,73,1.0612059045248192,1.2502702540314456,1.3314161028253824,1.3177921951932563,1.3780632723515138,1.2788721201665068,8.565632069081618,14.60728256212159,6.725179373554829,11.274216045748854,18.852205220101418,13.945966783831633,14.957867612572521,17.182885816693247,7.995523960887435,0.0015429193211981532,0.0012370119409358784,0.0007456122980551987,0.0007666659185889403,0.0006325526117163807,0.0004645441977363835,48.0,37.0,48.0,38.5,366.5,354.5
sub-1613,ses-wave1,71,1.2910230011013164,1.421945961359521,1.5681488161237405,1.570034210627918,1.6811905701166872,1.4760136948502962,13.783349550311161,17.26302656922337,7.014173478993747,21.22180349260918,22.986247844369238,16.138574423333232,9.736931947533195,13.290960517770873,6.677117637948524,0.001132214405030633,0.0012105603406043209,0.0005008545684783408,0.0005836081416237459,0.00033203437027016965,0.00031299687889770815,30.0,28.5,30.0,33.0,339.0,323.5
sub-1615,ses-wave1,43,1.3674457828640785,1.5936118587981936,1.6892146710766585,1.7108481414595067,1.793734330340161,1.6913574075566533,5.029585702872551,14.103560543678274,10.537035625785299,17.451456034373578,14.600228723175572,16.478013238048085,4.726522422202077,11.615979338201434,4.8757275671596325,0.0010569697164482987,0.0010533460628817251,0.000512141157835143,0.0006837597942567094,0.0003090725212785281,0.0003581257375814782,31.0,33.0,31.0,33.0,308.0,320.5
sub-1615,ses-wave2,47,1.260048179442703,1.3424549377265143,1.4256574443853949,1.4438038957165165,1.5960271270452662,1.4074537338847186,7.746020726827623,16.652680932092593,9.612501943279375,18.820693548891253,21.979871835351652,13.58826909683567,8.653743529693713,16.48356945208964,6.972151784677182,0.0010573932476407395,0.0010437808827393584,0.00048394148758140943,0.0006077134128039082,0.000346019928148076,0.00034105711561601814,28.0,37.5,28.0,37.5,357.0,315.5
sub-1615,ses-wave3,52,1.3391541460284353,1.5487905800085264,1.5913263584575783,1.6037481153495832,1.6787586127123089,1.593744095687689,7.345600609357152,11.789455246217045,9.22976951936372,15.216965843492732,16.845038483670677,9.80437556436574,9.937569545316146,15.578635252258517,8.056256505030747,0.001124043227589157,0.0011463870337191859,0.0005128595076765306,0.000681641665441395,0.0003624239777054369,0.0003520395789725144,27.5,37.0,27.5,37.5,340.5,320.5
sub-1617,ses-wave1,73,1.4859013527648806,1.5919014240112412,1.6220194789141948,1.6390000173456456,1.7572891876932897,1.622991115939866,8.485694752120224,13.777433605594343,11.229702081012007,21.616531018776527,22.370513577795784,4.0404179689942366,6.760311922061147,12.484405430814732,4.460263036141814,0.0011902838288313853,0.0011767575587631049,0.00058186714905344,0.0006911651444776604,0.0003547539284463777,0.00036988299161748727,33.5,35.0,33.5,37.5,413.0,354.0
sub-162,ses-wave1,45,1.4564504029236858,1.5633171452639913,1.5869404961564428,1.5635798671314214,1.6629562509571227,1.5861756461296732,3.1949168341585503,7.224014652030289,7.113595738239537,8.49814400589754,7.75629438296165,9.439950203772526,7.13112322038831,13.801836612753775,8.343816442429105,0.001166544979979163,0.0013176904660944246,0.0005761284108646922,0.0006312221033137845,0.0003731677993036519,0.0003572573724582534,34.5,28.5,34.5,29.5,351.5,373.0
sub-162,ses-wave2,49,1.3511465253173118,1.469098077628403,1.4634347478070415,1.4642040117262871,1.6008629331137207,1.4530346248117112,9.663072943257339,7.854204032638589,6.498646856176946,13.93608206910774,9.412985665646698,9.763905249990152,14.560474177546954,12.845549505713286,8.691640858645961,0.0010823122365763993,0.001192839362092541,0.0005403974464570638,0.0006011726209673609,0.00036127141402175766,0.00035291500619324175,32.0,28.5,32.0,28.5,341.5,349.0
sub-162,ses-wave3,55,1.178494700957362,1.2958940820074414,1.3213177110514556,1.342580944167001,1.4987149124607346,1.3156926134260103,6.563594903653704,12.556395381910527,8.18353260357123,15.99256035194659,8.226330127261457,18.79043904551952,2.098739317595625,9.639159194594747,6.584706654150853,0.0011096946399417364,0.0012559379680403535,0.0005038588987958939,0.0005863874534394167,0.00034655425426267743,0.00038126432056324086,39.5,32.5,39.5,35.0,333.5,367.5
sub-1626,ses-wave1,76,1.6325745599760602,1.755849873049252,1.7515952382649322,1.7490441724407053,1.8269580277379782,1.7495642365725201,11.320519520916685,7.280041985495802,8.785300170767034,11.960255036420488,10.841676566937277,5.493285656805613,6.440659942234944,5.367704023261403,7.736579053393118,0.001155249625311033,0.0012020232343654773,0.0005859147250775074,0.000669383525606603,0.00032488169673971026,0.0003658983180734999,30.0,30.5,30.0,34.5,323.0,273.0
sub-163,ses-wave1,46,1.4743403541815736,1.4601087102976182,1.5492476231455063,1.5226540480289295,1.6800155669994634,1.510464512586863,11.01410386365925,9.736209156985298,8.016199507474951,11.326509697416757,9.947614750499277,10.42190383074956,14.36522111023544,14.091174242359312,6.169038176205716,0.0010708277218167068,0.001173282892855313,0.00047361993457351135,0.0005872105315257426,0.00031087038564806837,0.00032173051879778674,34.5,32.0,34.5,36.0,342.5,352.0
sub-163,ses-wave2,50,1.518629087283795,1.4706610765001638,1.6468981287625577,1.6132844217195426,1.7716005100616612,1.5313748083230667,12.305895345714415,15.079912959410573,7.589155517944143,20.76872599078129,21.34902932094964,14.314979589903928,14.715005951367203,19.499531194823334,6.53800558416758,0.0010658377439601487,0.0010843106606473775,0.00048203414521021614,0.000563344333071286,0.0003029861252324728,0.00028965530018883797,34.5,35.0,35.0,35.5,359.0,364.0
sub-163,ses-wave3,56,1.4993689281702158,1.546642317641496,1.5802764155896947,1.5770628497816572,1.7872092146361243,1.5519636378210233,8.159699258546027,6.90838548841735,4.712075942430294,11.667909771977547,13.526277556118114,3.7738943855481066,8.327149454561708,7.304077609455085,1.7507695306873923,0.0010839774650347623,0.0011575136619860365,0.0005033088738771807,0.0005979106693355847,0.00033860155724152257,0.00028264657197137093,29.5,28.0,29.5,32.0,308.0,349.5
sub-164,ses-wave1,50,1.4870954049549043,1.6114191465945975,1.6191219380591324,1.6295912204280838,1.7232361171317296,1.6194087105950374,6.183354302887249,8.90052921303185,3.0647728094546025,11.985870337653418,14.588392084544125,4.047662874260926,7.524076999539291,8.944293771166796,5.429488048863525,0.0010580981411653632,0.0012002227929203057,0.0005511918581610528,0.0006080157015406128,0.00032319563530511643,0.00035012236352391574,30.0,28.5,30.0,29.5,310.5,373.0
sub-164,ses-wave2,54,1.4946316886494988,1.628703108117138,1.6951140527611295,1.7013753153096838,1.946353195736517,1.6608858489143246,8.202285349895211,11.975294506497907,4.139480957037772,13.450003214468303,17.564641792053592,6.987476002826279,10.22409142008614,13.055964624983147,2.989166567915054,0.0010509920725656706,0.0011090720848490794,0.0005249053776365585,0.0006466740494943223,0.0002901760910963524,0.000326379036414437,28.5,30.0,28.5,32.0,348.0,359.0
sub-1656,ses-wave1,87,1.1500187219489233,1.316998976274976,1.3919623041630242,1.4214574168484335,1.5156218517546813,1.3459942666781917,14.36719350758629,14.295260480332873,7.338851206415409,53.8342479890957,43.32043474235815,22.662168272379187,20.21534557044361,18.269138033988227,11.673891725225833,0.0012592287186777365,0.001304261763774169,0.00047763923713120895,0.0006099150656761291,0.00036290914505102015,0.0003544212057022378,38.0,30.0,38.0,33.0,266.0,294.5
sub-1656,ses-wave3,96,1.1002164665872072,1.330216328543949,1.388449232688973,1.442097419793337,1.5280350646764527,1.376469308533102,11.00834605069235,17.08077045548609,7.662477244219199,43.6071787796743,28.83991389185403,26.526875593277094,10.429653499101892,11.580522389205573,8.64858390678602,0.001286722788019247,0.0012019801080199064,0.0004966462672540491,0.0006662003844907945,0.0003796940335715507,0.0003808704527529502,40.0,32.5,40.5,35.0,276.5,279.5
sub-1685,ses-wave1,60,1.3142642570266108,1.6950258614223994,1.6953330915905904,1.7014959294046959,1.7638536788710613,1.7202459294425136,8.420872999544537,4.0474843256909265,8.683503812847178,7.029894665764255,2.048289074698242,7.034424590836573,10.266774628097064,4.649680677685188,2.1111779848347063,0.0011045218162882306,0.0011969444757726575,0.0005298447363220118,0.0005979341914488551,0.00031583085640472835,0.0003234632868498011,32.0,33.5,32.0,36.0,307.5,300.0
sub-1685,ses-wave2,64,1.1532708827759732,1.507938439196301,1.5259592697378102,1.5106735715287463,1.687829631996565,1.5165825596081244,12.064509079865775,6.232303802211229,9.846438442407166,7.779498615299154,5.029520160094432,8.771404003210396,13.556299692658637,8.047586602445056,4.854692181784677,0.0011759629528749756,0.0011738225474123864,0.00047032679057488645,0.0005894452583021135,0.0003128922858400727,0.0003146883512046661,38.5,36.5,38.5,42.0,301.0,295.0
sub-1685,ses-wave3,68,1.3261861038222922,1.510224623127335,1.5098609083098098,1.5110320966829784,1.6302821365946656,1.5278579045825493,8.705924805482496,1.8971171764966073,8.38587481114474,7.714194899418747,4.567596876901122,4.148712220419283,14.421965620937966,8.581900194793672,7.161570310852741,0.0012194270131875022,0.0012135988620822458,0.0004964315519037482,0.000631301842275372,0.00035360597520485426,0.00034292068290100856,37.5,31.5,37.5,32.5,332.5,279.0
sub-169,ses-wave1,56,1.265900850115389,1.4075787475236816,1.547824087714123,1.5677720524448282,1.7446791921264073,1.4918104110842927,17.83220880940585,23.03402009242479,8.412683303851654,18.4658045365688,23.71669454509194,25.270547950683664,15.776381794371446,20.277483956405113,11.238932444326915,0.0011244778856246305,0.001082477441934426,0.0004992227425989412,0.0006524736291298309,0.000317257984352872,0.0003433674643695144,32.5,32.5,32.5,34.5,432.0,323.5
sub-169,ses-wave2,60,1.3451962135948374,1.623369019278511,1.663726336423654,1.6896857077011331,1.8633011902211878,1.6447085750153319,11.252101893857665,14.4094011015886,3.4371319662053694,16.49163167625601,19.933774213303415,10.775748711231643,3.7808591442204817,6.517526307419301,8.035907248166517,0.001162844729454567,0.001116228622110091,0.000560151593879599,0.0007152678989504855,0.0003467599513400769,0.00033887073189458835,33.0,29.0,33.0,32.0,388.5,314.5
sub-169,ses-wave3,66,1.2091425309587636,1.4892372774130225,1.502687501801197,1.5147668043667388,1.6996134951687978,1.4850455274166658,11.963623227508695,10.981961144771855,4.215531278015703,17.88151779950435,19.811067065138612,5.2326327108890025,7.386650537742773,6.815606028120985,6.623966012775814,0.0011694943494228317,0.0011486507690365432,0.0004984209595063516,0.0006752392265254803,0.0003508712104177609,0.00034198572271158074,38.0,37.0,38.0,40.0,410.0,319.0
sub-1759,ses-wave1,61,1.513779757675021,1.3895830833109415,1.6994616297932512,1.6932828213837743,1.8128597312496635,1.6150514104716502,11.818089439019186,21.51910345718229,19.576433551474807,28.23847535358079,15.279529070875688,31.823420334545293,12.42288010196431,22.06390005419089,2.5389343467665384,0.0011028513088948218,0.0011141366632728023,0.0005380510088257692,0.0006508502221030149,0.0003449659679726874,0.000313143500203036,37.0,33.5,37.5,35.5,386.0,349.5
sub-178,ses-wave1,52,1.313417766550414,1.5170060171829114,1.7191903475639143,1.7041854944458645,1.7431797052338283,1.5503055128013457,14.968115237949867,16.982414392708534,3.8458732115326506,20.170026038723826,22.151347591997684,13.704929165741882,15.39322773909936,18.55354326637101,4.612238580945521,0.00116269229196901,0.0011558400834516046,0.0005533156988597264,0.0006181677399044474,0.00032122384075964044,0.0003510339315413914,38.0,39.5,38.0,42.5,387.0,363.0
sub-178,ses-wave2,55,1.3150830707285888,1.4443596113350339,1.4652133781702004,1.4812245658582075,1.6106261870645722,1.4353167807675224,12.073728742006775,9.741647068836112,4.666746692734191,14.074399336001669,14.421961177717325,8.827089756976351,9.503357965535333,7.988636626350081,4.782748713823826,0.0011885716713442185,0.0012404541066057956,0.0005330344998269695,0.0007244604648643607,0.0003509252082538199,0.0004300161355686739,37.0,41.0,37.0,43.5,387.0,372.0
sub-178,ses-wave3,60,1.409052584909186,1.5479182413268813,1.607419819062174,1.6131706975507614,1.66718836521268,1.5493456800461987,11.73076942544881,10.981797786022783,5.510148177604112,10.691881256417208,15.815433582890215,7.090073571359531,10.904941203987523,10.94070884708179,3.2084911366484263,0.001163285721232762,0.0011896972195025812,0.0005161581459546913,0.0006476009435552781,0.000349225070198317,0.000349537269168037,37.0,40.0,37.0,42.5,365.0,355.0
sub-1784,ses-wave1,38,1.3493867317162653,1.4348754253510996,1.4412400291548844,1.4294970466567745,1.6086118240359657,1.4297664118953701,4.499824918908027,5.399115684955477,5.861976940236085,15.969986324343854,5.86466925219994,12.411037566414905,6.5093680203178135,4.896249320742728,4.844685985386475,0.001177803843420574,0.0011793896340760494,0.0005128664916412356,0.0005835335106216828,0.0003387193847273279,0.00034677204882837924,33.0,32.0,33.0,36.0,399.0,363.0
sub-1796,ses-wave1,38,1.4008339073435963,1.4612569223725411,1.617670949836871,1.5824122578884383,1.692544942792633,1.5437982987221115,7.764666717781527,13.320554884040355,9.443228238001291,20.1481446043845,16.551244001118228,12.621672451381405,10.930020449705085,17.22394245340659,4.046160052835548,0.0011556299121972795,0.0011846903439650274,0.0005869007098399813,0.0006320065867776129,0.00035514783864657926,0.0003669625485517,29.0,29.5,29.0,33.0,382.5,313.5
sub-1796,ses-wave2,42,1.1863219874424007,1.263384830723265,1.3348121069523433,1.3231201913523793,1.5472268799843492,1.2833383876623654,12.355765204021132,12.994893413813735,5.304192450215451,24.60734683603785,20.829132073376407,11.74335196748518,9.918542650789357,14.935202611638767,11.347242347118124,0.0011204094317332474,0.0011835753816116018,0.0004907501993743194,0.0005736956115280412,0.00036024542130304104,0.0003295259496727095,33.0,33.5,33.0,37.0,405.0,363.0
sub-1796,ses-wave3,47,1.475434317107716,1.5357769316770788,1.6696935260154078,1.6280871420255028,1.7606882734665716,1.577043340073764,8.22124796147041,12.280251726693061,5.445907796651182,22.63967203860358,21.62011061718666,3.9513637756014615,11.059558440773678,15.69206696540757,5.231672122219348,0.0011319295004619972,0.001200845615601103,0.0005407940076815243,0.0006156821053121231,0.0003373130841150522,0.0003272371517916584,31.5,33.0,31.5,38.0,365.5,323.0
sub-1797,ses-wave1,35,1.4225216640336824,1.4438495012524089,1.5076999523716865,1.5088951130764077,1.6895629382164832,1.5058659215773575,10.89747788818831,12.54745054208025,12.340058384905014,11.84796263354064,13.464296267630681,12.398595948532531,13.038829512291922,12.0391495133665,2.918399380686499,0.0011285441440795235,0.0011809261168646452,0.0005761695607636758,0.0006689849644856251,0.00041152112686834415,0.0003360310969313745,31.0,27.0,31.0,29.0,380.5,351.5
sub-182,ses-wave1,68,1.4643318696761702,1.6258543479926455,1.608514956959691,1.621694493885499,1.7472939257919662,1.6684607095579413,11.197127382142906,5.292777747769668,13.756764271971853,14.69532786736209,12.707004874866257,3.3452651112006815,13.619928412176936,7.526614661512989,3.32023864302894,0.0011175405585473947,0.0010665298081566185,0.0005321672385989365,0.0006984450895829259,0.00034316496260921334,0.0003618358740246561,40.5,35.0,40.5,39.0,339.5,386.0
sub-183,ses-wave1,62,1.5872790518585367,1.3048970972770972,1.790129535485461,1.8306019458924212,1.8870858429664612,1.6534951576378987,11.756288204512881,26.410337308785884,20.990461024375456,30.871060588313426,18.765725416603242,36.3636959958434,13.182610606078265,24.56128924573605,4.180500564802399,0.0010575361939411396,0.0011379085494838523,0.0005835723799493515,0.0006168736007996203,0.00030271905526910083,0.000337753224833401,31.5,39.5,31.5,41.5,361.0,369.0
sub-183,ses-wave2,66,1.7228915449053699,1.5288825650007656,1.9954918624471438,2.004946009514683,2.098206584330261,1.9103622324297536,10.556236207404144,23.526166858258243,20.963165576192196,29.39563804446032,16.15460046477216,33.19532508885169,12.888385205234043,23.156444333629224,2.755304471357087,0.0010506442444050757,0.0010967484699781573,0.0006050137046792049,0.0006418618865349105,0.00029338372924657646,0.00030152175293665824,30.5,39.5,30.5,40.5,319.0,362.5
sub-1844,ses-wave1,32,1.5228620765219887,1.4899507318078289,1.7728720908083755,1.7348927340971698,1.8826105269109925,1.610084371301003,12.188119172691534,16.551449810779364,12.027113226192757,22.209403975149197,17.250107866523752,18.571295443134098,18.520787874503704,20.91709603249151,7.092150888099731,0.0010843004386585492,0.0011750442825514196,0.0005672708038428726,0.0006757209057409127,0.00032959588889543037,0.0003320237368338032,26.0,35.0,26.0,38.0,286.0,362.5
sub-1844,ses-wave3,41,1.5337209035847943,1.564041693337384,1.7658704196665176,1.7228274745708723,1.8133350506716965,1.629017681451007,10.043491913550852,12.744879806320345,9.862972380380022,18.643899356467582,15.696374816169058,13.891831791896436,15.569925231812615,17.267929399973625,6.109793324634325,0.0010973369182345897,0.0012002967336708311,0.0005813755118511976,0.0006426684891170896,0.00033106325733300125,0.00034385952027437985,27.0,39.0,27.0,40.5,325.5,396.0
sub-1849,ses-wave1,31,1.1963159887215196,1.36868117105261,1.3640557870164953,1.370730092866736,1.5292340934844622,1.3464032655078721,4.52118663178806,10.391354688824414,8.348045069138758,33.347796684238205,24.80794952501922,15.790934591170505,6.699048105026342,4.564992381839547,10.058874115083881,0.0012687700128528952,0.0012020713488204314,0.00043046868335008375,0.0005646117661955133,0.0003130155549857399,0.00034606490471055114,35.0,34.0,35.0,35.0,368.0,354.5
sub-1849,ses-wave2,34,1.0020113257792052,1.1083933845052785,1.244603310318098,1.2611020536564042,1.6081422333159,1.1030819284954627,21.407618036308786,22.5903912432277,8.94457021914037,48.95597201256753,48.82208015098368,19.803504374619173,27.592113323650025,20.7096212807729,14.604509235678057,0.0012898533667404471,0.0012267316761232407,0.0004749615618493408,0.0005362121814662257,0.00031692838296554064,0.00031487181566665525,37.5,44.5,37.5,46.0,397.5,328.5
sub-1849,ses-wave3,39,1.1508364370770445,1.2620523258505139,1.2805956059173227,1.2960885124351245,1.518527826280345,1.2716060972297882,6.174705164498744,11.138505453871794,8.63001787192837,60.012147412226895,52.906997869302494,15.719624340747004,9.503934758004382,6.556632451086813,7.388189623046646,0.0012526655968810832,0.0012600156780061536,0.00046555081446523057,0.0005507177550063479,0.0003519870154798995,0.00031695563695551676,34.0,43.0,34.0,43.5,338.5,395.5
sub-1850,ses-wave3,39,1.5824327371932485,1.548235170868434,1.6634610473495226,1.6409795268130503,1.8420494462324095,1.6725005571494083,6.884810140561558,7.605985773893599,11.28258825818299,10.31124507273021,9.116329953125454,8.856887494964152,12.378779621974937,17.50205204936872,12.434235308071202,0.0010841599080387305,0.0011444242542900172,0.0005529627977531554,0.000672723367482886,0.00031302079781068775,0.0003527754407548486,33.5,36.5,33.5,38.0,411.0,351.5
sub-1856,ses-wave1,80,1.4944934168618467,1.5715081301153078,1.6177644780525475,1.6058704853409158,1.718934909183771,1.5740403504589624,9.70407967474197,9.014859689616419,9.143220969735513,13.902994516880687,11.495312537228877,11.313978336767043,12.12790856953535,10.589545719697787,2.476924407802384,0.0011175038696427902,0.0011640578066374385,0.0005978588711094254,0.0006651778325002881,0.0003326184397715574,0.00041243653980106297,25.5,28.0,25.5,29.5,250.0,283.0
sub-1856,ses-wave2,84,1.2166619180722353,1.339010092108413,1.3730058325206715,1.357734383032767,1.5519970834923242,1.3562657793366237,9.53477895980971,9.576977568821864,11.91174851495549,24.378608223137714,10.88621062460784,19.50930915183652,9.71199189464607,12.666773878390615,4.394335481806138,0.0012690301550750713,0.0013261478976346552,0.0005745505238416626,0.0006845095377044615,0.00037090906591325564,0.0004410379279795086,32.0,28.5,32.0,30.0,280.0,258.5
sub-1860,ses-wave1,31,1.7099715138214573,1.7798393383902116,1.871139427667489,1.8817759124580342,1.98822542694732,1.8366660918902291,4.734847917181569,11.879314329944606,8.36302106216715,12.44549782575302,11.178084172386544,14.884506255851967,3.45429781079815,9.176225370912203,3.199062126363146,0.001062720117382317,0.001116871535077538,0.0005592552749779619,0.0006708324755450259,0.00030905551690617967,0.00030942125959445074,35.0,37.5,35.0,38.0,331.5,337.0
sub-1866,ses-wave1,86,1.18994765865791,1.3379683008307521,1.3736402947022825,1.3695846077049332,1.4509885013613313,1.3682207309782741,14.739531587987134,13.706913798887967,6.176088258551644,12.558561438386267,14.356964910530795,14.910330418954414,17.024460572572305,15.10980667478736,3.3352630958965133,0.0013169350640165139,0.0012121904637888634,0.0006748441784901054,0.0006841645336992639,0.0005319769710755222,0.00040541730055898865,27.0,36.5,27.5,38.0,245.5,296.5
sub-1868,ses-wave1,83,1.3479242959429492,1.5350822987055806,1.5543860378560612,1.579859421822285,1.6181530923266587,1.563065153540348,4.239261158259089,9.159017057962252,5.051664634763033,17.281152996319882,15.04495212358394,6.406703802131451,8.94530987861754,13.10899473521346,5.892147256140415,0.0011916209236077753,0.0012658021500235432,0.000564976801825017,0.000646877927430612,0.00035396712479430017,0.0003948793886964815,41.5,36.5,41.5,38.0,351.5,348.0
sub-1869,ses-wave1,31,1.545980096298426,1.6006558300122733,1.661233838897099,1.66494978409728,1.8461224357226025,1.6903212776648222,6.752463542780558,9.830216431417913,9.119722699259324,16.699545288049755,12.238713985392206,11.166315393719243,6.8044398014444365,9.988225945563745,2.6993931612373636,0.0011722776536563677,0.0012250907887124914,0.0005159462967588167,0.0006169700885056903,0.0003092916437890381,0.00030903530513079697,30.0,26.5,30.0,29.0,339.5,317.0
sub-1874,ses-wave1,47,1.6863459376760055,1.728937364971253,1.7330782237721611,1.746461963176071,1.8471574232771841,1.7571592302377315,2.830674744241762,4.055535726605965,4.815272898814372,9.07882094630947,5.117887968107448,7.147615363472752,7.4920246482148904,4.166795426669637,4.899667309664867,0.0011627579910834488,0.0011323147540679202,0.0005524717032780505,0.0006152106609079056,0.00031893051755754905,0.0003167790344984193,33.5,30.0,33.5,30.0,343.0,300.5
sub-1875,ses-wave1,57,1.4658261000684543,1.5722933708516011,1.6116565587087592,1.6398181111551775,1.7483007996423119,1.6273596258352998,8.253701729901094,8.292989511390157,8.543664885149655,13.53488867021431,7.621510208940441,11.142855590344631,12.12601384191177,9.911529788389736,5.415701392625929,0.0010776178713622986,0.0011622715369160406,0.0005331189682253573,0.0006511014878374187,0.00035699371340785173,0.00032168726330772705,32.5,34.5,32.5,36.5,379.0,379.5
sub-1875,ses-wave2,61,1.0853327639641606,1.1503028417649812,1.2597860602645947,1.3143793987335024,1.6100331764158446,1.1971401309417606,26.153449432120823,26.428724016739764,7.3434622144302715,29.2832778708202,35.57669239575857,13.958045461295448,16.283963097143637,19.214985840135064,18.059359813492115,0.0011284285242082488,0.0011066145722908446,0.0004990475474482378,0.0006028809754893586,0.00031367195970233297,0.000370733910994686,38.5,45.0,38.5,46.0,405.0,399.0
sub-1875,ses-wave3,65,1.4213429778141644,1.5134838336202026,1.5136774639044115,1.5413716427825688,1.7212121509334048,1.5595147239880873,8.322965465032794,7.677044642568463,6.322812701249572,14.257786586768534,8.791700496941276,10.895770472041685,13.71576745626395,10.178399500608213,7.268627491013213,0.0010733578200777492,0.0011559224999999921,0.000520798952994062,0.0006343205803410059,0.0003621009554931774,0.000309452963294899,30.5,36.5,30.5,39.0,336.5,369.0
sub-1882,ses-wave1,86,1.3778789240472713,1.366405581110901,1.4384888915687715,1.407556970072421,1.5754135973747434,1.4008357443858048,15.74971743276112,9.586752799036208,9.109563431602725,12.275964754041722,14.1997226136467,9.645581601416097,19.194332410881124,14.514220734167854,6.82406950616392,0.001101723864171145,0.001133299449814812,0.0005194456923512473,0.0006210611575036583,0.0003615637249750896,0.00035937703775262516,33.5,34.0,33.5,38.0,306.0,405.0
sub-1886,ses-wave1,82,1.2051523964868238,1.4051872385427109,1.4706884691604007,1.4944004308005419,1.5701507054177202,1.4239603254008149,14.321155105649758,12.686459948613972,7.683140460286429,11.600176676025864,13.594848457405348,13.777676838923869,10.979298045270804,9.650079363611033,6.80426445083865,0.0012371353461444298,0.0012127774204379199,0.0005993869892657077,0.0006806960164341882,0.0004313319659559056,0.00038405395485775393,31.0,36.0,31.0,37.5,312.0,317.0
sub-1915,ses-wave1,75,1.2860066258836533,1.4651813760830932,1.4410205188240461,1.4415314870926936,1.5982378978197738,1.4082437219116986,10.66631885641493,10.300911337003164,13.636838881943127,20.06617092840186,14.710942122142553,10.738501338626776,18.88196769254288,16.059162193305653,9.65653366588672,0.0011996776413989896,0.0011886267426051691,0.0006248726934450866,0.0007289153728855862,0.0004831493811790458,0.0003663088851478986,27.5,31.0,27.5,35.0,309.5,317.0
sub-192,ses-wave1,30,1.4628234913562936,1.5061040746972432,1.6346201829022546,1.6304189579203185,1.812186198130927,1.6014955734197764,2.837924222865622,13.80711043846799,12.1321700013529,16.55051454630531,10.00459026824204,20.89259637021388,7.952498961439924,12.355118145479313,7.059135361630309,0.0010893234470152283,0.0010637573763193399,0.0005044290531861624,0.0006439671198857288,0.0002887256620456778,0.0003507896588336814,32.5,27.0,32.5,28.5,394.0,317.0
sub-192,ses-wave2,34,1.6814641577669378,1.6561631091877105,1.7258255463626657,1.7593272779918054,1.884763230384678,1.7369230440435444,4.225690980786016,12.61948444423911,9.893006720526213,15.288335197262285,10.1897614482643,16.82917977257327,7.73124503715119,8.018889723765398,10.038801099865523,0.0010959964773106527,0.0010728400005367198,0.0005635981323048953,0.0006529482684527466,0.0003232585045486627,0.0003249767911505067,32.5,29.5,32.5,30.0,405.0,337.5
sub-192,ses-wave3,39,1.5527344251623778,1.6254517055662459,1.6833445284183015,1.662213830620063,1.8782048198538286,1.6507698566771736,4.945421330291492,8.671646365370584,4.6569917048456455,12.610292787134636,7.095026401670186,13.646247585088066,9.947673359970093,9.3720836925218,11.306117071537532,0.0010710398063508307,0.00112111477389182,0.0005122849015311363,0.0006445122365158599,0.0002920135582138067,0.0003260542658640118,33.5,30.5,33.5,31.5,386.5,338.5
sub-1922,ses-wave1,36,1.3426216885476956,1.3963320223969753,1.699356043204597,1.6744235154540101,1.783252915689859,1.4209458570315259,20.71145911976476,22.51948033256073,6.063441797660337,28.21693425952657,25.218329318613126,25.673858032217517,20.823277455868094,23.08226315464489,3.1404129659981326,0.0010731264931556736,0.0010951951414974073,0.0004931714645816754,0.0006048796754650407,0.0003166046346885771,0.0003045735014630197,37.5,43.0,37.5,43.5,437.5,443.5
sub-1922,ses-wave3,45,1.5520010914593594,1.6157134823213377,1.7742321737859594,1.8016407687937657,1.9284579813629912,1.6985848825423153,11.982014304715488,14.130372753192809,6.982314275526189,24.727443634443137,17.463083505324253,18.347669925969164,6.989504597441881,10.357988167100219,5.121697886510915,0.0011083674511996751,0.0011224595766363647,0.0006151592219504271,0.0006681876932940112,0.00035858769254416107,0.0003075449244068118,37.0,38.0,37.0,43.5,349.0,386.0
sub-1933,ses-wave1,83,1.2562771174204617,1.3689013845205982,1.5015453837162127,1.5058413455909665,1.5521591917477096,1.444506852432581,9.801844723162194,16.597475727568096,8.465822395273172,24.99202315852108,29.86578317029307,12.650394256500832,12.669668574879548,16.3074399449674,3.5670592329529907,0.0011358977784293187,0.0011444158500932456,0.000510410580135952,0.0006677429579590438,0.0003623726982120636,0.0004052543340577764,31.0,50.5,31.0,50.5,391.5,466.0
sub-194,ses-wave1,33,1.4807851005360155,1.6276565055442052,1.746279844613969,1.748892144575914,1.8946689694325078,1.6448465590773773,13.43762298838632,14.64772119216769,4.102450321593041,18.67922179714928,19.395838111549004,12.21364497876938,11.373298275026821,13.500384505412978,5.670881120793634,0.0010910922138007832,0.0011150243316522044,0.0005914303709586843,0.0006175721049091065,0.00031587360526011464,0.0003252398805611906,44.0,37.5,44.0,40.5,421.0,433.0
sub-196,ses-wave1,66,1.241494936010484,1.3141039045621778,1.3307572890598873,1.3433419454766362,1.6041348849552204,1.3099861755570064,13.392298834586267,15.885957857671217,6.4248232247745545,35.73616406878965,35.28547227782771,13.175309107930225,5.581422607394655,7.652127083677115,16.781976667600283,0.001162225638223976,0.0011370473591928829,0.0004259060218282887,0.0006051600338246115,0.00028780945340846847,0.0003562099480443028,42.5,29.5,42.5,32.0,368.5,359.0
sub-196,ses-wave2,71,1.4937226660098815,1.564633635273308,1.6397761110180598,1.6181595733350567,1.8111775728813821,1.6333542030808086,2.3133643227726046,9.244291218634123,11.273847747738552,21.987343790248822,5.344829211380006,17.49552230095968,6.111111498024338,11.914979231364388,6.808033054136085,0.001181188411224254,0.0011981466096975574,0.00045060114243542486,0.0006900824460899458,0.0003060313964945626,0.0003377561725886023,42.5,31.5,43.0,33.0,410.5,363.5
sub-196,ses-wave3,76,1.2158823699151293,1.3022454304043811,1.3459417442491886,1.358563448879651,1.5021205859112197,1.3297716449002646,7.086961148713982,12.367353574855825,6.452376182525725,42.64195599994436,38.715879680450776,15.886884129888273,4.220048371831862,8.63760529119529,5.326813575756027,0.0012529435360845989,0.0012200680048408685,0.0004612349691272427,0.0006714231648099182,0.0003371997210170099,0.0004174465612171237,43.5,31.0,43.5,33.5,366.5,343.5
sub-1993,ses-wave2,68,1.5325931378062423,1.5038639872101869,1.773461571627212,1.7593224122925406,1.8170880100667297,1.728034811736086,13.08596113808144,15.70449489704445,16.308609001095654,19.13873639599081,18.800305120544778,15.788615837411667,8.903675495240705,18.730796973993197,7.661363299502533,0.0010469798374521944,0.0011123375690138865,0.0005923869270398946,0.0006586263873162222,0.0003375203426860805,0.0003530814691349146,23.0,30.0,23.0,32.0,293.5,287.5
sub-1993,ses-wave3,72,1.4533086314356387,1.6423536987429856,1.7497437816192627,1.7104888854877291,1.8866452723333524,1.7397558144939735,9.168398902819014,9.174097580544231,12.11951378074211,16.5616828069685,16.890382313066333,9.374190811611696,8.684329658841285,15.399157032743094,7.860084514467648,0.0010595205564621008,0.0011133271617398822,0.0005767780403322022,0.000725967616745038,0.00034864710751410005,0.0003428227952368885,21.5,25.5,21.5,26.5,245.5,268.0
sub-200,ses-wave1,52,1.153355379555444,1.1895081239357301,1.4923910517349501,1.415551313734527,1.560860940523113,1.2716476390803706,20.493524385809025,23.053129954765055,8.80874220336087,23.10955261933141,23.12880470612274,26.5116665914967,24.31415188104531,27.73141719269926,6.090797853769921,0.0010973774583867958,0.001228497875207621,0.000480218063390254,0.0005361181276384742,0.0003304425298840142,0.0003196369618510491,40.0,40.5,40.0,41.5,474.0,400.0
sub-200,ses-wave2,56,1.4575527757250455,1.2698523061374436,1.7737157939154233,1.6934590020048081,1.8541453842776678,1.4843186221037419,17.05295456955836,25.159172724815228,13.614860218928072,30.808679411196504,27.5409400013211,31.512979239508894,19.93600802156544,28.009150048371282,6.303722709992209,0.0011580030538891329,0.0011784516199401397,0.0005617760097687474,0.0005984568732165741,0.0003328684857003602,0.00029453405941093477,38.0,41.0,38.0,42.5,386.5,415.5
sub-200,ses-wave3,62,1.3934099242604763,1.4339290773454811,1.6160009162863664,1.6176919977413524,1.6991895916281174,1.5455223163056302,10.525024232409663,15.409017825092373,11.12215514871665,18.887276688373625,13.96471114294849,15.653002889050832,13.284546554215623,16.588788235795036,4.058067740395512,0.0011530180292611103,0.0012274531499214289,0.0005875428922709606,0.0006225529973562516,0.00038249084463014103,0.0003311497396130866,39.5,34.0,39.5,34.5,371.0,402.5
sub-2031,ses-wave1,56,1.3873928922355898,1.4582229146307952,1.4895432981838428,1.4523321956522706,1.6266002722550184,1.4858940221858132,13.125189184282378,5.660569218804669,11.61558646521795,22.707237464285257,8.908622095025633,14.803535001308955,5.5129313395431,10.082845513328177,12.701346703575616,0.0011797388105980015,0.0011853529890772324,0.000488796035257965,0.0006402316902716489,0.00031623403892828874,0.0003874061587948411,42.5,30.0,42.5,35.5,405.5,318.0
sub-2034,ses-wave1,86,1.1726700343968581,1.3330065389510442,1.3752351982311912,1.3607116392413796,1.5270017338514736,1.3331366025193487,7.052774881424808,4.722488473065397,6.351943649219495,14.877207609901077,12.111470022900503,6.864366933624852,14.225502739520598,11.790349019449161,9.92028734266009,0.0011768979707116847,0.0012136540032406426,0.0005328557870327811,0.0006678535554253309,0.00036840987077725975,0.00041839369394685503,55.0,42.5,55.0,44.0,402.5,363.5
sub-2043,ses-wave1,82,1.1607242861050129,1.233882164418321,1.5759626992991072,1.5206169301003096,1.5737596972572931,1.3216966047612773,16.304748676706726,22.25315792776656,7.718192245266069,41.43323365424301,33.30118989920951,22.188109518532602,44.90964290324021,50.85921879147125,38.254340649046945,0.0011778905497086944,0.0011040850064418417,0.000451376789264348,0.0006113150220070343,0.0003204035443341918,0.00035966756414604096,47.0,29.5,47.0,33.0,351.0,334.5
sub-2043,ses-wave2,86,1.1677110882335515,1.1875611337944636,1.3411335166957938,1.4244472723050667,1.5101205563504685,1.28869305588303,18.493687243108003,23.012855911913114,14.416709003669574,39.876955278825086,27.771950800352883,28.37828845233711,17.55546660284014,19.837836480959695,8.972183503352268,0.0012935229723648428,0.001131018800134327,0.0004598594674844864,0.0006636310115157228,0.00031101035926769905,0.00043333038345389516,50.5,32.5,50.5,34.5,417.5,351.5
sub-2044,ses-wave1,88,0.9266453628176811,1.0645357857549569,1.3693515989076812,1.3526253991595818,1.54539430262447,1.082270780844031,37.45981158692916,38.173891121402974,9.757913492024207,75.09166327641609,80.3271937403482,13.309741557838045,42.03168206519229,36.195202132660974,22.346174135517163,0.0013981223647312477,0.0012339657990303701,0.0006156433207315097,0.0006577168154315307,0.00045357958370824934,0.0003810925924484857,50.0,44.5,50.0,47.0,382.0,366.0
sub-2053,ses-wave1,81,1.4652542813487124,1.5468428235466916,1.5377292616048548,1.5504076181981503,1.6396209436669231,1.561499029536319,4.26304303408107,4.290734311386595,8.063782020905151,12.969443708422716,5.2970153311681125,8.619102827089499,6.139591969554312,6.914783598779268,3.861065424444191,0.0012027655966053514,0.0012213696270676642,0.0006233701011451351,0.0007168538765270367,0.0004155881289601438,0.00040250058862309544,22.0,30.5,22.0,35.0,255.0,328.5
sub-2054,ses-wave1,88,1.1508603958960846,1.2756857651261706,1.3400591436561364,1.3202156267492415,1.5173731500295893,1.3063297712260424,12.625270888770135,6.8979986928647445,8.690499376645171,47.477008010180505,41.70797063614428,9.309244165913311,14.003201411093144,10.23646233804053,3.567721299579568,0.0011468337533977581,0.0012637877145794054,0.0005079372840278711,0.0005935565557219655,0.00038696033848047265,0.00034138514901058397,44.5,39.5,44.5,45.0,359.0,361.5
sub-2062,ses-wave1,84,1.0157894507861052,1.1933967075564227,1.2509332290320065,1.256783155382787,1.4815262295906493,1.2090902079089578,10.012556458803616,12.571514415614667,5.414912091137101,86.1611722215219,88.30297154326843,13.532419518292539,21.84999724572575,19.583030873759437,15.639320591514915,0.0013280448521918358,0.001393462129486486,0.0005417885293817356,0.000632229585682627,0.00039768403540588144,0.00039468087727586047,52.5,34.5,52.5,40.5,346.5,294.5
sub-2067,ses-wave1,35,1.6026844673326686,1.7322047434309567,1.7476903821330116,1.7458354342737696,1.7996484626953866,1.7411752797488234,3.96977164996271,7.058194337027338,4.872060812347245,12.818029159020494,11.131847014777946,5.082658859049516,5.350755974664082,6.729305749078681,3.9687264089094723,0.0010996457463729062,0.0011602130288609481,0.00065718634868972,0.0006807462905080205,0.00032915896034475215,0.0004132408985976342,28.0,34.0,28.0,34.5,361.0,323.5
sub-208,ses-wave1,54,1.318641892498976,1.4926010122622997,1.501737686966349,1.5030058554098382,1.6892717938630781,1.4810424616340834,8.352466955231707,6.786761977772713,5.527123247078798,10.69464975761461,10.851339599211537,6.9559509671599224,6.090245090994053,5.911810794368465,3.2363193826432486,0.0011384962284604885,0.0011880875762370932,0.0005270761492457019,0.0005954983710210028,0.00031902801614099496,0.00034551636902809457,32.5,31.5,32.5,34.0,321.5,335.0
sub-208,ses-wave2,57,1.3074298666902675,1.3787155741064705,1.4245746868137814,1.40936474167624,1.6782342821549492,1.3528447255006693,12.33421839259261,8.948812603362363,7.1549535895187155,13.584801285947782,13.856591577758376,4.001022449046739,15.340196666780503,12.288651548385353,5.479656259990071,0.0011746710157639448,0.0011707711242882894,0.000508856755727831,0.000676751460943256,0.00035792515582881343,0.00034970438762840826,40.5,30.5,40.5,32.0,378.0,344.0
sub-208,ses-wave3,62,1.337120322707517,1.4385411293263841,1.4447022623501604,1.4466770692334978,1.5714270833675734,1.4448428541488427,5.5816938531962395,6.803538566795739,7.047133285981727,14.454241943947093,8.347840356903369,10.654533748499695,9.094401844332529,8.791278765334447,5.619882661463009,0.0011920454080870126,0.0012259130033312532,0.0005068629758845492,0.0006444187772985902,0.0003466237539300912,0.0003872830296822393,36.5,33.0,36.5,33.0,352.5,338.5
sub-2087,ses-wave1,81,1.0855391056282042,1.2883471228770895,1.42439742877414,1.4597013248294446,1.4933112071019,1.2844950677255218,20.202710337135095,18.84011414942788,4.727156918428281,62.16640804971125,62.66586341147749,17.90496143940697,22.478493401523814,19.71308385818491,10.911575834270126,0.001256206730050185,0.0012643854825108271,0.0005274920169268517,0.0006031529666521023,0.00039249480749842133,0.00036960595267024256,37.5,32.0,38.0,35.0,310.5,288.5
sub-2093,ses-wave1,33,1.4099138333537828,1.6033836548790406,1.7090483778626777,1.7257172052986829,1.8298227795824573,1.664861020781621,10.058834598677787,11.567077351951118,7.421335912098199,14.626704308387803,10.15796142563434,17.454499447381572,12.16244885065138,11.715503818002357,3.3978937698218745,0.0011272791511912242,0.0011461418878915787,0.0005738991015517203,0.0005985550553142028,0.00031002134010601654,0.0003380920302321096,39.0,46.5,39.0,48.0,389.0,406.5
sub-2093,ses-wave2,37,0.9935908108057733,1.1887641725387954,1.3545251464903976,1.2959305465701279,1.6585815456911714,1.1747461127653291,18.257912921367282,15.70274194090443,8.088657667978863,34.71127517722017,30.233703824252807,19.949965123731797,26.723606785839475,21.836560568330903,11.128817716045456,0.0011709537078235066,0.0011713776765081025,0.0004552266458889389,0.0005705089536566866,0.0002854253463579005,0.0003329606856100018,51.5,44.5,51.5,48.0,492.5,420.0
sub-2093,ses-wave3,42,1.3265347650099801,1.62012318192428,1.6936136680929548,1.6904259177822851,1.7774217401487422,1.6512601862705014,9.298083223196842,8.389278730064628,8.040203778520176,10.900649057386442,12.890920597794898,5.91035871002485,11.544285882763814,9.57273813708132,3.488293046883479,0.0011535345032585207,0.0011487488642493203,0.0005505658485329667,0.0005874138765719573,0.00033348108237301114,0.00030894429005189414,39.5,39.5,39.5,40.5,412.5,390.0
sub-2095,ses-wave1,53,1.4164746176972849,1.4778227572703477,1.5741846245053646,1.5724216061523246,1.7531368023651681,1.5675722154616143,7.617606020289266,12.77504339984954,14.35637573000184,19.625726949248328,11.750084887566324,14.986074371447371,10.171334617266997,14.255084129654389,4.294839488528725,0.0010378906459067709,0.0011515887456230952,0.0006206094845510296,0.0006948094236057451,0.00035987485191361966,0.0003927361210766581,34.0,34.0,34.0,38.0,353.0,351.0
sub-2095,ses-wave3,61,1.3966480389031424,1.5176319377644734,1.6377341485324628,1.6208036158758292,1.797052850643341,1.5947262080031797,10.184068869948401,13.674095926360817,9.338161643862986,17.113940137831275,16.530095997100215,11.441213302618456,13.533280131934095,17.79776076094038,6.3006116998674075,0.0010732844598241253,0.0011229108928876253,0.0005826125140278699,0.0006960110697083366,0.00034239605663615515,0.0003709006844694919,37.5,36.5,37.5,39.5,371.0,362.5
sub-21,ses-wave1,72,1.383178377732817,1.391638497294117,1.5036240662572773,1.5063766045740878,1.5763475118244812,1.5059942354423141,4.3210834271048615,12.79486723528577,11.00784541441927,12.116602891496077,9.692002619709704,16.84048260911689,9.819374735470028,13.62060771756671,9.948049191462566,0.001197270382868333,0.0012076751320253263,0.0005264526780444645,0.0006034114753006846,0.0003610885480129919,0.0003558411411247037,26.0,24.0,26.0,25.0,297.0,309.0
sub-2117,ses-wave2,78,1.2562127819085211,1.4522864685919892,1.463639257854029,1.4523237882995432,1.6093633937587417,1.4523802343764722,5.4336207432083885,6.7218070188060315,7.64756412684699,5.442626854090975,5.491166272005758,8.37606875128961,13.278045908711562,7.339433718858936,11.718711039621382,0.0012964722525999257,0.0012881433022301017,0.0005599668847262086,0.0006728188242227848,0.0004022935219225337,0.00036486104466467903,30.0,30.0,30.0,31.0,275.0,264.0
sub-2117,ses-wave3,83,1.1150187572440158,1.226485452512959,1.2717292115180037,1.291887476841391,1.5200654364295083,1.264389177479355,9.51478937901883,18.4828700828701,10.248806978408783,27.72926112491499,25.11216899346114,19.8455866607491,4.859027722512542,11.966482552266704,6.5887993571137535,0.001246558270480834,0.0013226216947909311,0.0005672354782913099,0.0005955342497015539,0.0003897865103953468,0.00038060091251931487,31.0,22.5,31.0,24.5,297.0,249.0
sub-2126,ses-wave1,86,1.1971457704546875,1.3483772833038772,1.3947427447718932,1.3962222919370655,1.5462783580683443,1.3974436214885093,8.410565860623679,11.905548295884412,11.02755124635971,27.17655282737548,23.874404648275988,14.507983687707696,17.312319916530523,20.86445769491793,9.83772396967743,0.0012197267180620304,0.0012002669629344548,0.0005220614663065919,0.0006283891416387632,0.00037866617453684553,0.000365109923278038,40.0,33.0,40.0,36.0,409.0,341.0
sub-2127,ses-wave1,71,1.5031262733057198,1.6713472679067163,1.7451101219840877,1.748105565115941,1.872989581393421,1.7357472997149257,7.582029800661129,11.265386019576052,7.166447044508251,18.98335165343369,11.462706353682584,14.846604229461182,3.42017503450141,8.948513259963585,4.423385877271293,0.0011118703833230092,0.0011405403360293027,0.0005565674439536745,0.0006573101510345141,0.00033915720510787164,0.0003180480004072301,35.0,31.0,35.0,34.0,340.5,327.0
sub-2127,ses-wave2,75,1.2550426672440593,1.343644127150959,1.3230906495322678,1.3165222609875245,1.590294092191035,1.3494125485506354,11.022938150857252,12.970748453085411,6.484536197443143,32.157610995438354,25.84145390631945,15.010312520624606,10.112301747898591,7.919500038358718,7.839331711504803,0.0011340548320905187,0.0010435487878744992,0.0004908684703796444,0.0006381314149859962,0.00035136166193862827,0.0003586253930115323,40.0,39.5,40.0,41.0,351.0,335.0
sub-213,ses-wave1,57,1.4366519319956383,1.6131584474345786,1.6336598037368217,1.6716532010530272,1.6826150514734497,1.624977845152011,9.70454741951897,13.170683032460351,4.531165724455522,7.902408441641533,13.40319075370515,14.098357279080695,5.554932552494533,5.583900145550778,8.53545304253992,0.001084823447616116,0.0011432712070829777,0.0005810506900064,0.0007054547937189121,0.0003593543148494511,0.00041071465248052253,39.0,31.0,39.0,33.5,308.5,330.0
sub-213,ses-wave2,61,1.3829875054745724,1.424478909402514,1.4607875965108152,1.496169724098812,1.7184880179471524,1.45226267986222,14.126819868788735,14.686345312762601,5.309516918503566,15.54498365599028,19.16094976790542,13.498350635892269,10.475131956120007,10.506758520013374,10.18999498511572,0.0011137601951258522,0.0011173139514137334,0.0005699141831191293,0.0006696737149772308,0.0003518687903305894,0.0003734086623147759,38.0,35.0,38.0,36.0,307.5,357.5
sub-213,ses-wave3,67,1.3039218077454735,1.46397497287871,1.508894906283262,1.5195283081201763,1.597631524688876,1.4830516160873097,10.811421241197115,10.33573286718245,4.719037205706351,14.590733702452178,5.492963086861419,16.290486731342533,5.8801110475358325,7.382071916579646,5.526873603332971,0.0011098339891573116,0.0011121877354785933,0.0005491930699346808,0.0006969762949406036,0.0003741353603683633,0.00040738427907863824,39.5,27.5,39.5,28.5,337.5,343.0
sub-215,ses-wave1,34,1.368762480323783,1.5198576391796585,1.5768080599548646,1.5739947922449493,1.7498557633498244,1.5605726980800547,1.959858918409808,6.03231682468563,5.519424672863074,17.05914923188777,4.543097171218419,15.382687710448472,3.8242273507595117,5.974350806253391,4.672437344171758,0.0011807797130256635,0.0011722162096079306,0.0005416964780249377,0.0005887235051860833,0.0003110767218554042,0.0003374703760034338,35.0,26.5,35.0,30.0,460.0,295.0
sub-215,ses-wave3,43,1.4267245227174086,1.5138268562348096,1.5602066185501693,1.5657322502648197,1.7511288008677033,1.5557488195053601,2.5757419731523292,6.3935747583793345,5.815140755446544,12.076736041764748,2.793068772295668,12.725808337360569,2.4750746347929633,5.27682715717118,3.127458743654719,0.001164821046585353,0.001218539725364694,0.0005380238811866565,0.0005998097737601987,0.0003529565069611516,0.0002977155217773874,29.0,26.0,29.0,30.0,463.5,341.5
sub-2172,ses-wave2,49,0.44093108870577613,0.43408153269517447,3.301379994143675,3.3315892322610763,2.912239019336555,0.44587630714002047,76.25781057245315,82.55608662905287,6.557612225081879,78.67733504857829,84.85369803770396,81.90788373609163,78.07667145773098,83.09690429971953,3.9948050532945696,0.0010945706253881905,0.0011647157169948866,0.00048609314789328805,0.0005758765154608051,5.493758483220322e-05,0.0003171279601486113,52.0,48.0,52.0,48.5,435.0,408.5
sub-2172,ses-wave3,52,1.5002970557077369,1.6373448552537235,1.6026997722334753,1.6365031111910922,1.7041322057144948,1.610902926545748,5.2400728767600935,3.166705861751926,3.9784268703511336,9.24139849338789,7.24623222931345,2.6772566609386703,12.113865897332957,13.769414843411628,11.7797206445208,0.0011002620378577047,0.0011406085078503503,0.0005326860944506453,0.0006552253973611173,0.00036634399124350913,0.0003328928957300916,20.0,31.0,20.0,31.0,288.5,311.5
sub-220,ses-wave1,66,1.2964903821052252,1.4906610490435916,1.479437050004964,1.4972125586222917,1.6361811967232045,1.5250703290726197,9.96144563473801,7.667220545632362,7.321605807142934,21.40912672515993,13.08838678528064,11.507720770191561,12.949785789755936,9.487589997437464,6.2109286155100705,0.001150072695475878,0.001172596635776789,0.0005030307317012069,0.0006924768586053591,0.0003543698015929716,0.00037881571437822477,36.5,29.0,36.5,31.0,338.0,328.0
sub-220,ses-wave2,70,1.128951516567097,1.3438407294172077,1.3913987068269575,1.34311260327335,1.6081978450876417,1.371385668411004,10.606812660517125,9.095561092714693,6.59017565633099,30.73514836638875,25.441457867394263,12.854842702740056,14.505218485985491,16.370084536754952,11.688195903438112,0.0012263316264550196,0.001197791876941611,0.000530267939149111,0.0006714133114655851,0.00038444219197195464,0.0003644602214027306,37.0,33.0,37.0,38.5,341.0,356.5
sub-2206,ses-wave3,51,1.5530445363547702,1.7044260415311263,1.7291716832960502,1.7360090242898731,1.7890568084214142,1.7152711601679054,3.3974356771896472,6.36028722313163,5.082280634612202,14.84015900350827,12.398591389472085,3.498889293392503,4.856335460398991,7.845111750835998,3.1093994797238915,0.0011022424027618107,0.0011741940860271944,0.0005768365867304798,0.000703275340387552,0.00035428839274708867,0.00036126172615117265,29.5,39.5,29.5,42.0,290.0,382.0
sub-221,ses-wave1,53,1.0838739383892748,1.1722063855645977,1.4737669915085139,1.585797428354689,1.5896814916116944,1.2051357018862057,38.35115658307114,37.570193197992616,12.382319389699095,36.202848550798294,45.463942011817224,39.75582027950867,29.256711102435194,28.67559739438481,12.157431451987616,0.001242430595826254,0.0011737991659333679,0.0004230588230012442,0.0005751991618631615,0.00029645462880144345,0.00033974315439305237,74.0,54.5,74.0,58.5,617.5,445.5
sub-224,ses-wave1,86,1.1046105498900642,1.2108167597282833,1.3960437573039126,1.3469610561671432,1.5990235682943506,1.2429088630593803,16.155726131982902,20.710649385279133,8.97731932501345,73.34557305043526,77.85660903786412,10.510106323834801,17.20105389877201,22.862789082645406,8.228973100314736,0.0011674053717764432,0.0012237759075622878,0.0004648801400661327,0.0005931915937705283,0.0003383500469256736,0.00032359447998245435,41.5,35.0,41.5,42.0,340.0,318.5
sub-2248,ses-wave2,37,1.415954232297613,1.4622531068952986,1.717489677231187,1.6648662445798004,1.859088239260736,1.5864858956857892,15.873328550279975,20.878620562957593,11.21095041646663,16.936964598551057,18.944967066136677,25.254066328505452,25.843052075345536,27.41820118247341,10.70107824781491,0.0011407051929765025,0.0012096979255648518,0.000489133655687532,0.0005387952669369536,0.0002999523689190077,0.0002604848233130379,35.5,32.0,35.5,32.5,396.0,314.0
sub-2248,ses-wave3,41,1.4664972241750165,1.4364141113442541,1.527887234823564,1.5370375358057948,1.6941992649676942,1.5618245563122208,6.671035549237152,11.896540016791235,11.424878182991446,16.341752679507557,7.988172208136122,18.69486726347417,7.808526570482311,13.179301682389356,9.328034077859062,0.0011407058727895898,0.0012047987582383978,0.0004999158590267164,0.0005616589142185833,0.00032759506927805267,0.00030111237718949044,30.0,25.0,30.0,28.0,396.5,312.5
sub-236,ses-wave1,70,1.3036377289583478,1.4961519236773422,1.5100507510799557,1.522811176121847,1.6710375931528842,1.4963448812045421,7.179616947353689,5.4113640622495005,4.476422559306652,4.011192028549254,3.598594116309486,6.957469976013174,6.539292459234413,4.215231498964572,4.408159433159136,0.0011000723805554917,0.001207995980001549,0.0005189885195062164,0.0005979700157880944,0.00034386542539401467,0.00032761956142111356,51.5,44.5,51.5,47.5,373.5,386.5
sub-236,ses-wave2,74,1.1864785171893173,1.3459564599059632,1.415197034757736,1.38162324902353,1.5760692473298112,1.3359056371385893,8.929787740377698,7.197044178667195,7.241523749850655,11.357654471566203,13.035938414698018,3.0164620839498424,13.04504835226362,13.577203891568496,8.37891339386693,0.0011368484584378087,0.0012200190843413435,0.000472720139981636,0.0005618585870294665,0.0003436930576410285,0.0003152995324197575,47.0,43.0,47.0,48.0,435.5,408.5
sub-236,ses-wave3,80,1.209387637922732,1.3592566276524853,1.3663745695124407,1.35799515580505,1.5186536914119,1.3603291396261157,7.979137810597796,3.0208388179115935,8.673283239504629,10.246759471841028,4.468617163071626,6.55860517311804,9.68846513706049,5.691752841979554,7.8931896202411576,0.0012214248258418082,0.0012489542742185494,0.00048713509811335807,0.0006059358226585465,0.00036778414110319484,0.0003501631132072959,52.5,44.5,52.5,46.0,434.5,407.0
sub-245,ses-wave1,65,1.4734741028274807,1.4941300389622607,1.5235555160183805,1.5211749546798616,1.6455215638133396,1.5174240223266782,5.412557104194033,10.134114775793792,9.77451862471083,22.642384461633796,17.801779720061234,10.188464486234816,6.886266408223498,9.584464350848503,3.9334883617583616,0.0011858824152361856,0.001142216066364199,0.0005417441691613269,0.0006571948411874473,0.0003413330948040477,0.00038836591033032165,46.0,25.0,46.0,27.5,357.5,283.0
sub-245,ses-wave2,69,1.2505939627998752,1.3774702056538835,1.3897819190953806,1.4097792978482189,1.5283558323530442,1.383962915226873,8.211628491121234,13.701703638862636,6.620709817797053,23.715510040689583,22.47014067909211,13.09843321269435,8.758408828664823,11.180299911454327,6.625568122154896,0.001225678019708316,0.0011901492598162104,0.0005421649690089145,0.0006536448177380058,0.00036016338369337583,0.00042174563337959206,44.0,25.5,44.0,29.0,328.5,284.5
sub-245,ses-wave3,75,1.2613857150093486,1.3409510510054146,1.3654709936468654,1.4024139638499011,1.5060341809018047,1.3778022403633308,6.048800189158498,12.774040236822444,8.42736103016701,32.7010194865821,19.740028837953112,21.541550277526067,3.5197251723033984,6.219310261442367,6.649480828889684,0.0012735212128311766,0.0012720427691997232,0.0005178524478734206,0.0006570975258237803,0.0003950501081404086,0.00039289346530416006,54.0,24.0,54.0,25.5,377.5,256.0
sub-252,ses-wave1,80,1.1376942053360168,1.237343315618591,1.2652207971327156,1.256403013049181,1.535139022051639,1.2535100393000573,5.421050975311479,5.965638391255861,3.6337591121985104,62.79603645745788,62.748195885726346,5.396011657109807,14.604849374229568,15.492169032365794,9.789870746777634,0.0011813336069410518,0.0012383387946818293,0.0005082786897773763,0.0006823684911013873,0.00037178251173344097,0.00040529965980512674,39.5,32.5,39.5,37.0,324.0,287.5
sub-274,ses-wave1,76,1.3037218710153424,1.4014836895397145,1.461966778575522,1.4764902672366533,1.6476829027695925,1.4746848930928185,8.592868159733195,9.597482416637032,11.03308931255459,14.060170605253635,13.20433078686169,12.013769265385182,12.381897926506877,11.00140235951596,7.338746008575386,0.0011124771002634132,0.0011374961770978563,0.0005311696566303436,0.0006631853683511653,0.0003608408262478658,0.00036666521768821106,42.5,32.0,42.5,32.0,381.5,339.5
sub-274,ses-wave2,80,1.0470243266232409,1.2457841691498128,1.252209013397343,1.261834191110759,1.4946011225898808,1.2602520313482053,11.293693464469769,10.44309851972793,4.537590979730384,38.89474736372624,34.63453371905122,9.96112339779569,13.685461837873095,10.223956148907858,9.633971393562897,0.0011967405515222592,0.0012084354644850068,0.000536860632186221,0.0006204554795186543,0.00037958317956999056,0.0003956075029863801,41.5,38.0,41.5,39.5,352.0,325.0
sub-2813,ses-wave1,73,1.3635014593619141,1.4884843987099368,1.5078064864734495,1.5130637071468596,1.5722185123961374,1.5171961534110276,6.321897552165362,8.600285207745992,8.442058102411195,21.45483517835212,15.330844189603578,11.862593824115464,5.630640355213166,5.380721427476741,8.580120130612224,0.0012252570455793762,0.001164299571466858,0.0005173789762232667,0.000619752057669261,0.0003639078939882955,0.0003592797229375168,40.5,31.5,40.5,35.0,342.5,318.0
sub-2813,ses-wave2,77,1.1438928821624177,1.2702918431976937,1.4062119685638093,1.444652153818501,1.5706942367425543,1.3160599699679096,24.076153715486356,26.528856350112882,10.405049233079513,56.703420270881196,55.61522252116475,19.557251011493094,18.506464420702503,20.6575928693653,7.035421893205124,0.0012224279339344045,0.0012261106208565512,0.0005151507332410019,0.0006066490611244392,0.00038211191395232666,0.00033274511775484175,41.5,31.5,41.5,37.0,368.5,370.5
sub-2852,ses-wave1,68,1.4091272831013641,1.5472849652368965,1.5514108976373002,1.5886803279409816,1.6092656786195714,1.5563058367656124,6.93517539061078,7.093330131144818,3.108120494439569,10.708364259886618,10.100949446200932,8.206363470483359,4.689187300381818,2.6698671861288674,7.256296878279764,0.0011574025548233865,0.0011714963672135995,0.000563276236179438,0.0007026448683641123,0.00038005219608319707,0.0004151103591847578,40.5,48.0,40.5,50.0,349.0,423.0
sub-2885,ses-wave1,55,1.222127717330248,1.3407126489723842,1.5128114763673222,1.4688345489757393,1.5771872445581987,1.3684926851925163,13.78885965602678,11.5114355706351,5.304454188795314,17.13789078393956,12.094457908146218,16.53749144908048,19.432157171239457,17.231553916489048,6.270343427303251,0.00114118615292473,0.0011998134149587005,0.0004943708039701224,0.0006018008609342722,0.00034931732481144817,0.0003480164886855579,31.0,31.5,31.0,34.5,323.5,344.0
sub-2885,ses-wave2,58,1.2570528574864812,1.3178454491585145,1.5204641022757652,1.4248560752236885,1.6705357408289612,1.3774162326681676,9.835232584636174,9.350076190865664,6.3241290150868235,21.71724174503162,9.573670634556743,16.3379027279585,21.838079106043935,21.19989221713598,12.680694139491765,0.0011754005778736123,0.0012692091598048914,0.0005138774459838816,0.0006183328959968866,0.00033995135345321614,0.00033820904356982647,36.0,36.5,36.0,39.0,407.0,372.5
sub-2885,ses-wave3,63,1.3458249216452427,1.441652324591189,1.5018754682749733,1.4540291018285438,1.6461566260074143,1.4562323286445844,5.236628635114781,4.3990245700333,7.954005844399155,14.021654757248475,9.870174813819116,6.204263532426792,11.813927416314746,7.469288707417065,7.393426748777339,0.001170012261307634,0.0012920949517107498,0.0005659287273267503,0.0006478020555167087,0.00036625713587615314,0.00037247170703955183,29.5,31.0,29.5,34.5,362.0,356.0
sub-2940,ses-wave1,62,1.3520647398827341,1.5743177694457255,1.7029327461070383,1.7043035103869077,1.7435376808490113,1.6292044296030275,9.457575595957657,14.043280225365436,4.908795623778647,21.131620366697366,19.63056936078668,13.020056975868554,9.68424571895719,14.34089336160836,2.2598971432368056,0.0010894969390585285,0.0011820155485630884,0.0005398256920285127,0.0006383822209759923,0.00032432099683457193,0.00035397844710262556,31.5,30.0,31.5,31.0,324.0,322.5
sub-2940,ses-wave2,66,1.2822766869775848,1.5904548094834767,1.6807090427436295,1.6777354816835106,1.7772407100663719,1.6032789527164586,10.503849458293633,12.617749266235062,4.104153699583887,12.885086403451218,16.52501192909562,8.935397597713422,10.43379260253209,12.0113928650489,2.6428074160878356,0.0011130766984827662,0.0012597301836909276,0.0004911330848075628,0.0006208129521188051,0.0002816106405055649,0.00034851389749357105,37.0,33.5,37.0,37.5,299.5,301.5
sub-2940,ses-wave3,70,1.4201074788100092,1.5299734911968343,1.6279598520240306,1.632366215722743,1.6797803704157106,1.5826347563341674,8.395523872967745,12.68097427099548,4.978086310944567,18.33241605007156,15.200243966291332,9.977573071274954,6.158290072194359,10.781895195115263,3.604674687192757,0.0011385359071690829,0.0012156293315846206,0.0005647802674737309,0.0006886138561785323,0.0003669864857745838,0.00038169892431746,28.0,31.0,28.0,31.5,308.0,296.0
sub-2974,ses-wave1,65,1.4386374724092996,1.4967074624241428,1.5743272315947459,1.582292725590917,1.7358647315506583,1.5952891111919638,9.2134082664721,15.926249821510607,12.986679672016127,12.59578905351215,15.396010339982766,16.20409696452839,14.224222911004603,17.87653917094844,5.306085766926469,0.0011067981332583071,0.0011410433803089397,0.0005950561172412759,0.0007063518542169045,0.00037122478076320655,0.00038146472690635486,30.5,39.0,30.5,40.0,400.5,382.0
sub-2976,ses-wave1,69,1.5030777532658972,1.5700629095408862,1.6930164907466327,1.6796212741072056,1.8513160192725842,1.6389920183700575,12.616147505334585,11.819186254872871,7.716692915480472,12.341117335694719,9.38926213361802,13.505020282876247,8.910592790057692,13.084530515255226,7.829503656774861,0.001105948705472366,0.0010542681309050836,0.0005083969160188391,0.0006913854244409041,0.0003257815424301283,0.0003222807102290625,29.0,29.0,29.0,32.5,335.0,311.5
sub-2976,ses-wave2,73,1.4365509533316279,1.6345989804637908,1.7153360931003503,1.6943844376507005,1.8309958828508228,1.6935534305211655,12.801046558782172,11.4492522254872,9.140635023110228,16.378227659436067,11.033416612737948,11.983764720752504,10.304813296930464,14.124345808357806,7.413682616043708,0.0011098168531222447,0.0011689675269466264,0.0005441583263980706,0.0007004418811683772,0.000348671251906067,0.0003309104871126086,31.0,29.5,31.0,32.5,325.5,320.0
sub-2976,ses-wave3,78,1.682175091923064,1.63902697292636,1.709264928207987,1.736290190633159,1.9132307463255849,1.7790169100920477,4.436478313745872,10.150816440913296,14.031659005032633,16.840152491632526,17.137101131334934,8.212585609285094,10.255760021789769,14.18457185138805,12.142336124816666,0.001079771377751503,0.0011023365467515915,0.0005351139338001926,0.0006842090893484304,0.00030205731675412065,0.00033575927470034606,30.5,30.5,30.5,32.0,310.5,301.0
sub-299,ses-wave1,65,1.092548933325622,1.1984956318430775,1.2663995870462066,1.2614357438071258,1.531912322372897,1.1759164858687536,15.201297021189635,10.274302804946437,6.433469139352669,13.107530722562572,13.740583085163106,8.774496425508369,13.913726657729434,9.271997179940115,4.5202994909410315,0.001183518562404635,0.0011873450273104196,0.0004596988916378713,0.0005732851642233612,0.000342460097032783,0.00033299000707797603,38.0,40.0,38.0,43.0,352.5,360.5
sub-3003,ses-wave1,67,1.2902037182497947,1.3951349474816062,1.4383849988890647,1.3957193365328602,1.5918402531586466,1.405714860073513,8.947121947258186,8.211821323980674,7.028065162099896,10.614121545636909,10.88542659033941,8.144297481009406,14.907797583368687,16.80358058479633,11.647692782869282,0.00109655063680486,0.001205884920173875,0.00053287267316288,0.0005881343472786036,0.0003648268212573109,0.00034206698509285963,31.5,37.0,31.5,40.0,320.5,422.5
sub-3005,ses-wave1,89,1.7374548173220241,1.8135739603217265,1.8136966194000022,1.8242814009901074,1.9968934248809482,1.8301346231382856,10.134781285072402,3.7320937653146604,8.250686711877767,8.49412870321173,5.949777299015215,4.9521910446188935,10.306211823753543,2.9084545729521523,5.155804973875934,0.0011027774680769653,0.0010880434302158566,0.0005295298324199393,0.0006955948675957707,0.00030793983349066377,0.0003053087532732336,32.0,24.5,32.0,28.0,352.0,284.0
sub-3005,ses-wave2,92,1.4492871983967475,1.5434260638435076,1.5552435459099176,1.618331403480327,1.7527517111897157,1.5589566145236788,12.637835003341571,6.796450580654189,8.707023864416472,12.503550447638375,9.94445667482364,9.03798027946319,7.998915852822218,3.707075022187989,5.750478305484378,0.0012282436700766135,0.001222471812284579,0.0005064125063345484,0.0007106506895444694,0.0003234213395749891,0.0003736547829944089,36.0,33.0,36.0,36.0,338.0,301.0
sub-3010,ses-wave1,77,1.3348445851205089,1.4655042812408343,1.478946341552442,1.472693980052832,1.6314548705347778,1.4702463160155044,7.1998133831876,9.00220636847182,4.161985885005555,11.371472273227702,13.941828054638858,7.064402167328359,2.2503934610523157,4.813888303821987,6.528029479020537,0.0011237963755174815,0.0011625092430902575,0.0005850695004203143,0.0006191360033160351,0.00040899336478832093,0.0003289109212022999,28.5,26.0,29.0,28.5,288.0,297.5
sub-3053,ses-wave1,59,1.4216018790765632,1.5244293002064118,1.6235687023066057,1.6166609636945464,1.6819723572432046,1.5283395649789258,10.467224458793373,12.334527539376058,5.542500269123087,13.42189758645317,17.93987694002996,8.582095855996693,7.9675591599787,8.306530244147266,7.677067841594753,0.0011252621153419438,0.0012157246357674012,0.0005207618540139049,0.0006015069839122589,0.00032218941575722836,0.0003460721950129179,29.0,31.0,29.0,33.0,306.0,311.0
sub-3053,ses-wave2,64,1.370463064677784,1.5772772194223346,1.6301869576535302,1.6290108639130934,1.7533884511584483,1.5799927269918006,8.817361700726693,9.11591996891556,2.523300958258395,6.954663138384337,11.932267148706643,6.666870823983654,6.684514865978553,6.7805527974535575,3.5093532241396463,0.0011129824311605521,0.0012078733722552676,0.0005356358879849687,0.0005941989293574265,0.0003197668842197708,0.0003243385907242899,32.0,34.5,32.5,37.5,289.0,315.5
sub-3066,ses-wave3,66,1.3892023041855608,1.3584386913711919,1.459390132979228,1.4791865263725539,1.6021130067146294,1.4245173172468535,10.466605158265033,16.35553728106166,8.262370669048215,15.523451615563841,15.982307389692249,15.24513155958229,7.818928812795118,13.603798227768959,3.1923913955248597,0.0011419130866091687,0.0012723031598805643,0.0005415186786911253,0.0006392995895676621,0.0003663379437773873,0.00037112384819104995,32.5,30.5,32.5,34.5,336.0,321.0
sub-3086,ses-wave1,70,1.3696008688885954,1.4365378931632309,1.5198537600312427,1.4841512970733448,1.5921034983653555,1.4731352872448764,8.634073769650856,16.08232393285237,7.730395201042153,23.799881459618188,27.800110590469735,4.682381279313949,10.076406091577919,14.219798491672211,10.797804482522457,0.001177156819810568,0.0012230430443769817,0.0005637917896873763,0.0007057421022975128,0.0003972419692441968,0.00040329651188765144,32.0,32.0,32.0,34.0,322.5,283.0
sub-311,ses-wave1,75,1.184442989423693,1.3702854312410038,1.4170811181891145,1.3930386731049489,1.5014343233182146,1.3894320015292425,12.583758990295745,14.98449874404357,5.96334677055629,23.434199213235164,26.8115100918002,11.301637078771446,14.562588732376057,15.021575846830585,8.767709549670172,0.0012549293571678193,0.0012362184652634565,0.000536083460028749,0.0007109670397074384,0.0003973616743030067,0.0004330838114886622,48.0,41.0,48.0,45.5,369.0,386.0
sub-311,ses-wave2,79,1.2472538175477443,1.3975758471183464,1.406788823083975,1.3959293921740346,1.4541972860051007,1.4085722163672425,5.334824133817834,2.2218179547652444,4.5234410749241825,10.81067457904539,7.899067056770685,3.2873426977381994,4.836877833926441,5.5380468110617995,3.8101374693095154,0.0013591038729028888,0.0013232402123425778,0.000623731869806458,0.0007579322249120217,0.0004726467026171811,0.0004810938696672035,57.5,49.0,57.5,51.5,405.5,411.5
sub-3126,ses-wave1,70,1.4625847608688458,1.4752314732092424,1.6806413064346948,1.6816996153138417,1.7504698226494135,1.7088071606364306,9.43329355181993,17.451243355463102,18.69330325568994,15.528324997663773,14.202314237453892,21.022603587069476,9.060892219128954,16.591520330303446,3.1282400740305953,0.001086312263699559,0.0011428555303770254,0.0005477772602240467,0.0006553422022347257,0.00035254984651969393,0.00033700340551577563,29.0,37.0,29.0,39.5,366.0,387.5
sub-3126,ses-wave2,73,1.2314337609546642,1.3276567385906428,1.5497438234208842,1.5131556812176434,1.7071814184791538,1.5172783395807898,15.071865439018561,19.915069430675327,18.72147635505554,20.68324893711698,18.979946061114887,22.211900915129966,14.821080738050977,24.513840871493706,7.932351543047435,0.001148195452044782,0.0011880927276096765,0.0005550501670925235,0.0006625170415933654,0.00035811750746490004,0.00035500943756913375,29.5,42.5,29.5,43.5,340.0,383.5
sub-3126,ses-wave3,78,1.644496370716403,1.5173614392282104,1.6881026905095584,1.6967535907118338,1.802494805450023,1.744715929913779,9.410615970525575,15.688073117033802,20.267074332701497,19.098997654548864,12.788195809538479,20.569477588757884,10.481372539756675,15.651932011638554,5.626114941173348,0.0011537570903050027,0.001182665219951967,0.0005894686899761924,0.0006996467951905978,0.00038678152249039773,0.0003285630401259023,31.5,34.5,31.5,35.0,326.5,354.5
sub-3131,ses-wave1,78,1.3884623881469684,1.5173613571429536,1.5024720750178138,1.5134180447052419,1.7273946590151446,1.510107201788256,9.003095296285279,3.2611482031403645,11.101929676127945,10.293856089028315,3.642424020406774,7.201664996298672,10.941722895384906,6.660635789918218,5.159988673173508,0.0010793523208058775,0.0010864315146099533,0.0005116827003945076,0.0005894312542073837,0.00032191323385411647,0.00031950977706393923,34.0,35.5,34.0,37.0,366.0,370.5
sub-3131,ses-wave2,81,1.1341255732220834,1.2714843955517063,1.3381451455802786,1.301597125228546,1.5716895617512856,1.241244310485596,11.830044693596417,9.402304203593808,9.062210777024188,33.51235005050728,29.211380727677827,8.595201768472304,24.853130544818722,20.067185853080787,15.5854802749273,0.0011665306377393982,0.001162192627575272,0.0005094394221484814,0.0005963667362738716,0.00034825714500836045,0.0003553635441066507,39.5,42.0,39.5,42.5,368.0,388.0
sub-3131,ses-wave3,85,1.3444015801671685,1.3504855915748912,1.4170893693679143,1.4143607626596806,1.5379801797726065,1.4112214955457678,6.273391100492233,13.005145581860127,15.18594809622703,21.69413675900963,11.44273817930317,18.42634789128872,5.605168072478525,14.503086532367476,6.539235224631232,0.0011849479545550387,0.0011638960146559507,0.0005393336201170092,0.0006740283552475871,0.00038819749253667644,0.00040226444910083296,38.0,38.0,38.0,40.0,368.0,350.0
sub-3146,ses-wave1,71,1.226797148789564,1.3722813482614464,1.4504030179415968,1.4116270687970993,1.635758388588057,1.4420708890673652,3.7330431194313616,8.755968500343197,8.662860656356209,11.625774214816493,4.404669877109257,12.744248488535433,9.03567062990589,10.799509941826848,11.94153561926932,0.0010960339162931249,0.0012316659972858419,0.0005269770220082293,0.000611312488069106,0.00035420773696916787,0.00034481442688696884,35.0,37.0,35.0,39.5,355.0,372.0
sub-3146,ses-wave3,79,0.9857497939679152,1.0758631058701102,1.2269570890443662,1.1323721459599532,1.4002017918385339,1.0881103674574926,14.108481007259213,11.579318563321426,7.8109693151983315,33.19725192132469,34.34446296739304,8.562239382786045,25.008117855402265,24.172719142362155,19.777023407871624,0.0012057522959892366,0.0012484272617342704,0.0005502050168089773,0.0005824572758152932,0.00040043687969331814,0.00040935485781150717,55.5,42.0,55.5,46.0,390.5,355.0
sub-3163,ses-wave1,51,1.418051274249559,1.5090355056696758,1.6078661050938985,1.6245760753144578,1.7025226529622435,1.633671965261674,5.350748238072909,13.23469360005388,13.976135177453077,17.560366535679243,5.587666705163675,20.640007296635364,9.545448646197551,13.998854493710585,5.453478875314471,0.001125819853857648,0.0012624623903927084,0.0005082508002735929,0.0006473064956177647,0.0003529065221611257,0.0003290325000610513,42.5,30.0,42.5,34.5,411.5,334.5
sub-3163,ses-wave2,55,1.2314861266558748,1.296553897490428,1.5697038220536914,1.5466801945188031,1.6674258103444484,1.4275553485437853,12.836365809946312,19.194774118509063,13.347315623469587,22.662055836677908,18.97456954953325,23.841901191418074,19.479044437866186,23.383002665350205,9.064185923847164,0.0011167786775870122,0.0012005053213838832,0.0004956375891705958,0.0006544135248096434,0.00032713933470307043,0.00036426140738458364,41.5,40.5,41.5,43.0,422.0,354.5
sub-318,ses-wave1,84,1.046934892533877,1.154074436641711,1.3002362642747332,1.2761847781457323,1.5157850023025885,1.1517939199980498,21.113379542713602,19.860556657738,4.982316322932478,62.24281220703137,60.33730899202872,16.317508613382987,24.264489762281514,23.00317125748021,12.267894159182479,0.0011868529633576055,0.001202422590383018,0.0004886697497841283,0.0005868425433557908,0.00034564580614733205,0.00036350971177550185,40.5,49.0,40.5,54.5,306.5,402.5
sub-3182,ses-wave1,60,1.4287593796431959,1.509764831108473,1.5055520930282422,1.5190670113818645,1.6720255635097312,1.5176168479239318,4.117680851584813,8.929191609524155,7.443070048931701,19.182289348743332,20.323875485277433,5.26725460398539,9.09445549096021,11.168391803243132,10.066310823171786,0.0010778347887691513,0.001182682230475312,0.0005111910332499707,0.0006622451213596126,0.0003404921171306519,0.00036522920240940684,36.5,41.5,36.5,42.5,345.0,388.5
sub-3182,ses-wave2,63,1.2675279592475914,1.377253582247749,1.4014439406767845,1.394382890876066,1.6540506836853492,1.3869412753007642,2.719210525678092,8.307572330768439,6.165801740997472,22.113960782155907,22.252823423300324,8.881806446598727,7.096336098812566,8.665891706046299,7.5140769730468815,0.001111854720971008,0.0011926875686736876,0.0005640353082287076,0.0006783455436231055,0.0003773522389900264,0.0003815497992201761,39.0,46.0,39.0,47.5,324.5,406.0
sub-3212,ses-wave1,80,1.1581641158223952,1.4939397046778806,1.5762345891370408,1.578596585746895,1.5864115931449136,1.502398019902218,15.885925203482252,20.53294105401782,5.504186478565299,42.51754996153253,46.935229596219195,11.87026156136357,22.833919294797788,27.644077895107195,10.251052266184734,0.0012607361899096181,0.0011393017088466607,0.0005155740178047887,0.0006456506850523509,0.0004084068583655277,0.0003236221127640765,40.0,34.0,40.0,38.5,283.5,282.0
sub-326,ses-wave1,62,1.4337294730557637,1.4912637965250166,1.6900058334948056,1.7072137655038038,1.8157670388331428,1.61971348510386,15.31441550945588,17.522460731489083,7.64680637613886,17.739549374639306,22.05214053518865,12.300334153667716,13.26208804098693,16.45497852261249,4.549675358387111,0.001080363937664795,0.001127442422531251,0.000542575572697574,0.000652787825827928,0.00034375719408275565,0.0003199304289936615,25.0,19.5,25.0,22.5,258.0,238.5
sub-326,ses-wave2,66,1.568177693713158,1.6424830105221928,1.747832631415959,1.7560750545798707,1.840680522571105,1.7334216335697978,13.407421736698936,14.021222035170787,7.548407661518029,13.006052594001147,18.43240202311959,8.98919178115777,10.41198857028414,12.355632819663697,5.175735835650351,0.0011090429121726297,0.0011131458225593503,0.000561961707014482,0.000650172741180064,0.00033383840576045094,0.00032501118768691196,27.0,20.5,27.0,24.5,241.0,243.5
sub-326,ses-wave3,71,1.3193907863083898,1.383876653648547,1.4217208976924836,1.4384246430855936,1.5948266323634177,1.4281464637440715,18.19588129119372,15.75193495672759,7.365029130277218,19.465007268049803,19.290875171023938,12.144065568314389,14.317747535670124,12.395709093829588,4.452691314378488,0.0011486370329185033,0.0011258114752611922,0.0005586077706606132,0.000616778197096816,0.000398099757696537,0.0003386644722922938,26.0,22.0,26.0,25.0,253.5,238.0
sub-327,ses-wave1,41,1.5903254115728627,1.5658418038931856,1.7569248771695674,1.7589002899582662,1.81946244458844,1.6488779252833425,11.626055232238642,18.043111829520022,8.614510102873712,20.385571312546922,22.002508379384466,14.01913720829041,12.29282297218768,18.137065513928512,4.379898994621179,0.0010775633707067534,0.0011230765876141103,0.0006322840474075003,0.0006036650064154802,0.00029533631586122226,0.000382033334715422,23.0,27.0,23.0,27.5,355.5,300.5
sub-327,ses-wave2,45,1.519551519990019,1.571311769967635,1.6547624881385978,1.6640801452596734,1.8315480420286694,1.595150335072718,12.750650620001917,16.792959711442812,11.074520354769977,21.817476267575795,22.2413215076168,11.488035822975199,11.82655864881664,16.37370534532819,4.986588425263352,0.001065702128331535,0.0010796054996414265,0.0005753608659631084,0.0006390586856772037,0.00032533154757453253,0.0003413874797236834,24.0,35.0,24.0,36.5,314.0,322.0
sub-3319,ses-wave1,73,1.2799031749261012,1.332698097786702,1.346491916431789,1.378660273654571,1.4499947398070976,1.3573116526569593,15.902955827765641,18.526341775350822,10.933780453295995,22.96854951441181,15.356960053505905,24.97355075645891,15.427684233460017,12.647303886356621,8.959282534437568,0.0011593788984499442,0.001245503544271412,0.0005559676221211605,0.0006355848903355193,0.0004155898331500193,0.0004068190154522289,36.5,27.0,36.5,29.5,255.5,273.0
sub-3328,ses-wave1,73,1.200169573001205,1.3355090332123827,1.3991159853295834,1.3872134187338951,1.5318554644716311,1.3866694297893323,7.152396223002853,12.835545289346586,9.956548842436927,26.417813074326126,10.131509992075019,20.226323321039615,6.424399866137577,13.305183391550495,8.187888308726064,0.001180679651366456,0.00114661341792146,0.0005158482504203537,0.0006232830992362651,0.0003805517520280989,0.00036392354672155317,49.5,43.5,50.5,47.0,462.0,403.0
sub-3328,ses-wave2,77,1.1254149863636047,1.326213729257323,1.3639786911089251,1.3639756557166647,1.4834408151914906,1.3562008824582943,4.740750353685112,10.868321082711466,7.738307182765945,24.74119428449723,5.37069009175799,19.97781194170936,4.871607164848906,8.749803135609426,8.216896375618624,0.0012239391082397564,0.0012587888610748146,0.0005542887470426109,0.000658539369396749,0.0004181382082715518,0.00039945060499727936,52.0,40.0,52.5,47.5,444.5,354.0
sub-3328,ses-wave3,81,1.1405360486630003,1.226881927537819,1.3360528958747444,1.3599168626778302,1.4332724934936028,1.2622181998072293,14.419776702190767,19.890750060949564,5.691458603277679,62.222899104059444,57.873458119935094,24.281026975856495,21.470379414818872,21.15011428054391,23.67559179939603,0.0013224312043954947,0.0012889348317425056,0.0005828448481679516,0.0006804611833262993,0.00047519660430831817,0.00040697472405810964,56.0,47.0,57.0,51.5,439.0,379.0
sub-3334,ses-wave2,69,1.2162440915366977,1.2650916208258765,1.4161012730944273,1.3487469259144023,1.649682776275756,1.3144551324757598,16.110210050985145,12.369491812116749,8.211303195197086,14.891947320529354,18.158396668775374,11.744846354969356,27.837585821516164,23.51330294759691,11.918930186474284,0.0011707806598029234,0.0012020682646834758,0.0005421008956805703,0.0006526227603899314,0.000354828553333521,0.0003708300655944185,37.5,40.0,37.5,41.0,402.0,394.5
sub-335,ses-wave1,62,1.3577460862203043,1.4428509207847897,1.451512979082498,1.4503461474524901,1.583248573363881,1.440218088737382,3.629924307023432,9.676273290176173,6.811722941291837,20.11565756553231,11.816509889424399,13.69527105982029,4.354543629079737,11.026501323463082,3.283184765513937,0.0011545713050113789,0.001133051627689521,0.0005365854176093505,0.0006233724519370911,0.0003687893999164732,0.000363863279962113,43.0,35.5,43.5,37.0,333.0,371.0
sub-335,ses-wave2,67,1.2791740554268018,1.386533731948257,1.4018323119936895,1.4084161937692568,1.6282807422507264,1.3855065295039903,7.864167760087592,11.451522407409822,6.497730446402909,19.430352433621124,9.132223114359387,17.85959100840246,4.54616102133946,10.096869621741472,6.445275178508977,0.0011830706576195856,0.0011372884695328394,0.0005415434205739681,0.0006609740429839387,0.00037316332491172944,0.00036763362632389105,44.0,39.5,44.0,45.5,369.5,385.0
sub-3350,ses-wave1,56,1.3272964471851703,1.4890709148996384,1.5695372512240273,1.5440591733478906,1.6488243597395595,1.5239860776441172,8.325029114195726,10.238116252578262,5.038758752819038,15.949499185356572,13.814894925483298,10.865689896910009,13.924869121579047,15.92566352900262,6.877949051967129,0.0011308595353689095,0.0011737449280650022,0.0005019973196121773,0.0005706272713723592,0.00031474147321307604,0.0003363430917059973,30.5,29.5,30.5,30.5,329.5,321.5
sub-3377,ses-wave1,69,1.4595733250034386,1.531373151275767,1.5622216489693124,1.537026988376922,1.7096368582769865,1.5562177296531217,10.979282337524374,11.183240680229801,4.9409516963804805,16.653066277967618,18.720872262624795,7.097079301939798,21.269309417101496,21.5757598864746,11.23526877740467,0.001121145291659614,0.0011844513113222397,0.0005125491940292925,0.0006384395460105117,0.00036196256159283535,0.00031146194341286613,36.5,38.0,36.5,40.5,356.0,407.5
sub-3392,ses-wave1,69,1.2066466637745994,1.4647794687583455,1.4763763952075393,1.4842032231081763,1.773949631961647,1.4846595638641888,6.089100841349152,10.325686859377692,9.317009805542721,20.66894647951249,16.891023257287543,13.080082611773724,3.736043153793712,7.244986615505532,6.319743950830523,0.0012216661006838896,0.0011147036142095824,0.00046641103168788486,0.0005716214297104957,0.00031315129716158463,0.0002719057780779777,43.5,39.0,44.0,42.0,330.5,363.5
sub-3457,ses-wave3,84,1.6500564375398148,1.6589175172949981,1.6875541462639416,1.701160099516279,1.8310725389626437,1.7155532187840445,5.8996146792095745,5.304491398744959,7.866044850479355,15.17186732632378,10.944557040339523,6.357053668790572,3.91800343785238,6.236413674024684,6.623289409992479,0.0010972669901191461,0.0011049371627961048,0.0005882002495292743,0.0006791471412151097,0.0003469751108385252,0.00034827085633687123,30.0,31.0,30.0,31.5,284.5,312.5
sub-3531,ses-wave1,55,1.51525586354924,1.5972461776822016,1.6660610565965652,1.6675717170075117,1.824338305615012,1.6255611615057355,9.489071746997388,10.410055784372148,6.539423607410582,15.671656305562312,14.623608159086405,9.705814968350746,9.74856291317891,10.499954574883187,1.5315459866256222,0.00103731227973127,0.0011745165023827353,0.0005336507791512166,0.0006228823787331259,0.00032749167222758394,0.0003070255585965765,35.5,43.0,35.5,48.5,331.0,353.5
sub-3531,ses-wave2,58,1.4633813199742245,1.5091990319112996,1.6596953614905325,1.626414435625049,1.744228804536463,1.5536642117471915,10.264904569234762,10.712461531335897,4.27519252647131,17.102039995756904,14.12326354505911,11.052009705279216,12.885613125380925,13.226985472951187,4.324139159335068,0.0010808024715313674,0.0012228786258998772,0.0005409004987389683,0.0006285813271002237,0.0003370860869027739,0.0003348099551658379,34.0,35.5,34.0,40.5,404.0,357.0
sub-3531,ses-wave3,62,1.4401043071384374,1.4363303567168209,1.5274323375345744,1.5120588127227732,1.6751316189365695,1.4825977663288168,8.25927187305409,10.772011247175033,9.219827136667368,17.08535616413724,12.205204544132474,13.141860843445153,14.402390920510701,14.09595774593563,6.176234844778396,0.0010430270418014102,0.001192214732923582,0.0005592999407395616,0.0006262408584987603,0.0003672412480999342,0.00034051219946774913,32.5,41.0,32.5,45.0,355.5,353.5
sub-3571,ses-wave1,51,1.4722151849284693,1.5466414680911162,1.7722283723255998,1.698139874427385,1.9048231348733409,1.6370629702523805,7.835901061077582,9.827544195671639,6.8030102660748915,20.130630462148844,8.77257820101981,15.802763977045332,11.543398943593091,14.755688359057121,6.060501882087075,0.0010675768527117322,0.0010713452917526967,0.000516520944239342,0.0005931737871745304,0.0003132224426387341,0.0002777067059747835,36.5,31.5,36.5,35.5,399.0,378.0
sub-360,ses-wave1,68,1.7196492451670584,1.6112321106766943,1.8139609280978095,1.8582434059422819,1.7866942806213177,1.8295727742974233,5.129900455899727,18.766429939882507,14.297862540858397,29.390680568360338,28.669571995121316,9.127223775969096,5.6334132855151555,16.860289099632276,6.403066817767742,0.0010841432632148753,0.0011317844706476947,0.0006276843192930097,0.0006057706220318102,0.00032951277491050275,0.00036388702109503015,26.5,31.0,26.5,31.0,295.0,327.5
sub-360,ses-wave2,72,1.6101172970498712,1.5974178698249681,1.616083178617151,1.7410206668420116,1.8340046332157798,1.714383164057442,5.44486365856731,14.974156519529945,11.16052028004091,26.35260059179187,23.28944933414394,12.41414418395171,9.36123495839841,2.7165457659878274,12.534811759559513,0.001087856411959048,0.0011376970208314765,0.0005914594976877216,0.000676613135217321,0.00033790717616949867,0.00035706138166622097,38.0,31.5,38.5,35.0,316.5,297.0
sub-360,ses-wave3,77,1.4904515791787003,1.5236884886960604,1.5718128509113785,1.6424811670260913,1.6875387636334602,1.6249596931949806,4.530051077176338,12.898110626441326,10.182089927184167,30.67668030601753,21.876363521374337,17.79007823011858,6.194359372888238,4.334348777190513,9.21818534550008,0.0011028503280006894,0.0012339649692876264,0.000552228201111295,0.0006735833883126322,0.0003587312846775603,0.0003676713286273671,35.5,31.0,35.5,35.0,352.5,310.0
sub-3608,ses-wave1,69,0.9965374174548033,1.2189973169151558,1.478288380268752,1.306302958414154,1.4620425281129894,1.2258415633526618,40.03529399616289,44.46920695103811,6.701911159011704,54.72628765810595,45.20706423488808,16.261563634245384,29.767597331706543,33.611717523567044,18.809644519490575,0.0011584502410716196,0.0012804782361341403,0.0004925537861543069,0.0005971707578282803,0.00036959487912242655,0.00037948936332190316,53.5,39.0,54.0,43.5,373.5,390.0
sub-3608,ses-wave2,73,0.9253429210017738,1.1398065005803388,1.2061118239779987,1.2492720666900228,1.4241516843345252,1.14154080817356,41.08095082705415,43.30690064713251,4.778518090505956,73.32501663315321,80.64881310684237,27.837286065213483,16.117130532451725,13.549822892674253,50.200625587769494,0.001220846198025513,0.0012435273990993733,0.0005406819859214512,0.000591987159164432,0.0004250425204046568,0.00037048061469475144,54.0,46.5,54.0,52.5,333.5,434.0
sub-3608,ses-wave3,77,1.148830422850085,1.2657541242329882,1.2837816674083542,1.2693115681155782,1.4511212966827745,1.267068420969868,8.470567845970923,8.595734931052668,7.3525044635148245,47.24337684432555,40.982373367498234,11.49676963597357,7.8905036293300626,11.563603991543,12.136298008981669,0.0012061939634347323,0.001283476801298129,0.0005530785698251668,0.00065369924985429,0.00042720392155930757,0.00040423195184230486,41.5,41.0,41.5,45.0,308.5,378.0
sub-361,ses-wave1,64,1.3104899805048755,1.4747757265813533,1.480442504315306,1.4725581130963656,1.6809367148289023,1.458346569187357,9.855597661704522,6.238525064335543,10.05236671960795,5.358010225517067,5.775253724993402,7.457386245392245,10.92157198884582,7.389336220960706,3.4176931875535486,0.0011257155390232017,0.001186459639891262,0.0005911376015162738,0.0006195242575047718,0.0003486616937042809,0.0003714786682250729,30.5,35.0,30.5,40.5,330.0,311.0
sub-361,ses-wave3,73,1.1625623316188733,1.2256170538216984,1.264837416287727,1.256699688878615,1.4863698765476951,1.256863991148056,9.621770842148042,13.055575070334404,12.459676368555188,19.896964087160516,17.921556518524874,15.614612738090434,11.380993061964492,11.426158482403562,7.9347187478204955,0.001224760031704243,0.0012914389258526402,0.0005479589794584385,0.0005724459245469673,0.00040766496351673544,0.00034928184900945595,32.0,31.5,32.0,37.0,304.5,333.5
sub-3639,ses-wave2,70,1.3471269492099278,1.4942220140227305,1.5085923674995072,1.5526160168871002,1.736431543046617,1.5174580079146138,13.929462261272802,13.08964270381807,5.983332317616965,24.714044999206426,16.22087447493405,18.285640504693927,4.4857991889444815,2.0320866126940986,12.379776222252868,0.0011719780953498118,0.0011447754103838552,0.0005326150137589743,0.0006001088507191249,0.0003354898333057522,0.00032241510602806084,28.0,31.5,28.0,32.0,275.0,304.0
sub-3653,ses-wave1,63,1.7259881568956854,1.8541779767112907,1.8795307556539775,1.8893587930566644,2.0060009630771174,1.870755311224526,5.755908642919506,6.174469915668119,4.794449159204531,11.657625590093563,11.287190668249343,1.965579017341374,5.912094784846991,6.4680406697971335,6.383740647978152,0.0010616167016381111,0.001170994226704894,0.0005530238642957276,0.000646484379710535,0.00030754835909017577,0.00029217241955232923,26.0,33.0,26.0,35.5,294.5,348.0
sub-3653,ses-wave2,66,1.351292536274523,1.3921158187303964,1.5647862068012017,1.471940835221658,1.6860048090759152,1.4425359216871485,9.192262266554332,9.879254162162624,8.726827548223616,18.797829645513392,14.292950349720154,8.582324713464843,12.32498280358121,18.665436474121712,10.905869867526269,0.0011410891810357143,0.0011781956955622466,0.0004810552242387289,0.0006048056647403312,0.00031803570147175556,0.00032754173989533157,29.5,35.0,29.5,35.5,352.0,345.5
sub-3653,ses-wave3,70,1.4755381109821233,1.4840512064767735,1.6012030513620776,1.5649432454797467,1.7371106648978185,1.5502904670999809,3.56516685223238,8.478534242014026,8.803687598674468,17.821420997506245,11.908132121610109,10.304594751791914,8.91903286352001,12.089660084815073,5.568572638319121,0.0010748411690916068,0.0011876362395317605,0.0005038581371731457,0.0006456415614391315,0.0003412149771075737,0.0003214278196537635,27.0,33.0,27.0,35.0,301.0,322.5
sub-3658,ses-wave2,66,1.2962553910258365,1.458608378725615,1.5982732213729045,1.604208109703032,1.6941702873881836,1.5945304418729598,5.405264977195349,18.009850571290606,15.588817124498117,20.629526267981113,18.96469883509436,19.17798110618189,3.50584159378457,14.797983658317763,4.310845596239623,0.0012054106784948077,0.0011651937965692675,0.0005586041853613884,0.0006359837325712846,0.00036109649893673447,0.00034398613249057305,35.5,40.5,35.5,43.0,342.0,376.5
sub-3658,ses-wave3,70,1.519524902681621,1.4681404432760208,1.5724042565901648,1.6035167962485979,1.6862809714815905,1.5952123000583067,2.669198892808746,17.098511770311124,16.365910222837392,20.184784930017333,18.352314248407925,17.696556967845574,4.621018358499432,12.386054990869468,4.719059061732251,0.0011811369414447524,0.0011704080575004956,0.000595844919916999,0.0006953135885029746,0.00040394162154240934,0.0003622346530978722,33.5,35.5,33.5,40.0,316.5,352.5
sub-3660,ses-wave1,63,1.301603035087982,1.5546457896075343,1.60053032874649,1.587470610623324,1.700922568012284,1.6124800346803205,4.859906129828373,6.489694238986451,7.225307226842209,15.157229584777816,13.574317891991944,5.164489456243456,8.339142677032807,7.978227230676088,8.525899847510967,0.0011634193455584431,0.001210151733187624,0.0005191067548127505,0.0006852644816473936,0.0003380492029296683,0.00037237703836105653,35.0,35.0,35.0,36.5,316.0,312.5
sub-3660,ses-wave2,66,1.1435310232795861,1.3816672226464375,1.5152103647361437,1.4778524584927797,1.6506026058514207,1.445962110836563,8.194933399115671,11.630665566304094,7.46581744131656,20.286652293813596,20.632517787316374,5.980313665811583,9.860436506513185,14.565600746639785,5.006806876184807,0.0011581838094917613,0.0012007618777216504,0.00052723245208677,0.0006351805809899341,0.00031413461245912393,0.0003907884065424369,37.0,35.0,37.0,37.5,359.0,331.0
sub-3660,ses-wave3,71,1.3343062478400742,1.3915126511385882,1.4870280447115487,1.4605173509858786,1.5268212508064196,1.45595255023887,3.0984334427009217,11.055794636139776,8.391392674848193,24.377516817530026,24.471693307468072,4.080357577008314,8.416873377160428,14.692220712629194,8.155412606457237,0.0011672669167416422,0.001273019825540749,0.00056064298145221,0.0006372230789681438,0.00038196915611689894,0.0004025897094545634,39.5,35.5,39.5,36.5,309.5,303.0
sub-3693,ses-wave2,65,1.1814198014653252,1.295133239080994,1.4809435773918762,1.398119451520081,1.7085076815787914,1.3465245459270605,12.386458312617696,11.459377820717084,7.056626637992106,15.923368031021075,11.72331720279314,15.557854891376913,21.94622170905034,22.29794459664771,10.877116101965726,0.0011120259059947271,0.0012257239868285112,0.0004898435695314398,0.0005751612886559173,0.0003384715833845701,0.00028732772320186735,36.0,41.5,36.0,45.0,399.5,353.0
sub-3727,ses-wave2,66,1.1713454868161943,1.4499703772181292,1.4559549867581074,1.4397961356730034,1.74278193450812,1.4279417895944237,7.793539449504689,5.903490019339529,6.16310220767326,15.36181070640929,11.460286019499847,7.682501672169478,11.01427759603221,6.637704483561366,5.196435292678232,0.0011563824974801463,0.0012421318007798338,0.0005506238929938707,0.0005712961543829055,0.0003259858168408272,0.00032241784639258327,39.5,48.5,39.5,56.5,315.5,383.5
sub-3744,ses-wave2,74,1.2026956225379717,1.3455328179709363,1.4438133611982071,1.453185528787463,1.648979571600774,1.4147103003108827,8.016860219565384,15.86697841644325,8.413919189632509,25.047408039379476,28.707633656302317,12.05324074939702,5.833167263263483,14.094539777508412,4.336639449943085,0.0011340514408099502,0.0011625249290398857,0.0005231533134628123,0.0006140633358168713,0.0003415689816392842,0.00034726262196290564,37.0,41.5,37.5,43.5,317.5,344.5
sub-3744,ses-wave3,77,1.3279232041753526,1.300062932701318,1.4592352323617686,1.4083249910207196,1.5421308592450977,1.391513826554422,3.100254624475544,13.738805664033183,10.79568674201963,13.242036074812571,17.191930536470295,14.223126864418514,10.62943096086891,20.70187148677531,8.379726471177952,0.001106030711047137,0.0011895910028928286,0.0005390229770168126,0.0006178920718485717,0.00037876746110716917,0.00037141008050073994,35.0,33.5,35.5,34.0,290.0,320.0
sub-381,ses-wave1,64,1.2667125979658063,1.4490951506891028,1.5425120280071631,1.5542430296308534,1.8103031255389914,1.5302358909681346,8.531194218579227,15.29658548401052,8.430139236827502,13.575257091932258,13.175573910060287,17.1981109103974,4.9929767329691614,11.65608421799993,3.7667278774080755,0.001090336545081488,0.0011683086384736744,0.0004971923245566673,0.0006009020998254014,0.00032840495135289904,0.00028115168051475565,27.0,21.0,27.0,25.0,337.0,298.0
sub-3841,ses-wave1,62,1.5697709112661018,1.498106393504286,1.5487569100776013,1.5960788654765967,1.6358051699524125,1.5943993238881657,3.155931092201261,9.983645134167109,9.934870935168016,23.19809897507516,21.661002228570766,10.122284212284423,9.089540553875498,7.00591718986197,9.259604985075057,0.0011445760549659925,0.001172132932115346,0.0005273646664136322,0.0006162790896566796,0.00036271717278644,0.000337541890178479,42.0,47.0,42.0,50.5,335.0,404.0
sub-3846,ses-wave1,74,1.2701992623201297,1.4173231957904007,1.5785633295852823,1.55905792853668,1.7096431277305006,1.5360008561494571,6.794815294499902,12.962098909490077,10.417701345598179,11.003173768336568,16.237180562019958,11.444489827752701,8.513188554592002,17.708493498864453,7.834646420757053,0.0011289382956993694,0.0012140925701596248,0.000591478759306483,0.0006467036428656689,0.0003904514510157661,0.00033816906665751906,25.5,25.5,25.5,28.0,299.0,298.0
sub-3846,ses-wave2,78,1.283145711938054,1.6075927236944818,1.6981402152252374,1.6717536135638094,1.767114105420934,1.6579021645867638,7.133079585512343,8.954539896906082,6.1420005668929925,7.92002644387858,11.604124295792424,6.978222015003235,10.484155247769209,15.483167303400233,9.96957754859141,0.00115856376713894,0.0012189501732854265,0.0006186460045417054,0.0006561610903347549,0.0003996089220946977,0.00032242244468495205,25.5,30.5,25.5,33.0,281.5,298.5
sub-3863,ses-wave2,64,1.0476517755129735,1.2549960794633361,1.4401366099031583,1.4061799403341904,1.620933936818603,1.2701925237383898,22.325284728901046,21.61302914323342,8.59879320918313,43.220753119395894,39.019960246956614,10.300534820866702,30.014836137784556,29.704840323914002,11.701876682778817,0.001210436603214717,0.0012133559056313429,0.0005136912888725945,0.0005947592074702929,0.00034484387230123564,0.0003409773887355225,35.5,39.5,35.5,42.0,348.5,357.5
sub-3863,ses-wave3,68,1.2321551337816996,1.3136084464379334,1.3514936108197784,1.3283428211226906,1.4874924936437943,1.3397671102280864,7.9292480009212,8.56222859393438,8.738743109653875,25.55374300657536,20.195079424179827,8.958117712778598,9.814408634886377,9.19937896824837,12.584560857251244,0.0013025614235842764,0.0012384991311738568,0.0005372651540665348,0.000672504463021086,0.00042192073562539317,0.0003948634121670074,37.0,38.0,37.0,39.5,347.0,326.0
sub-3898,ses-wave1,70,1.5009802811696484,1.59698151082687,1.6273029922328268,1.6327554205214185,1.7718616979670636,1.62818433380305,11.515029172226097,12.09963466837489,11.397649776154992,18.960868253290396,11.046558911031557,15.204258247126623,5.9301976551023206,7.483063774924403,9.92756641417017,0.0011569097337226796,0.0011189965368710846,0.0005025671071564694,0.0006124084614465394,0.0003352318683034814,0.00031472475851339663,40.0,43.0,40.0,48.0,334.5,390.5
sub-3898,ses-wave2,75,1.0378746836795587,1.3764580497653949,1.4144045465244566,1.4171377464582298,1.5636537585874317,1.3942625898836045,12.621915662117711,13.569711211965542,8.004198921121008,15.150016084871925,16.373842134744997,14.451180847264848,8.179435097260404,8.962057228352176,8.651347549090591,0.0012395505753685107,0.0011578792142594926,0.000527317101843968,0.0006070599222956836,0.0003942997505060651,0.00033226851603637697,44.0,46.0,44.0,51.0,329.0,395.5
sub-3911,ses-wave1,51,1.4422116431743108,1.604384397528524,1.6806743022556117,1.6849650086334074,1.828529004774447,1.6796509917434097,7.087019959915599,12.79128306157278,9.904616045822038,14.82530594215927,15.137503133749796,11.933454216877813,5.0581262343859175,9.939652982815305,4.221444253112083,0.0011513800187759019,0.001146855694782096,0.0005596166541662944,0.0006728177094814868,0.0003166477569315813,0.00035717443833851667,39.5,38.5,39.5,41.5,444.0,355.5
sub-3911,ses-wave2,55,1.2142036789325452,1.3732837583611994,1.5013746736111504,1.49198982249385,1.6568366366952785,1.4376821711945738,9.413721412958097,13.048520373271092,8.090764785286018,15.442944381997961,14.737134186503944,14.804736742983021,11.621471051432637,14.535400032151152,5.452451952870358,0.0011382175482192375,0.0011597920357334342,0.0005030282385954767,0.0006071220691823823,0.0003253515749652012,0.00034525394148973937,41.0,37.5,41.0,37.5,389.5,375.5
sub-3911,ses-wave3,59,1.3514355783620402,1.5807506359234789,1.6280071819353417,1.6097731460743652,1.798656672983002,1.6146857523051197,5.630531807975752,6.88203829516984,7.8052694219100385,11.084697337421197,7.971969955816729,9.410604172077438,7.497447515630572,9.004303584773382,6.006209971786775,0.0011303527490478396,0.0011417808631958581,0.0005557835518629872,0.0006917095900806022,0.0003461942351653609,0.000347471325654855,31.0,42.5,31.0,43.0,405.5,381.5
sub-3946,ses-wave1,74,1.291530406417527,1.3995499909309386,1.4887643810352935,1.4313981298472807,1.5386132124175687,1.406402915357214,8.547022998570673,12.512059160054203,4.574775893578075,13.54476656321983,17.85404056720838,5.285373655304104,12.848780004519629,15.064949067657384,13.850747734086731,0.0012455369252405179,0.0012419703354960522,0.0005095793634705172,0.0006170759835908823,0.0003774506665075406,0.0003553937890851208,39.0,37.5,39.0,42.0,423.0,353.5
sub-3946,ses-wave3,81,1.1837653524217706,1.3180816620466955,1.3469489273093411,1.3286380624877274,1.4692314332399485,1.3126247851185902,7.988091444251772,9.272008498297735,4.392173642053441,21.353098939893304,18.596583705672717,9.385568137429477,12.799548928594962,13.539228078847716,6.021895154164074,0.0014002438345252029,0.001300910338144134,0.0005899840208043522,0.0006739344912725879,0.0004524908556597098,0.0004093873762325824,50.5,36.5,50.5,39.0,408.0,337.0
sub-3983,ses-wave1,62,1.538906658474635,1.4812049603099178,1.7267745743872784,1.7163935743692211,1.9001327887358888,1.693415626523154,10.024937855400937,18.514434155768605,18.293704986674022,20.75847160788263,11.927292789095077,27.9693177064757,11.33792511578861,19.756306370316384,2.7428054365278074,0.0010824000265853395,0.0010511012524607442,0.0005967561873452118,0.0006772234087522998,0.00030351800097409506,0.000369179873290925,29.5,34.5,29.5,35.0,379.5,351.0
sub-4104,ses-wave1,56,1.5273659668884263,1.4485359449887643,1.6281544244697947,1.6113601549076968,1.6971597760858144,1.6126563788050672,7.46315165722053,15.067368543731785,13.281534140951265,23.571316171133418,12.488648256282413,24.461928738783786,11.25081159807344,19.127150717614793,4.716178379668069,0.0011414331744682776,0.0012497963975571717,0.0005550772115514389,0.0005979042718536221,0.00034332505368703486,0.0003358075546707874,33.5,33.0,33.5,35.0,400.0,395.0
sub-4104,ses-wave2,60,1.3374837847942451,1.5004797073436904,1.61975345927982,1.6224298932048062,1.6931018822428234,1.629810933460533,6.333017820771044,13.420859875780694,13.04720948305237,18.95935860539244,9.060777894040324,22.167453482094018,9.32232360677771,15.836035088055034,4.070762028852743,0.001209922985239361,0.0012191833103515374,0.0005897508287041942,0.0006106601566366074,0.0003572975587707737,0.0003517693209920342,32.0,36.5,32.0,39.5,415.0,404.5
sub-4169,ses-wave1,74,1.3732655438440173,1.5307595215831211,1.61469254710196,1.6126892408066786,1.7225347101321744,1.6178553708189074,10.866392984986337,15.328312677555274,10.979464168004242,9.957900985934703,15.936689364862161,15.841643343873983,12.0076430660865,15.89890275762127,2.5037413723953423,0.0011055203705577048,0.0011935168426970941,0.0005681678208514184,0.0006301254862999736,0.000358100032587702,0.0003400203940908869,26.5,29.5,26.5,35.0,275.5,272.5
sub-4169,ses-wave2,77,1.2828904364301539,1.7280800752257592,1.7533163681833126,1.7530724038733636,1.8572025013717388,1.7618777108051495,5.6084578601442825,7.947006653409725,6.250588261055224,3.7418727863816175,8.161075006550247,8.312937335726037,9.362110326806501,7.145270025653085,5.154438138831221,0.0011025607622948221,0.001203717294019975,0.0006003563321554364,0.000654308483036057,0.00033301329992996786,0.00034430544382084286,34.0,28.5,34.0,32.5,322.0,255.0
sub-4172,ses-wave2,59,1.4912092665596826,1.569922023110213,1.606424422331247,1.640014666816074,1.8187210314476157,1.6074767348819772,7.262430284515855,14.580453418335138,7.849340053714421,67.9466494102783,68.79974557246152,11.417455792541567,5.902536554711624,10.46722528827342,6.089582428257476,0.0011918102136953303,0.001157877456588561,0.0004556111832429725,0.0006383378992364973,0.0003102189136119718,0.0002950141473861695,38.0,36.5,38.0,38.0,341.0,350.0
sub-4196,ses-wave2,86,1.2561205798475195,1.5157172137976926,1.7040826181800937,1.7048475700499104,1.847017349894483,1.6453681427001663,8.602570850136845,16.549831269994396,10.275725878776047,14.741765016802802,13.819954977671372,18.740285720397175,10.201496354633118,17.319605636228754,2.3616068306559708,0.001111188882821486,0.0011252472022751482,0.0006296819010458421,0.000623109914768311,0.0003827451966036974,0.00029674082337152735,37.0,36.0,37.0,39.5,356.5,366.5
sub-4196,ses-wave3,90,1.355569740103769,1.430561322474689,1.647142339414958,1.6379166014867446,1.8017635748752874,1.5560166956329184,9.792486305325836,17.07534426163353,9.047567104697965,16.835889809324623,16.88121446599836,16.989112455048556,14.143576949214296,20.643788049411018,4.4987042712922864,0.0010689107229552416,0.0011348154476245424,0.0005713712192873027,0.0006634539723785783,0.0003743980761082672,0.0003116429850318095,33.5,36.5,35.0,37.5,361.5,382.0
sub-4240,ses-wave2,79,1.1403311951273132,1.4260815459339118,1.4198455269218466,1.3887151992329294,1.6130684740035228,1.3934010470115095,6.162851678881821,8.150287512504832,4.794699043077291,12.671278456114829,11.15550426172423,10.101904181226791,13.080210639821205,12.554465477985413,7.676441901904086,0.0011528053973473898,0.0013146189216194384,0.00047689090342934424,0.0005959047008718805,0.0003251186107791381,0.0003419289975590588,41.5,36.0,41.5,40.0,351.0,374.5
sub-4301,ses-wave2,72,1.3129767007956492,1.727938814916563,1.724897155762854,1.7497038781948702,1.8276502002344386,1.719091415378927,11.533973219997481,8.418949972814882,7.507060515352456,8.54583552426659,7.283624319440776,10.0752925769907,15.982246259767473,12.539792399648464,9.078607815154596,0.0011547581016467037,0.0011861883303605613,0.0005848439419324595,0.0006437794825284403,0.00032773777933801864,0.0003462532102854642,23.5,37.0,23.5,39.5,248.5,290.0
sub-4315,ses-wave2,80,1.04576378086008,1.3248898925015031,1.3399056348156964,1.3825357316780242,1.5593660870533146,1.3305333005705053,15.849186636351615,16.172465039535798,1.982184292867398,63.95796265280956,66.88275361838694,4.228970378908228,9.306201379942369,9.438708564055654,7.318330618737429,0.0012929211387886156,0.0012113976700053788,0.00046438585677257584,0.0006063825050051513,0.000341917260224581,0.00034375010148223427,41.5,45.0,41.5,52.0,319.5,403.0
sub-4315,ses-wave3,84,0.9439352380794712,1.028233219793111,1.3837650276056375,1.190490722576206,1.5749437580363357,1.0400437850960564,26.248536225419272,27.353420345758714,6.802897680456841,84.48484349836717,88.30316643066956,10.601133913092355,26.062450032608528,26.03931241706215,33.173825997773704,0.001325569371154582,0.0012759150230565518,0.0005603168887640566,0.000603749967903779,0.00037529226995438534,0.00036400201766116966,49.5,48.5,49.5,55.0,359.0,371.5
sub-4394,ses-wave2,55,1.1763505785850288,1.2783349822241916,1.4163261887935592,1.4367820566604301,1.5693088969473457,1.3906165659905265,12.214206245357138,22.586641364662317,13.672129292801163,47.27973039943902,31.848259641129687,31.020601457856593,11.111285970515134,17.119992356172816,10.38063411791613,0.0012685021326022936,0.0013045175143661105,0.0004988493122665429,0.0006634786024822372,0.00036059881852301684,0.0003798081562204771,47.0,41.5,47.0,42.0,401.0,349.0
sub-4394,ses-wave3,58,1.1767434230628786,1.144416558133996,1.3260289505600784,1.3545676400299782,1.3996192552206654,1.2778080310332,12.857627251008529,27.451333749907832,17.100331813896975,46.154475518538334,25.478174887563224,38.20783729759557,13.825135274226854,23.22324931178064,12.851502800149152,0.00133804751385469,0.0012779838587831413,0.0005006273169177196,0.0006008682329066735,0.0003882229816857337,0.00039887390027472163,54.0,38.0,54.0,39.0,469.0,351.0
sub-4398,ses-wave1,71,1.1041182879721223,1.3536141019230445,1.511839568999487,1.4161611757708392,1.5756465067094436,1.3386554755525502,15.233202241338148,15.26666799449863,5.840240217802142,38.29270114363558,31.553553248472102,14.86282784316279,25.060478251725097,25.708728170042612,10.533058328005827,0.0014394576509591888,0.0012136673465836141,0.0005405809497589424,0.0005838676947516296,0.00039735140208794453,0.00031926820582473133,66.5,38.0,68.5,39.5,457.5,392.0
sub-4507,ses-wave1,76,1.7623827941680559,1.8448132096502765,1.9457385747960014,1.9510971205605698,1.945455765936344,1.9184625320852835,8.534957967757087,13.332864770057888,8.86600053031233,11.398173958351542,15.078317161625911,12.906851158155757,6.183196810002052,12.564251766913063,3.7614321739748964,0.0010814308787440731,0.0011917682542364554,0.000629304246134428,0.0006775950454355961,0.000334719603400293,0.0003375465541269428,31.0,39.5,31.5,42.5,324.0,398.0
sub-4565,ses-wave1,85,1.2522715125149761,1.2829296416553453,1.3831772571442014,1.3756358429785398,1.7511217715353817,1.3911693018589077,12.375455696948865,18.271388546985445,13.793518212110381,52.56205961031799,42.771384709296626,22.07051762648608,14.040427693286157,16.877682142013974,9.919916152675542,0.0011782523042414327,0.001085846746622501,0.0005210568808632435,0.0006278287608380659,0.0003530049313245352,0.0003033764702657151,35.0,27.5,35.0,31.5,343.5,267.5
sub-458,ses-wave1,24,1.413291572529318,1.5076607778523838,1.5280844698063236,1.530734799425625,1.6475121374205086,1.5129524407277888,8.58357319273004,9.304081183000772,2.769471615306802,17.895161970849827,12.636870241613618,12.233000893934662,6.47745756791305,8.37917026788878,10.346774908438153,0.0011145375197471566,0.0011222243476051675,0.0004550008151064893,0.0006120951344095427,0.00032475092189661385,0.00032762834992921115,31.0,26.5,31.0,26.5,391.0,322.5
sub-4581,ses-wave1,73,1.3510768414370238,1.4368190430662635,1.4336600640566222,1.426882606367157,1.657059585624666,1.4298356143235984,6.963138886067617,8.00093326410654,11.313009597352577,13.387139121493778,3.796165144392531,12.94965417558452,11.911672746897654,5.0518148241459295,6.466874991652605,0.0012198550229800091,0.0011481331113008964,0.0005344721516516208,0.0006973854545780517,0.00038165271130643174,0.00036317906411476855,44.5,33.0,44.5,35.0,396.5,288.0
sub-4586,ses-wave1,82,0.9307814989892513,1.1743003714210252,1.2967203547679484,1.2653676314216722,1.5781557564065558,1.241816189066053,18.392083461139407,22.275347284633533,9.262111349273582,87.73167065090789,82.39850272695269,26.760650976615388,15.457205937804996,17.88303519316293,33.213203843066125,0.001350203757859005,0.0012427008738643479,0.00047531448212738024,0.0005816046893210176,0.00033524906103275917,0.0003483242494915611,82.0,38.5,83.0,41.5,462.0,310.5
sub-4613,ses-wave1,79,1.093280011252996,1.281702268646772,1.2975800539085944,1.3238652590683264,1.4667339802312314,1.2782808721767314,12.309987053166825,9.743499874053931,4.070932159012063,25.350462988689877,20.937473914063588,11.176523466309515,11.459851810064523,7.464861367774582,8.775919566752847,0.0013557942573465787,0.0012413605719829271,0.0005329849616397524,0.0005900224664640662,0.00038892563615987384,0.00037842954005004446,49.5,38.0,49.5,38.5,433.0,316.0
sub-4613,ses-wave2,83,1.1121930930744899,1.286579307013951,1.294835213570034,1.3101585608475665,1.4162323928960885,1.2989686222661163,5.740117194802319,9.17168390226616,11.585376143851938,30.631380422882312,18.791845135003346,15.662292986619555,3.6728315139751904,10.024655438477392,5.346308825178423,0.0014392717621234765,0.0012736021665606292,0.0005724198250910766,0.0006177341026926239,0.0004732789669117653,0.0003669564114573529,55.5,41.0,55.5,46.5,422.0,304.0
sub-4615,ses-wave1,75,1.034108666475783,1.3805070226072855,1.4030395734507086,1.4173167044402126,1.6944421905586347,1.4097857612447273,12.808949463872871,11.314609208797023,7.293484917660505,15.043884628105321,19.51819996473937,6.7589791929552865,7.322072419783021,9.084330933684626,6.557008827616494,0.00115392521099868,0.0013374099699825959,0.000495922964593121,0.0005851226170089133,0.0002968527184445217,0.00034373667436973223,37.5,37.0,37.5,43.0,303.0,333.5
sub-4615,ses-wave2,78,1.0295889812542767,1.400745584780392,1.4030232530629072,1.3942251953544968,1.5701123726986,1.4206113308510413,10.149820635517019,7.0891409081064305,5.04974179168397,6.8928945069221665,4.982994575682143,8.765795473610146,8.145317127223143,10.098217686264142,8.91474800232556,0.0012075979932686918,0.0013352841213678142,0.0005206089301012847,0.0006333027068259461,0.0003674764382329077,0.0003703360747229973,31.5,35.0,31.5,41.0,281.5,281.0
sub-4641,ses-wave1,71,1.3987982169176445,1.4489980052351776,1.5931457401989824,1.6149212708575724,1.656234231976981,1.5999038333908713,4.305051203311594,14.688014488342203,15.440179945223504,27.905875770481202,19.17852042516146,20.906778416011598,4.751157847714656,16.841059834365865,5.1345506954885805,0.0011305543935811852,0.001203511590589484,0.0004896072669714958,0.0005638025783605836,0.00031304299689398964,0.0003259074598386661,37.0,42.0,37.0,44.5,395.0,348.0
sub-4641,ses-wave3,78,1.262845958535678,1.4421518727639078,1.5102343530116378,1.5494428954484718,1.6521513570372757,1.5101487644642941,7.11349150901926,13.941408576590646,9.963162295891182,25.131565276940698,25.11454313280972,13.705434803744318,6.117802461082126,11.110727157603225,5.55869097726103,0.0011868011173126953,0.0012844474578649102,0.0004997856716439308,0.0006319341063675838,0.0003500479833718702,0.0003365494032036992,36.0,35.5,36.0,37.5,316.5,335.0
sub-4658,ses-wave2,75,1.0406597685672705,1.1758115722945597,1.2666043260360946,1.403887604605711,1.3205152866012173,1.2582107459236567,16.057308568902528,27.158084180756354,13.45266266104359,72.85811767438486,56.65355201386423,39.63157122833154,9.456315971942288,14.21918436275664,17.964825349984434,0.0013760635921392927,0.0012137822910315461,0.0005609284603137481,0.0007211657275749733,0.0004762053762202744,0.0004947474962035711,47.0,33.0,47.0,33.5,360.0,320.0
sub-4659,ses-wave1,77,1.4756579034700246,1.5745253800964942,1.5965785690033585,1.6001013397977664,1.6003818559049026,1.5843189574736742,9.620718022420931,10.19245633720675,5.902115556446526,12.219498736715018,11.185712997403236,9.810885778028354,8.018715241629032,8.788014370992975,4.177214407732995,0.0011957009563637847,0.001206570152112574,0.0005656967766766241,0.0007199116200590709,0.0003731970911020825,0.00043178579676139456,38.5,36.0,38.5,37.0,366.0,382.0
sub-466,ses-wave1,23,1.8095972592044278,1.5858141635954541,1.8818726891406379,1.9148299316356836,2.009253500551889,1.8803373149847653,3.5717222003735465,20.82613166908213,17.781825873390446,24.23667333385304,18.44920176835891,27.84150711106941,2.23373105147315,18.836917580802822,3.1003200725097058,0.001085629851981399,0.0009969081163322714,0.0005243570856975283,0.0006765760797279024,0.0002811719384553096,0.000317752876307841,30.5,30.5,30.5,30.5,378.5,294.5
sub-466,ses-wave2,27,1.572720507662561,1.5463117666058444,1.6991389885388233,1.7145150938283402,1.820855730598487,1.6914080985873938,4.63124695634346,16.34044683475936,14.038187495881367,21.708031108823963,15.898638843527717,22.444799247404617,4.99588757977678,16.094330453567785,3.736723380950525,0.0010722421579033373,0.0010872716675311472,0.0005296541301215748,0.0006098317725751134,0.0003187067578567491,0.0003071601914241192,35.5,32.5,35.5,36.5,358.0,301.0
sub-466,ses-wave3,32,1.623440093708039,1.5423496465669633,1.7255565731319416,1.7853576856825344,1.9325148259865426,1.7403033399324714,6.319731877028728,14.933019376921102,14.401607948374869,19.64028540769778,13.964397102658552,20.190672296699365,3.4315080836901037,12.652364688735913,4.5729732489512696,0.0010758249921275784,0.0011377185807463395,0.0005524955073337035,0.0006202710337897512,0.0003110564269326263,0.0002959759713505893,31.0,30.0,31.0,33.5,407.5,299.0
sub-4660,ses-wave1,66,1.3717877013011015,1.5165277139490012,1.5247255715895838,1.5284757040056627,1.6760975082906067,1.531719378176966,7.730813642234834,10.83932291141239,7.75880923378514,15.26270494877183,16.884088842606722,4.687306153744748,7.108055221009513,6.0781187600920354,6.07224426632145,0.0011992577560971875,0.0011629985420006,0.0006104501213378492,0.0007048788256369004,0.0003791830319695531,0.0004063469694426796,34.0,38.5,34.0,38.5,298.0,347.5
sub-4679,ses-wave1,70,1.2267386397477424,1.1830739805096013,1.6114968527491746,1.5455638833530705,1.895529170202593,1.4301830121186079,12.921957106321987,25.631066971649958,19.101528894007256,29.08476558560938,28.018950420231157,29.57225211082764,13.292489065649129,29.193778536955314,5.574579002061774,0.0011052074925588132,0.001091325708664552,0.0004596807021675199,0.0005545125109208543,0.0002757516720902824,0.00026996811365925105,61.5,49.5,61.5,53.0,487.5,337.5
sub-4679,ses-wave2,74,1.196413207000476,1.2933441365208527,1.390152950887594,1.3762251598999278,1.6098058578680174,1.3912339747648135,5.646305025600474,13.853206097947137,12.35169331146514,13.378015673559938,15.89514248406757,14.937163336894992,5.409947940872083,15.761279543969941,3.2160605813407646,0.0011217653075083094,0.001213375030277783,0.0004839141061397227,0.0005550747809731705,0.0003377928208828243,0.00030812008930218365,45.0,43.0,45.0,45.5,427.5,350.5
sub-4679,ses-wave3,77,1.4475891509690424,1.4856776903959417,1.6513391687957917,1.6578810602834047,1.8009739416048034,1.6758168298933962,5.182164971955934,15.198123700942318,14.172993202921303,17.97879825191025,10.96738056990345,21.291577212449468,7.052421241035458,15.882104179592421,2.035337038429485,0.0011967728308619648,0.0011755210278756242,0.0005389932640790231,0.0006256463510605196,0.0003452309362926272,0.00030259226697227054,43.0,38.0,43.0,39.0,346.5,292.0
sub-470,ses-wave1,25,1.616417417563527,1.7203647560717337,1.8048513307243603,1.7991110002018116,1.8385191450369396,1.7633875783846333,8.258230024372644,10.32637055108923,4.982095246884615,18.04079807706096,13.910708922786863,11.138964327900267,11.74151333344623,16.106363867902274,7.55631494759804,0.0010938098746769136,0.001136612183957671,0.0005397566288344474,0.0006086338859555932,0.00032494126988348994,0.00030453495807402454,26.5,30.0,26.5,31.5,376.0,397.0
sub-470,ses-wave3,35,1.4488479468376974,1.6258911135566911,1.6559620221517282,1.6514153217757483,1.8366796580012397,1.6471722368054855,5.227655485011423,5.708689004998453,4.897342966777922,12.543593889846463,6.5140950837027916,9.848857680725063,7.115040694929425,7.8179744313097945,3.9530184487754667,0.0011226913639499495,0.001131128067508518,0.0005265446402321971,0.000622662818611442,0.0003266610292199652,0.00030057823064185763,32.0,37.0,32.0,40.5,399.5,383.0
sub-4737,ses-wave2,59,1.2294226367246817,1.4381568830718647,1.4910974293655097,1.5098668246239262,1.5108130863540818,1.4765191542123592,8.620191364460592,13.93289452179103,6.967142744647421,15.328575441175557,19.33256637168354,7.914713441361118,5.258074672080102,8.731130201408707,7.802343047154407,0.0011892474113078585,0.001088022700644191,0.0005656171201912734,0.0006859109422762992,0.00039443063082398233,0.00043620926794059767,34.0,30.0,34.0,31.5,323.5,324.0
sub-474,ses-wave1,62,1.8327095846232102,1.581689775558912,1.852772727499639,1.8500176679944837,1.9196410833780733,1.8496928017046554,3.116647761419058,17.47048864400848,17.642947988549324,20.048699307219827,16.627250731937277,20.982091937054843,6.5199535037240235,17.42274992546664,7.717159335247354,0.0010232799057255896,0.0010942335863580444,0.000620247348302251,0.0007047890944199429,0.00035004398995186893,0.00035450969934808436,25.5,27.0,25.5,27.5,409.0,336.5
sub-4749,ses-wave1,57,1.2928223610322993,1.4820561027615984,1.52607066208165,1.5152414298587908,1.735718287299318,1.5085565111480306,10.649114504867908,10.435971849094258,5.097526149703266,26.40881801948322,20.934028186748982,12.634568969199883,13.21058698022228,12.830194582131856,2.587027177919171,0.0011496337821352085,0.0011653418267279579,0.0004572801366356222,0.0005565334754495973,0.0003074561073736937,0.00027878830529758385,28.0,32.0,28.0,33.0,292.5,322.0
sub-4749,ses-wave2,61,1.3372158824111557,1.3453782121620796,1.3985513667476823,1.3344159044553776,1.5371734574771034,1.3833106423448478,12.782164497830397,6.127153748769977,7.159663657251652,19.89576449637202,16.014361928942492,8.742717173410508,13.67616367768817,13.04968849777055,12.89508416418563,0.0011468547180854892,0.0011422480492119971,0.00042360504050434214,0.0005123687363107899,0.00031525758220682506,0.0002943018043483987,26.0,27.5,26.0,28.5,300.0,297.5
sub-476,ses-wave1,87,1.2369530221818654,1.4484740363553215,1.4668785167385838,1.4990188781283216,1.6549191972641093,1.4699404105306795,11.167451825604308,8.347493016492734,7.386932184309077,22.570185243803454,15.925931495351065,12.621078271804112,9.888724559697783,6.37810690041857,5.7538387754916975,0.0011859533257565686,0.001189929301068567,0.0006197595920168859,0.0006930256631376887,0.000432658425658398,0.00036079933688861143,29.5,28.0,29.5,29.0,288.5,277.5
sub-4769,ses-wave1,56,1.4147824837600804,1.7391801562511557,1.7367447942117638,1.7472278168806539,1.8880459181952212,1.848688543380324,15.684255398144114,5.47124944037683,16.058111725933994,8.59363192423287,6.121138084432144,7.433269724145497,17.46585694449576,3.4771939854386122,3.6170503285014597,0.0011676875307190812,0.001172299437869812,0.0005082189442532933,0.0006993850200823256,0.0003083908695405192,0.0003316655168435398,36.0,44.0,36.0,50.5,375.5,422.5
sub-4769,ses-wave2,60,1.3640682384154545,1.761447133162348,1.7456127298695083,1.7531289629002056,1.853397074616241,1.8459698665280357,17.850208103157517,7.470149630802577,16.201494914099435,12.278505926239642,5.765545145324808,11.413477519890403,21.03549560769798,7.266949920278725,4.105654898899305,0.0011873598800389265,0.001168655034482733,0.0005068719579700877,0.0006835497505645352,0.00032525282369616894,0.00031939941635011394,35.0,44.0,35.5,48.0,342.5,381.0
sub-4769,ses-wave3,63,1.2932337691146616,1.634648756396103,1.6598217342669117,1.685195714949903,1.8154806865105282,1.7971267623086224,15.092405202402503,6.807318240635523,18.261593607210965,18.72051145952262,11.394468932235986,8.585275863419017,18.63764197924479,4.827424814998381,3.838288820557401,0.0011784503652942017,0.0011560877017757817,0.0005051741577664225,0.0006669900385263052,0.0003270751460025894,0.0003209266447779753,33.5,48.0,33.5,52.0,343.0,418.5
sub-4791,ses-wave1,57,1.2098812115617452,1.3373025872569926,1.3679209156399255,1.3975016509320994,1.629509574778793,1.3775316023880226,4.523071443240577,10.606349324617273,8.602478672749506,14.810163090443313,18.39552762826438,7.126277250347521,4.782056263668322,5.1739347144670065,7.7447129782583115,0.0011491205907933524,0.0010804198971214353,0.000534477254203149,0.0006653973275702618,0.00034038811799054654,0.0003978731605333877,34.5,47.0,34.5,48.5,411.5,320.0
sub-4794,ses-wave1,71,0.9464228794903311,0.8998070110171783,1.0837743161981415,0.9838391504087871,1.6529688539038787,1.056646223207604,48.813092938816865,20.749348858012418,69.33808568987105,79.81081696731516,54.563001343969525,31.1116319171802,53.88854870244168,43.81843084013424,33.337289847336635,0.0010407581916387137,0.0009903502558029963,0.0006474552180248935,0.0007175912273329023,0.0004226709265655324,0.00040389860962522126,45.0,27.5,50.0,39.0,288.5,183.5
sub-4795,ses-wave1,58,1.4632350842567967,1.626655941289605,1.6721955179048136,1.671062675584854,1.7655283054361073,1.6850513740050688,6.029492426569339,5.040619512706246,8.564682802330188,15.553653113730055,5.467920745547643,12.50723853797562,6.161616960566279,8.723946659860495,7.994489780262045,0.001148639697433746,0.0011393102021222084,0.0005367452760879348,0.0006776453784895191,0.0003049528764276849,0.0003828077790291118,32.5,31.0,32.5,31.0,369.0,339.0
sub-4795,ses-wave2,62,1.4805656426910128,1.6739423170261816,1.70921036046101,1.6827371974748737,1.7788728496113086,1.7164331265686343,5.456852856759113,1.9661050325780203,6.776688599206301,8.907632434339273,5.098575010382429,5.167103800753454,4.015994513320676,6.482114023555798,6.183310285470191,0.0011802059466657845,0.001200520031597989,0.0005710271576550868,0.0007115741330562741,0.0003321339586564671,0.0003891099599059089,33.0,28.5,33.0,30.5,323.5,319.5
sub-4795,ses-wave3,65,1.2457864206836726,1.4551040191735236,1.5163778935475323,1.4942146892013688,1.6452292455903037,1.5044407432933418,6.84366117201944,5.69075192112814,7.208897114205563,10.891694743791366,3.5803233856121808,9.777961222303446,3.2795121602573034,8.21571515015556,6.019917993214773,0.0012168733244413976,0.001205326704487556,0.0005712039207944552,0.0006823870989353736,0.00037871707228861724,0.0003847197801427313,36.5,33.5,36.5,35.0,315.0,329.0
sub-4799,ses-wave1,61,1.6328084632152684,1.6261250105669647,1.6855471213364535,1.7164596679766881,1.8724939307617516,1.7260045758891276,8.58246988664413,11.507243219605268,14.427348843462406,16.09800829218753,13.612122634730785,11.786923117641301,12.916206090926561,7.63063685235027,6.289036317774264,0.0010523629556338648,0.0010736312496698384,0.0005417762551580688,0.0006902093416581096,0.00032547340412549246,0.0003328785693514954,28.0,32.0,28.0,36.5,362.5,347.0
sub-4805,ses-wave1,63,1.4111787906498061,1.5502356268417472,1.6285588499271875,1.6527632609893517,1.7629160855601553,1.5955420619685885,8.044551254303368,12.287027393767417,6.193893784529868,20.385102443358583,14.552648406311715,11.710973997393573,5.192575888557174,9.232824328346894,3.073249698941825,0.0011157236960338051,0.0011498959729853656,0.0005422269957016218,0.000627381493806075,0.00032079399242513154,0.0003489038843844498,32.0,35.5,32.5,37.5,313.5,332.5
sub-483,ses-wave1,81,1.1507189547366674,1.3863209211078247,1.4556256954864406,1.441951587126543,1.5938586021427685,1.439088056845814,13.782018828253516,11.676607249600902,9.913969544727529,58.20430050793621,40.867190565723206,24.193388906961502,10.969300775419324,15.74931245035131,14.377983255204963,0.0011880540375650115,0.0011184507452379612,0.000434115409858505,0.0006224705068615872,0.0003203251063419719,0.000342555255828771,46.5,31.5,46.5,32.5,324.0,191.5
sub-483,ses-wave2,85,1.06169919636908,1.2548931685774525,1.3292225241588458,1.367286916815493,1.4842862280277416,1.2947125637038808,12.030798007544009,17.40654614258864,10.943111369873767,56.57662736938706,39.99574813815293,31.99692244127909,4.7058990772852365,13.801396005830753,8.12059451660089,0.0013368464943058064,0.0011401655483159294,0.0005421070833451769,0.0006336050014734037,0.00042211056860447124,0.0003718709874394537,56.5,29.5,56.5,32.5,366.0,201.0
sub-4841,ses-wave2,70,1.3340799244732264,1.41766223666564,1.4276969790303211,1.423907639403999,1.5881800618261301,1.4162893888041594,5.694379755420231,9.939521195454414,6.623623171309118,16.445026238211085,12.531791752637375,12.802106244386792,8.40289802881652,7.764483254626777,9.341589080815824,0.0011987123880923415,0.0013621593723214711,0.0005636390810160755,0.0006665898530627602,0.0003902184211116177,0.0003841836178087926,28.0,31.5,28.0,35.5,297.5,329.5
sub-4847,ses-wave3,77,1.314686252622481,1.3008259611875572,1.4779434439602381,1.5649254488174724,1.710050386715515,1.3624157020215,30.190599347244145,32.709530936365496,9.679748214442151,64.08328719327251,65.44920942204419,33.94981678131046,24.422168247098824,26.56581957758366,29.735550567867776,0.0011221989540756208,0.001117340417832323,0.00044712126397203784,0.0006257808373346079,0.0003264413089231024,0.0003015307055187994,35.0,32.5,35.0,34.0,255.5,281.5
sub-4868,ses-wave2,67,1.0487649196271303,1.361805644875496,1.4182329828541151,1.4247920107516259,1.5408333926543538,1.3722694799748636,4.56324448090357,7.8149816389774625,5.1792481236899235,18.389074453774104,12.005421261229214,12.157114856133614,5.571732617123485,9.250527217425375,3.816696831204591,0.0011429985363582726,0.0012719883528366357,0.000509393910865306,0.0006284947966877618,0.0003597696874445925,0.0003788050239776845,29.0,34.0,29.0,35.5,294.5,278.5
sub-4868,ses-wave3,70,1.1851358982339186,1.2907104437822672,1.431955021472703,1.3908409707738665,1.5626976867574194,1.3115840306414714,8.072115728737701,12.86402504032073,5.05910145785109,30.453807490819315,24.678929096155542,15.778976068907191,12.685787729898733,16.747999956512963,5.138510609038498,0.001171183155048759,0.0012088288484072244,0.000526314116625901,0.0006855735242694478,0.0003875214647220997,0.00038893479817219215,30.0,27.0,30.0,28.5,281.0,245.5
sub-4869,ses-wave2,77,1.0210457069977155,1.168530479695143,1.2291713269400613,1.2681052174206435,1.4198935952351226,1.2118515746743657,10.5446804536261,20.292404507207095,9.98357728255905,66.1041061294719,62.3344029885299,21.791740613522546,6.06778151272709,12.462896921529099,13.481186484232468,0.0015068859067440918,0.0013467605071733149,0.0006388617576687404,0.0005828764029303731,0.0005289999332270157,0.0003324035537778801,62.0,62.0,62.0,71.0,476.0,511.0
sub-4876,ses-wave2,67,1.4542547897048992,1.5724875663931106,1.6221877301401324,1.6235477556311961,1.7394802326753536,1.611389301427692,7.947706053609357,12.671963040594179,7.1727648013922645,13.3409568165882,18.69113546051206,7.917877920013,6.728633341140345,11.742977492656514,6.542352851700683,0.001153604226348796,0.0012105805771143148,0.0005709179398761794,0.0006965895007879501,0.00034963390710398147,0.00038015930745821224,42.5,31.5,42.5,37.0,342.5,335.0
sub-4876,ses-wave3,70,1.5458211945837996,1.5206613805612705,1.5863929025489933,1.612355918003403,1.7126915047413807,1.576279727897087,11.738801279433945,14.608335429943907,8.540623257905425,16.953893894330143,19.76453824399362,11.931716166283792,5.975320384772539,10.845727778802093,6.794869865561225,0.0011595314972510096,0.0010948982138264305,0.000563801841417444,0.0006846721310423509,0.0003588096467865398,0.0003706003079319739,40.0,29.0,40.0,32.0,384.5,311.0
sub-49,ses-wave1,70,1.6289396435675882,1.5782859393993185,1.6682727917981328,1.6469875650592676,1.7946279512753671,1.6473714148773078,11.807718211048517,9.697752878930142,13.730753719540768,20.701014103466715,15.17589980659648,13.699907484776528,8.196039055573758,11.044462775790521,4.444798616615809,0.0011380835504020243,0.0011483444260582992,0.0005600183845845528,0.0006092424880859783,0.00033557219518072436,0.00031717427152346185,37.0,30.0,37.0,34.5,350.5,322.0
sub-49,ses-wave2,74,1.449435437963527,1.4314515760290891,1.5063902392070476,1.5172461462380875,1.6779539768230727,1.487016105875809,13.125527638539685,13.444389613390427,13.899508419398657,25.09930228043795,23.831225777230422,12.122273923121544,10.563371907354647,9.800961188511605,7.641214033214304,0.001159426440446355,0.0011588747961300046,0.0005103526333793222,0.0006223552076133072,0.0003532425596069318,0.0003295455612748844,45.5,28.5,45.5,32.0,382.0,324.5
sub-492,ses-wave1,70,1.3991421440005676,1.4392535714251873,1.438723284203852,1.4492450049442338,1.5845844330105132,1.4779356833530817,11.34833095496448,18.402981348464827,15.991178251821783,23.45981105711689,19.029104495394474,21.89989712948074,16.13993131290557,19.561256941568782,6.383555813894435,0.0012491855848970768,0.0012171191372223856,0.0005388913241727701,0.0007299495912538529,0.00038732397082131555,0.0004141977723314184,35.0,34.5,35.0,37.0,385.5,372.0
sub-495,ses-wave1,69,1.349750842829832,1.3875914804618605,1.615306957585573,1.6374686844600284,1.8014711369590861,1.4202772019029275,19.964726039642194,25.764071218258128,9.014953514178398,27.64588997751391,34.99183240762521,25.982476192459753,21.970857799885827,25.278290495709197,8.053376530323721,0.0011009802694637895,0.0011727790372692989,0.00047106129246923616,0.0005831913497497841,0.000316248495554827,0.00028247137358462565,39.5,54.0,39.5,54.5,312.5,449.0
sub-509,ses-wave1,61,1.7067128477161768,1.686701813967804,1.728456822938132,1.7054564319772498,1.856822879647253,1.7014900745881967,8.886234468583016,16.17897911843244,8.248767640226175,7.744162054911241,18.60384699588036,13.639776757360664,7.792260449843877,12.177488738412876,6.939209933778124,0.0011002887034157896,0.0010564017770932346,0.000557634094773551,0.0006860269631926577,0.0003495973951041969,0.00032022557933406525,37.5,33.5,37.5,37.5,405.0,401.5
sub-509,ses-wave2,65,1.6139569636807918,1.5815603434535335,1.6443680137321435,1.6340319519912745,1.788514514850476,1.6175551082507,8.315861938786588,15.320728327930855,7.696915934954015,12.361859812641704,19.63204695609936,11.609881173227183,8.24421030881702,11.504968281275765,10.812725110174618,0.0010906700490527482,0.0010714072770987928,0.0005656980140449345,0.0006847505443418797,0.00036601057532273515,0.0003330252373186785,44.0,37.5,44.0,41.0,413.5,414.0
sub-532,ses-wave1,64,1.1568072173997535,1.278218518976232,1.3535552525883656,1.4022295225478667,1.4839710183710402,1.3129127441697976,15.090966351461368,21.122381985722534,7.083281210313462,25.442729484809014,21.37115150297251,21.77713001736135,7.212076604945143,12.600904925097403,10.826902355941963,0.001142592812862454,0.0011599381777965526,0.0004795238671801451,0.0005868451344437453,0.0003386851880132493,0.00037991230672894855,37.5,32.5,38.0,33.0,346.0,347.0
sub-532,ses-wave2,68,1.1907573996404377,1.31323482948766,1.4253029769695418,1.4912980758393828,1.663216333149063,1.3707233571497255,15.078276798091359,22.897111708601194,7.946047410738233,25.830658176550713,28.42055064300274,18.575844720511327,10.70625609541593,15.397862110432193,12.625218722273827,0.0012060354109218515,0.001135847026400883,0.0005324041350210858,0.0005865215796452853,0.00034544296393146693,0.0003327469480980945,48.0,49.5,48.0,51.0,366.5,369.5
sub-557,ses-wave1,61,1.4926195079259752,1.5657754173201948,1.600207363000012,1.583493145729391,1.7496478955180659,1.5674969671767558,7.013077039376702,7.767862433998668,8.76474224095387,14.872478616724795,13.440685330249238,6.216927684070056,9.114296959137318,10.521941454073687,5.298457449274492,0.0010966173314955086,0.001120585520398165,0.0005639517335415197,0.0006367773793004537,0.0003487155280405811,0.00034189906198926886,30.0,26.0,30.0,30.0,292.5,291.5
sub-557,ses-wave2,65,1.3876100697189697,1.490224728485562,1.5033006691256336,1.4817343559321525,1.7934564208875394,1.4573423958795748,10.297441553980583,8.206473344561052,8.848511981354427,16.728974790907532,14.615033417524351,7.847829434241883,13.315486332659976,10.536706624677546,7.708509061024429,0.0011369361679773858,0.0011199586081171507,0.0005556721669962039,0.0006395188619008925,0.00036321599206473474,0.0003057722791939006,31.5,31.5,31.5,33.5,331.5,308.5
sub-562,ses-wave1,75,1.2253788551877465,1.2963975925380753,1.2785034843242173,1.2783836846164316,1.5919811950651614,1.2907393487559577,15.04766248480027,12.676253339907504,8.020452688965188,47.69126412796962,36.83192061520743,13.254555700469057,12.142196739355704,13.079291890057295,12.284429224571298,0.0011726737326373245,0.0011658694060142374,0.0005335931434057697,0.0007525178918426502,0.0003964248636452433,0.00041337630290876233,43.5,32.5,43.5,36.0,343.0,346.0
sub-562,ses-wave2,79,1.108116330850507,1.195177948961636,1.254984212381236,1.2429713733677552,1.5876709529610962,1.2107019103348742,17.552139349666355,17.745091215685814,10.034673201724146,46.19584295639346,38.25096353761683,15.896555764625653,16.281532534198373,19.831306673531472,7.0981787461030805,0.0011781724777209074,0.0011934122338550547,0.0005870331088763032,0.0007526891841647035,0.00038532621099030353,0.00045911235761733583,39.0,30.5,39.5,35.0,341.0,315.5
sub-562,ses-wave3,85,1.1307394957518233,1.2386207293983715,1.2847331824945145,1.301685382725898,1.4562595571977266,1.259220582380983,13.530899364296754,15.333044781216763,8.248673130861045,52.81939627158539,45.872915995432436,19.686570869118725,11.120626497307427,10.160325059877135,12.89520351511851,0.0012629458237954946,0.0012173793265564774,0.0005855184761977788,0.0007221274255007975,0.00046448942978583675,0.00043579078021172826,37.5,29.5,37.5,39.5,304.5,331.5
sub-567,ses-wave1,29,1.623510277048708,1.653014124374113,1.802378479146594,1.8338959905122683,1.8493413877674836,1.7677514405061618,7.801079094208311,15.317419934504134,9.296253811685373,15.262365468171863,14.788861659809932,18.542585339620658,8.261491709595443,13.980002557899192,4.427921823824278,0.0010836272870489794,0.0011075232030160612,0.0006045693459912269,0.0007109158382412385,0.00031548782707042325,0.0003957717274721345,28.0,29.0,28.0,29.5,344.0,312.0
sub-567,ses-wave2,33,1.712587312360069,1.5054361610624674,1.9436123616618337,1.9332486654074295,1.9519217520939045,1.8105461793714654,8.704154218316223,23.315264754312334,17.166507323123028,22.899072332859664,22.88981968265219,25.562336358314436,11.498890456551482,24.38038443002481,3.5035408294741606,0.00099859155573061,0.0011402889671664911,0.0006088244261233525,0.0006900711380171053,0.0002905562382893496,0.0003740811494715286,32.0,33.0,32.0,33.0,380.5,327.5
sub-584,ses-wave1,37,1.3850143330666917,1.3856142694255598,1.5201345577258774,1.4890070032465867,1.6986567122933471,1.4096734835283384,12.311902521011934,16.708408363254826,6.666835924526316,17.42536752281768,20.44908504052494,16.31958826844107,19.656095050528574,23.2229203554304,7.4121817748119145,0.001056990502640987,0.00114655881795976,0.0004940104463491956,0.0006354822352759898,0.00032493519482214913,0.00033975076034321633,40.0,30.5,40.0,33.0,352.5,339.0
sub-591,ses-wave1,51,2.1090687880510046,1.9929884291097313,2.164716136407025,2.1709228845030575,2.198607729901111,2.194306684200249,3.5644491633608006,15.131891479350607,17.288411175624795,18.591232849947502,17.76911866394289,12.866285276594983,10.229813091861484,13.589770377884673,8.001752899257607,0.0010760874897991577,0.0010884550451749268,0.0006471037994952684,0.0006723771073150742,0.00029184246675238403,0.0003156789599754619,29.0,33.5,29.0,33.5,354.0,361.5
sub-591,ses-wave3,60,1.5084368940722437,1.5629144668522095,1.6377338686297795,1.5952272117292823,1.7646762619137708,1.5873688688898058,5.368308634221249,6.279762589759331,7.767446062352307,8.480863806758858,9.63497076602346,4.021916964410563,9.854598864148048,11.414874173528698,7.016778320438855,0.0010827682090743947,0.001207617474864307,0.000526360379028899,0.0005898789641197029,0.0003183408927205684,0.00031459599802446904,32.0,33.0,32.0,39.0,383.0,356.0
sub-595,ses-wave1,60,1.4653816298828686,1.4907280518397088,1.7352104974776763,1.714058125560144,1.7664602392383546,1.6199187270911917,11.942256903034725,18.189999677697102,7.2480485042704,21.03367935158763,23.487511922798543,15.022646144508819,10.143614909367603,16.613628937161916,5.2348441139833435,0.0010869237405026122,0.0011596854434413246,0.0005406807293553172,0.0006319974382263634,0.0003318158550414871,0.0003389687692613861,23.5,36.0,23.5,36.0,329.5,313.5
sub-595,ses-wave2,64,1.363375422128433,1.4994324343505383,1.5868428810924757,1.5857085974570801,1.722334891922988,1.5587051628235413,8.935701784413311,14.700665362267618,6.055617666669286,19.929439426266867,20.88473720495876,11.73693337972809,6.685858722840022,12.098931303292801,3.7606937553447732,0.0011007551247193652,0.0011585310790146368,0.0005155376565723344,0.0006404256454994259,0.0003251928207102643,0.00034607215943334137,27.5,39.5,27.5,40.0,334.0,316.5
sub-595,ses-wave3,70,1.362262395783274,1.5110050313469094,1.6100912754989025,1.62189538221753,1.7549738790229377,1.5680568710933969,9.111510275107065,13.334847638704975,6.265227481284866,18.885488453815693,18.13195387338741,11.277469722621547,9.363555448143948,12.636977763321012,2.0629621658520017,0.001158206109725985,0.0012097797831779823,0.0005396162164938037,0.0006643676294590685,0.0003648498785443887,0.0003212669452674568,28.5,27.5,28.5,28.5,297.0,299.0
sub-599,ses-wave1,80,1.1041253267505495,1.1944967378878084,1.2131043561042893,1.243498580194693,1.4360536100435946,1.2093098692389554,10.413876390359425,10.47782745120681,11.070781882698046,64.82486842016712,56.62734903847025,16.845140523549233,13.779986335961205,9.416102243694771,11.593612391609103,0.0013219523826948083,0.0012838281707552618,0.0005066617075420294,0.0005745582948960557,0.0003958744753064188,0.00035782926838626947,43.0,35.5,43.0,39.5,362.5,344.0
sub-606,ses-wave1,71,0.7314422938626454,0.8414395387253255,1.831844706228372,1.7111815236468355,1.8079936202463647,0.8589541536890684,81.19284205944851,80.61050667236863,7.25060695646318,73.29177270066859,81.54595687412501,40.973226600354074,66.45527510778979,66.67819296853718,23.26769067299179,0.0011152245344658155,0.0012536811421159655,0.00047351540312191246,0.0005355129347299225,0.0002639917336591812,0.0002940820247749798,49.5,45.0,49.5,48.0,366.0,358.0
sub-606,ses-wave2,75,0.9754885832536145,1.2518913365662176,1.2990817337514768,1.2597335247707777,1.5937098673900354,1.2630028716419934,10.569050886533258,5.871942185242094,7.200926511986277,51.391487244624564,45.85200696155664,7.162965219313346,14.44310141513595,10.128630394688726,9.928898887428456,0.0011357726953401988,0.0012895157215939736,0.0004887437171419151,0.00059720577137616,0.00033857110820126427,0.0003429206490636091,45.0,48.0,45.5,52.0,310.0,346.5
sub-609,ses-wave1,66,1.4495383165095133,1.606672991094941,1.6567799227421325,1.6606230363302572,1.765930340904739,1.6391412584251086,12.21823714698043,12.720733702354734,12.098576148738815,10.749024799966149,13.485662045200716,13.09322315097844,10.504886810678556,11.567791926581567,4.787388820349314,0.0010567582407196414,0.0010696356150324338,0.0005220300244541103,0.0006850969050368615,0.0003460916761913249,0.0003476891358217075,29.5,29.5,29.5,32.0,312.0,324.0
sub-611,ses-wave1,54,1.383417037162087,1.4716705708270492,1.6179184453617372,1.584285910906572,1.793559850774003,1.4824881353051533,12.416480746777392,12.326673844772706,3.9583419724686246,16.01945747837889,12.357433412159256,17.019978777607726,17.273630301155976,13.68412242397965,8.142757866892737,0.001173905177638132,0.0011650845912763365,0.0006067505316408757,0.0006493872749035968,0.0003815346134562605,0.0003311349536328207,27.5,29.0,27.5,30.0,371.5,333.5
sub-611,ses-wave2,58,1.293088533883692,1.4097949846545197,1.5551275058337746,1.5437298078936537,1.7602697616840937,1.4007341443345074,16.466326360276966,15.072661611616432,3.2972612781374293,20.0083243643206,19.3309577469538,17.17890873488453,18.768578925355826,16.10193964058602,6.447472432379622,0.001149182268264857,0.0011966102171299424,0.0005694770713459578,0.0006716878236088053,0.00036357786305885823,0.0003501220281031211,30.5,39.5,30.5,40.0,323.5,352.5
sub-611,ses-wave3,63,1.220473284419791,1.3194488917277933,1.3665768472195499,1.3406750114008832,1.561351142473057,1.3145414535883797,11.231434201364745,8.298822321791906,5.049645615321683,10.15387908480135,11.22843547427686,8.178449656969189,16.512582269436695,11.509664886091953,12.02297592380046,0.0011573871074627901,0.001234266174913839,0.0005344585062982577,0.0006289923516027877,0.000402835335700454,0.0003457000019484002,27.5,39.0,27.5,41.0,382.5,346.5
sub-612,ses-wave1,21,1.6509589372120366,1.5986213847083015,1.8721953913459264,1.8642120756836194,2.0044641489845216,1.7040818915578875,10.143999384577313,15.424298072236821,7.709039767094183,17.65537845386624,18.243676895061473,15.611973287116001,12.672197442298096,16.441239791536884,3.6698246826817047,0.0010932897979904327,0.0011217866131214816,0.0006394997960136783,0.0006316592708370942,0.00030707878449315866,0.0003299795666871911,31.0,31.5,31.0,33.0,376.0,381.5
sub-612,ses-wave2,25,1.6544818579343121,1.6542475645633798,1.8210631365316412,1.8226447503748457,1.918294546728851,1.6946581422066611,11.439094830787012,14.207679111502639,8.432548358166754,14.987810231238132,17.67006371032942,12.208531941653938,11.889356825145102,14.640127232875829,3.2308065121716956,0.0010956424591058878,0.0010925269151959775,0.0005964965573108402,0.0006501695128537901,0.000308387850315728,0.0003416567492998,33.5,33.5,33.5,34.5,386.5,406.0
sub-615,ses-wave1,21,1.437620356241089,1.628314812507762,1.6309541326065933,1.6393517247907745,1.7965424424687297,1.6531600966605096,8.919091344888248,7.042993694571678,5.406008934009112,13.528962537795916,8.262136324795456,9.980825287706939,11.285479915197481,9.144593326321633,5.907379944692745,0.001134700536063574,0.0011491547823371708,0.0004982018744295218,0.000587671337170297,0.0003081303739468082,0.00029762143740567004,36.0,33.0,36.5,38.5,372.5,382.5
sub-616,ses-wave1,21,1.622711193703995,1.7469180916219647,1.7487087969750044,1.7700569147915957,1.7960600339592434,1.7087213538750265,8.970280364865037,6.530816070755646,6.20250211124522,16.044456454775265,6.915441691090109,12.39428335349395,6.372918479547439,7.271219584565657,7.680849156806214,0.0011356609410051112,0.0011730225903435823,0.0005433838708955631,0.0006300615807297898,0.00032107116717120486,0.0003380058651635694,27.0,28.0,27.0,28.5,332.5,382.0
sub-639,ses-wave1,59,1.7452056869586223,1.8789213090742027,1.898265111135497,1.896431572111986,1.8545584739255319,1.8987180261622276,7.324315103898542,9.446124199621082,5.731527309383408,10.95092139988177,13.82019558447426,3.4117163550284166,5.313807152881082,9.711377199105428,5.517293131884671,0.0011182946313749113,0.0012017295698719713,0.0006131715102431674,0.0007201615166522037,0.00033723812694439576,0.0003817186428159569,21.0,23.5,21.0,24.0,276.5,264.0
sub-639,ses-wave2,63,1.6585776130174659,1.7819448171326253,1.7967176003418541,1.8268348397751675,1.8481708181191063,1.7686075583120242,9.547902901411078,10.326886809332004,2.911351413689843,9.515071678584475,13.771658023411577,6.523252353216341,6.328277837413202,8.899671410103155,6.330042676995207,0.001107630439811921,0.0011729186354092534,0.0006102482899829434,0.000752710125685764,0.00033731702825645225,0.0004001287648896912,25.5,25.0,25.5,27.0,314.0,296.0
sub-665,ses-wave1,25,1.5217195206008178,1.6300969009107995,1.773425204567862,1.7523178725531943,1.8284449005363843,1.7388123629082302,8.393173909020147,11.814093079176075,8.22686271743077,13.606082560027094,10.446508665317952,13.43956199494334,7.596814775076569,12.773887043247923,5.980726830780814,0.001184363166245509,0.0011439593707730988,0.0005588984875438344,0.0006620639779215947,0.00030092036552233087,0.00036681204574479326,30.5,25.5,30.5,25.5,366.0,289.5
sub-671,ses-wave1,66,1.444635796331561,1.4499005973014065,1.5416778246120153,1.52716170163525,1.7412072926658757,1.5736556255141656,5.479162601340205,10.04384359723865,14.323527632312407,11.544773917463203,13.32171364100314,8.753279004270508,8.88141659793849,11.319009895928254,6.762819548201862,0.0010993074619262996,0.001113030032997656,0.00048074078825906057,0.0006031835906344049,0.00031807745255247466,0.0003144748989927456,28.5,30.5,28.5,34.5,313.0,307.5
sub-674,ses-wave2,69,1.0857801196965813,1.1809022907424116,1.1555243210839312,1.2021643081609115,1.5680596258881394,1.183054903815418,14.655931144254296,14.400217757084818,3.06036464669052,20.944565036207997,19.942317652435335,15.540204252933256,9.841308611522829,6.889182113733751,18.30736234228025,0.0011546144093116982,0.0011224712306568286,0.00048503060692374185,0.0006405549506891431,0.0003553740931463847,0.0003624145071304466,35.5,36.5,35.5,38.5,339.5,354.0
sub-674,ses-wave3,73,1.2061784324831017,1.30723660787271,1.3029464946770628,1.3548451272851354,1.5143673729311438,1.3058000531702283,14.81398061406237,13.665142668644513,1.2309323780351848,33.409231261562134,29.426952647549832,17.420430886495396,10.014894438123234,8.961264958328794,14.658500968506413,0.0011595194740775263,0.0010832782278778655,0.0004934507551384048,0.000594379312031201,0.00038087054211549307,0.0003371840402950311,35.5,40.5,35.5,43.0,334.0,355.0
sub-676,ses-wave1,81,1.191495866464248,1.4161488090449317,1.4422342496364262,1.46089948624754,1.5595587213187674,1.4726935788105382,6.276334642760404,11.491095920507359,12.314402064132883,15.940194139330936,5.818037489198804,18.240995517579524,8.451432581019917,5.812963385562026,6.09561361757302,0.0012895075231470002,0.0012398851839958017,0.0005307619460084925,0.0006826169900283808,0.0003735117560171586,0.0004046070119760554,49.0,37.0,49.0,39.0,351.5,297.0
sub-680,ses-wave3,74,1.4527253918111365,1.4796917286826603,1.6123324417084395,1.6161325868749488,1.8139408917774578,1.6113924908315012,6.3467158715375565,12.757161931004966,12.607758265704629,16.31154703623565,13.201392231497955,13.552690298994836,5.639113329908147,11.651782450452927,3.3946254857649985,0.0011663618929547517,0.0012209657368514979,0.0005520476571263008,0.0007118760217042044,0.000349865868383988,0.0003471285565395792,33.0,35.0,33.0,37.5,359.0,348.5
sub-684,ses-wave1,73,0.9103215172454948,1.0981854076656523,1.733663015757398,1.4611065466186224,1.5021961749915387,1.0927503233944909,45.014933696021316,48.489911329629315,8.882431076549803,70.5361927754509,81.19322413339793,42.41892475621954,63.94642473653771,64.82696818628015,26.731512670275333,0.0012729141754411664,0.0012366127977346455,0.0005197989369984358,0.0005471893812187122,0.0003549672760247911,0.00035906735713838795,51.0,35.5,51.0,36.0,360.5,316.0
sub-688,ses-wave1,67,1.1900564535112925,1.2897885349145564,1.3806130122702256,1.384681109460479,1.488949320230419,1.314235677745924,14.86646893791809,14.985439114840883,4.22134281651221,39.30553786168247,36.83037939970412,11.668678308219466,20.739641063754924,20.829466135610538,10.548284075852754,0.0011764401146951873,0.001171732809571735,0.0004998816571046504,0.0006649669738501106,0.0003774569956310021,0.00040542625786254703,36.5,39.0,36.5,39.5,343.0,348.5
sub-688,ses-wave3,77,1.2570692320383055,1.3100193521330787,1.4452161102068195,1.4571558784196241,1.4715853381621993,1.4050948643747323,7.758218050304663,16.65697418795382,10.187284528753292,38.95311494677904,31.085972750268567,20.972573170557485,5.733493494526902,15.563337547451026,3.392962976855491,0.0012794302470510734,0.0011877885994617176,0.0005254782916425738,0.0006683825096969356,0.00041964277432093584,0.00039191383242609466,36.5,42.5,36.5,42.5,359.0,367.0
sub-719,ses-wave1,63,1.444788559549521,1.5377023435836779,1.6274119826973172,1.6383767596709526,1.7442683278285835,1.674554620640455,4.312905304490638,9.124693063999866,12.088848596272275,15.7455546799102,7.69801998463471,16.85904282329134,7.485288414686713,9.964551976541944,3.51166613939494,0.0011962216823564794,0.0012157665098093988,0.0006205333991555306,0.0006710406834078158,0.0003428237411403993,0.0003982205729627429,34.5,29.0,34.5,30.5,340.0,293.5
sub-754,ses-wave2,65,1.2311277441246393,1.3828185098252004,1.5205788629512864,1.5329051475090072,1.6147960765577165,1.4624673541951907,13.721562569105267,19.898317835070785,11.263586068901349,15.72952329718828,22.909296054864058,18.735317092766707,10.535220215944726,18.204287086687245,4.063751638271486,0.0011292346857217348,0.0012301032297222668,0.0005334733268238957,0.0007227243553312622,0.00033568828481881014,0.00044181053255504764,36.5,34.5,37.0,35.5,350.0,316.5
sub-760,ses-wave1,81,1.089015478700925,1.0633342447727547,1.3873466459334112,1.229350625142297,1.4270406863044496,1.1582040996320722,13.02576498478653,26.197094302893454,22.643989901527547,79.57979465373123,64.81746579986165,38.04262103602638,38.27963384861705,43.18204664408678,25.996811721704404,0.0013639590681794498,0.0012184717091141294,0.0005322162968725038,0.0005446850087824522,0.0004210301137558925,0.0003390742203832184,74.5,30.0,76.5,37.0,489.0,282.0
sub-772,ses-wave1,71,1.7586857507376452,1.7697308055068228,1.8444832083430758,1.8562318064535075,1.9026511067312244,1.8571077033112067,9.854586813605138,11.760585522603055,11.50550714294696,10.644524467450756,14.49127837717219,10.285170603241955,11.139262965489113,12.43112120668891,2.7273374178959005,0.001190116406531589,0.0011288977926855988,0.0005623343233291916,0.0007556639209317687,0.0003280013322244185,0.00036767981502626847,40.0,30.0,40.0,31.0,348.5,358.0
sub-772,ses-wave2,75,1.4301549046864581,1.5581493414656031,1.56746917371379,1.573954393158702,1.706300217493868,1.5891578748809625,10.99806886838766,8.965417651465875,7.5593118061739535,9.116592578609877,11.091958704104663,7.750284032374494,16.18625465767007,14.60070777396163,6.390600742270032,0.0011960188969490392,0.0011598530744100946,0.0005290443183052359,0.0007192364531921414,0.0003629497606460532,0.00036906423851271544,38.0,34.5,38.0,35.5,343.0,334.5
sub-80,ses-wave1,41,1.315119618926711,1.257158284489008,1.377748555096327,1.4576956900737894,1.582469540740392,1.3350502859895417,16.259920646791247,25.577846832918507,15.043007481787454,27.60443673319555,27.297340514078105,31.909051746831736,15.37457584226926,18.30032292029308,9.969775003673469,0.0011630645767483558,0.0011320029432482235,0.00045817396721513186,0.0005992927863230691,0.00031428286827675137,0.0003553370850679305,38.5,47.5,38.5,53.0,477.0,451.0
sub-80,ses-wave2,45,1.635368170242372,1.426983823160402,1.6777948797873232,1.7345853853328763,1.768308982295126,1.6764587973564458,9.165710516418077,24.074931218748198,19.4915549214018,29.27092840368001,21.402363666297312,33.70453488066775,8.093677960255615,19.750316150471875,7.951702996740744,0.0011582132727581715,0.001100329557215205,0.0005306025223232353,0.0006305250565561692,0.000328159515839016,0.0003373944574435727,36.0,50.5,36.0,51.0,498.5,483.5
sub-801,ses-wave1,51,1.8528386990537897,1.8264822192975723,2.0033749833689525,2.0036758917470614,2.0331398182594436,1.8656669859658153,13.639079643903038,13.421983601965938,9.335654793612894,22.717063006741977,12.594031746148014,13.8403969482665,9.457720510160915,14.583584184594827,8.567997078757884,0.0010435561991412655,0.001044980767252617,0.0006110611787247058,0.0006538091591061265,0.0003152628126284276,0.0003083132808968219,31.5,36.0,31.5,38.5,363.5,379.0
sub-801,ses-wave3,60,1.869763932396211,1.8948790104809392,1.9814432275218896,1.9327998410085052,2.0629498601585117,1.9159420180179558,9.97054827236332,6.238265406266851,10.281162593658543,16.029876163744476,11.453540303514,6.448564183569848,10.006410595421944,12.756430321364235,10.398373609151873,0.0010604267979578584,0.0010778817555923336,0.0005687891430654955,0.0007070157470699431,0.0003070446234561032,0.0003143591902761696,35.5,34.5,35.5,35.0,366.0,379.5
sub-81,ses-wave2,45,1.4536766760844686,1.547793830120162,1.619762651569288,1.6180849904324548,1.9024828147977675,1.5802562407472052,10.278568191945839,10.090706654606755,11.259452127941657,12.17513031743821,13.671218414874538,8.841432793225094,12.182559832273911,9.190523292383961,2.492339137908843,0.0011475943734443844,0.00119005690516303,0.0005526130628101688,0.000635463843182913,0.00032549672095197384,0.0003000220711713742,29.5,32.0,29.5,36.0,365.5,379.0
sub-812,ses-wave1,57,1.0845410295183675,1.201753108623004,1.2448061625168856,1.353891079490745,1.5069297214105961,1.1945257408521912,19.27348165625655,16.768254983383983,8.722959451257081,43.17046537713822,40.98936621737198,13.170751571240679,16.49214556254559,17.35055862299957,21.483826162565038,0.0012217618058678907,0.001244453060255172,0.00046441726245396954,0.0005694649809215241,0.0003280855313791311,0.0003586547440548913,50.5,38.0,50.5,43.5,514.5,371.5
sub-812,ses-wave2,61,1.2292545135922701,1.3177670552611667,1.3878986486224092,1.376095734785685,1.5533030278985005,1.3688097274114797,7.969296200041915,14.320172957490257,13.439487348048297,38.98878335059399,33.010734626930656,18.80876874009904,7.592055715176048,14.97945747445665,6.942536346592876,0.0012763075305864827,0.0011883644187067706,0.0005027790017141057,0.0005849469968527672,0.0003506234150710898,0.0003500619250520818,58.5,38.0,58.5,41.5,538.0,364.0
sub-812,ses-wave3,66,1.189060673241182,1.231254418051575,1.4092852823266813,1.3672114939568263,1.5154824869309502,1.2896156247256443,11.20394655264405,19.677735263473792,10.91722435009968,60.897084891807495,56.827044595820254,19.15682964962656,17.262527062506965,22.11673268238373,7.228226778466253,0.0013605039241038218,0.0012872311132331748,0.0005545670691929226,0.0006021661183261866,0.00041478631553889096,0.0003503986961674407,64.5,39.0,65.0,45.0,496.5,361.5
sub-815,ses-wave1,40,1.4297963565937541,1.444857741994071,1.606492657398189,1.623982565318774,1.8186721412039737,1.5988857909225365,5.031927555694087,13.36369645517628,9.662056705133592,22.45512978855451,7.885441060257297,24.902571459039002,7.3047217303880565,13.411518782040826,5.274751651678615,0.0011304719404073521,0.0011243901232295167,0.0004924155134912802,0.00060254339489578,0.0003178220057244679,0.00028575079351498243,32.5,29.5,32.5,31.5,353.5,295.5
sub-815,ses-wave2,44,1.2939100076368324,1.3553801666537182,1.4041846926096548,1.4154535274836637,1.617734238969603,1.4270651457867045,7.717707833353456,14.800983800264948,9.732738538188897,24.106438991808773,13.7414160785974,24.432369155020943,4.91481109695538,8.807873284180678,7.749970803922961,0.0010932301074717543,0.0011222532230021898,0.00047258854528291314,0.0005694026508535899,0.00033290266794257407,0.00031114432874801423,35.5,32.0,35.5,33.0,365.0,325.0
sub-815,ses-wave3,49,1.5280106078345113,1.600528679010801,1.6819745419428775,1.678638822419944,1.8564165921095765,1.6895070670795884,3.9882141571869214,9.911532640961564,7.804265031064908,17.207297086541068,8.755707283791574,16.926012461837445,6.47864021456768,11.821654097459877,3.7615518061754,0.0011096031195131327,0.0011583097455848583,0.0005122613508108477,0.0006269383654486569,0.00031144416302273807,0.00030221679092787355,34.5,32.5,34.5,38.0,381.0,325.5
sub-817,ses-wave1,45,1.3161597022039935,1.5467669078361315,1.6435456414656437,1.6176294283877093,1.7636794749800206,1.5782675003698743,9.086287610963101,9.78071120723054,2.5814129030964925,11.070293772185344,10.834830673069883,9.259298948593962,13.404099780932398,14.076504966057986,4.483314207732266,0.0011403082590134416,0.0012053719318012158,0.0005764616955171472,0.0006166783752119861,0.0003327640483413623,0.00034311274602003277,26.5,28.0,26.5,30.0,317.0,298.0
sub-817,ses-wave2,49,1.367381837397812,1.632416124855934,1.6739909979840932,1.660398693841599,1.8943533307785203,1.655760241402645,7.230290666077712,6.6879735761291155,3.661952110404406,12.891492096711836,8.910761613081394,7.428640150835651,6.911917363770993,7.741863546277909,3.0877661262207177,0.0010932341839153584,0.0012738392100194082,0.000592140012325087,0.0006338417715596734,0.00031468360374024737,0.00033162512503774144,26.5,28.0,26.5,29.5,299.0,284.0
sub-817,ses-wave3,55,1.2010406802779952,1.5222787660012698,1.5645726529012909,1.5688523697209849,1.8036738717659067,1.5632539864138364,5.275442236041608,7.07983901506325,4.938800753792478,13.983613668685376,11.24422119447338,7.2228642801956,9.554145295636568,8.538898222188795,4.708077439477137,0.0011259770131559223,0.0012349060122888518,0.0005807739602002133,0.0006426876037402965,0.0003304262723771886,0.00034772569271072885,24.0,28.5,24.0,29.5,315.0,269.5
sub-818,ses-wave1,49,1.6118530950363343,1.6590414163716984,1.725045122997615,1.7001271384622787,1.8449942462477367,1.675366628847072,11.046336299203084,10.818557629552956,11.665269183701962,16.482028619703087,15.186509031394918,8.101049726495427,13.400944616670676,15.752502729685501,5.995080034206335,0.001112902484769706,0.0011379749434726203,0.0006242155086288479,0.0006713732600431232,0.0003459768210710218,0.00037326606789172406,30.0,29.5,30.0,31.0,326.5,312.0
sub-819,ses-wave1,83,1.1772530940648416,1.283991576382658,1.3087393336891207,1.3231412042618949,1.4614919743650598,1.2816355929442236,14.510241484105418,16.24614779014012,8.987247818392996,51.558103882663715,51.66504071792505,8.272993079846778,11.37877572217746,10.56403257490264,7.137483856165366,0.0011935695674213948,0.0011736872854088084,0.0005562749177076879,0.0006894157368245897,0.00041423687404948915,0.00044052292843896985,43.0,44.5,43.0,47.0,368.0,441.0
sub-823,ses-wave1,78,1.3750928570463192,1.41801091892345,1.429606080114164,1.439856117212778,1.6701242705936163,1.4589462180796353,9.691143469117858,8.903049805902663,7.44565911014285,16.3980784644438,5.240327440914408,16.15955710859945,9.08424071502025,8.094337224496964,3.3349255351820157,0.0011155569648474703,0.0012034769962719154,0.0004863987448718237,0.0005324041354469955,0.0003247039190783754,0.00028668185602457794,29.5,36.0,30.0,39.5,281.0,325.0
sub-823,ses-wave3,87,1.2548145259700965,1.2753322651495655,1.3359843693865776,1.3504527851404586,1.50166860191751,1.2965147915153654,14.23121035203905,15.591702101014544,8.035708607024254,21.759958509328687,6.017187046810108,23.757925470728512,15.728497052958042,14.824748895709401,10.582687709755378,0.001173826461053339,0.001191267163173479,0.00047935419966131773,0.0005396421981100558,0.00035131768999506897,0.0003276139335756659,34.0,37.0,34.0,38.0,278.5,317.5
sub-829,ses-wave2,54,1.4665018763604474,1.584555439273243,1.6064543002802831,1.5920309957699286,1.799771634863427,1.587067421504226,9.307334326212672,8.70251607716628,1.2336280569379707,7.882309419506232,11.669625137161784,6.584956337185351,6.970804812057229,6.764830738870924,3.916141521217231,0.0011657362741981014,0.001096617030877193,0.0005792454499492629,0.0006357234779999191,0.0003422300294687991,0.0003329273469919119,38.5,42.0,38.5,44.5,331.5,400.0
sub-829,ses-wave3,59,1.1921787538241162,1.3903566828685037,1.4102475396425194,1.3841000492896136,1.5614669306654025,1.4017772645934528,10.261695110379401,7.860510684222664,3.3026904364432403,10.706977119989734,14.396106364741568,5.032081256783538,4.824549200585668,5.254098509816034,6.982737648380576,0.0011221264577065797,0.001184494945299206,0.0004874939446175552,0.0005795746496774453,0.0003381516153002968,0.0003463274547823125,48.0,35.5,48.0,36.5,323.0,359.5
sub-831,ses-wave1,60,1.518934646017829,1.4339668858218377,1.6611342174921753,1.6597782852996508,1.8151389754912155,1.6321705155157127,5.057253010167178,16.355536281780076,13.669974730644187,16.748137272093352,11.857887873838466,21.331371658747827,6.105950002521455,18.29289850548296,4.400540740059619,0.0011138551657969469,0.0011030155067500245,0.0004557935363741825,0.0006180888927903854,0.00030555256464284285,0.0002894719832612383,28.0,33.0,28.0,37.0,366.0,354.0
sub-831,ses-wave2,64,1.6197379244664218,1.5035392761077928,1.6595534701503907,1.6380244713554537,1.8430599996713188,1.6653775776168351,4.872327302149255,11.819120071032861,13.790894049645729,14.514164979626965,10.000769888252542,16.21533954282069,6.198386074045887,14.762158288305613,3.344335330634907,0.001130923695116894,0.0011205107756691647,0.0005291624299018991,0.0006087753496856372,0.00032773027860690863,0.00029339453790584984,33.5,34.5,33.5,36.0,396.0,364.5
sub-831,ses-wave3,69,1.5211971104210982,1.5995548066199836,1.6540685077169932,1.6477291499133542,1.7303386551024886,1.666328275073667,5.42166440678018,7.553541033068084,7.626671046124608,7.216201427370871,8.54234853793267,8.27048252616741,5.312446020959319,6.988121860672578,1.5013944250760651,0.001129410119229478,0.0011510756123156863,0.0004967883979933787,0.0005956358886795073,0.0003329444534129238,0.0002985553360520585,29.0,35.0,29.0,39.0,312.0,339.5
sub-836,ses-wave1,54,1.4679591805887442,1.5471418597163682,1.60414375783768,1.5995445067178184,1.7998730522293602,1.5678664612226036,5.164630704781274,8.801517931380854,6.876688188600422,18.842363929588807,12.695059476100305,9.329410295607794,8.198330305013034,7.882648654638378,5.110865928489952,0.0010580655203565308,0.0012131010812553873,0.0005909624769929392,0.0005268607897123152,0.0002943026231672696,0.000338006789452121,24.0,32.0,24.0,35.0,396.5,355.5
sub-841,ses-wave1,50,1.486992380100888,1.624240550393133,1.699980377897829,1.6769088778041081,1.8146772189656537,1.6570916866018797,6.959301356635409,8.56743367191871,4.32628963772331,13.108253528061422,10.429643124324187,10.631449996716707,8.89589530227077,11.78170771023673,3.758443589636025,0.0010892578331612608,0.0011295390624062357,0.0005534968479188482,0.000634322144833277,0.0003115248461952057,0.00034419188448607334,30.5,30.0,30.5,31.0,367.0,330.5
sub-841,ses-wave2,54,1.4423220077712484,1.5154902741156935,1.6072787814943044,1.5750108769091775,1.7011937597788462,1.562006872277005,6.761277509393486,8.273714354459752,7.331739645816999,9.857664288949518,8.026064390002913,10.532819872910592,9.81402964126605,14.12368044427322,6.303083425077571,0.001127054830067209,0.0011390620530385338,0.0005640303265257293,0.0006122432871621636,0.0003527785519054305,0.00033846703876009286,31.0,34.0,31.0,35.5,390.5,347.0
sub-841,ses-wave3,59,1.502896862867896,1.601749316339594,1.6811563811559511,1.643415573001119,1.73305781590562,1.6168792437027835,6.8337391324164045,5.7049104230818495,3.1388380088050045,9.966342437630235,9.098729709684402,4.672987419644051,10.085850206361403,10.882912348732685,6.1033006662941265,0.0011068304629504163,0.0011518592066374251,0.0005583461077544906,0.0006324292111155913,0.0003551306500796192,0.0003329068383198698,29.5,32.5,29.5,34.0,320.0,327.0
sub-843,ses-wave1,74,0.849804459959664,0.9735621250117925,1.6781763806577916,1.3447143180590024,1.4721818598169594,0.9990831369619553,41.08876458608611,38.21049410443308,6.488632036047274,63.64464370454307,74.42634444385503,16.21173493515856,83.35063804506414,80.33390246731943,42.39851077032712,0.0012778156122940053,0.001209836226203569,0.0005110371202154316,0.0005189306190215469,0.000344922796651624,0.000357578083621218,57.0,50.0,57.5,54.0,422.5,385.5
sub-849,ses-wave1,33,1.3393823435203558,1.4432512987541957,1.4750451575424364,1.4690798405746535,1.6297536225003304,1.4442525066126395,11.283446919839708,8.935433190047672,7.686998848708464,16.182602392103888,15.892312176348687,3.9995582010801662,11.908249464566287,11.185584628263241,2.7009696429681616,0.0011173900403546706,0.0011551335396711355,0.0005344068262342329,0.0005891558684569525,0.000344356420598168,0.00034938063377886093,26.5,28.5,26.5,28.5,310.5,330.0
sub-849,ses-wave3,43,1.436107003156415,1.4948144721532386,1.5337386703262545,1.5365177142085324,1.6803759598244328,1.5077119765258273,10.61810949082628,9.537268611810083,7.870771205618663,18.186219368011734,15.238460468199396,7.801843648720688,9.118747812483637,10.98604135333233,3.437120507052031,0.0011157705942917216,0.001238345871444898,0.000561997324465275,0.0006335631212315438,0.00034312307828388705,0.00036863265556568315,26.5,30.5,26.5,30.5,357.0,369.0
sub-872,ses-wave1,60,1.443838556839347,1.5138790538164573,1.6369819186296337,1.6307962173159636,1.7712335733773386,1.571885840418251,7.002329300126429,10.579116023816812,6.173752051119561,16.45486997253282,5.745304771565319,16.763724838779027,6.494539509838193,10.62735276558345,1.8344891569701198,0.0011185746794620068,0.0011803901928942651,0.0005054225568517999,0.0006476411049152375,0.00034496822535070784,0.0003066341466092126,23.0,28.5,23.0,31.0,261.0,276.0
sub-872,ses-wave2,64,1.2892097698475657,1.4623864477324644,1.6001140812243766,1.5744853804318515,1.721947625986739,1.5013260185215618,9.120086076854912,11.371090539591231,4.494658980016772,14.614735311865036,8.030048923473622,14.066615846731931,7.983560798898208,10.938496015729662,4.722456389240639,0.001101781004291735,0.0011585399325591541,0.00046602305007615577,0.0006422033345499527,0.0003347078327014633,0.0003100671550266505,25.5,28.0,25.5,29.5,229.5,263.0
sub-872,ses-wave3,69,1.3948390184089412,1.4530255084689707,1.5721891171835576,1.5740407648302723,1.7996349572194243,1.498614339248113,9.166400262104982,12.155165819631797,4.676921792210182,17.66746599354677,16.484895309978793,12.73870725284569,6.836431872934067,10.817894940961752,4.20176811561135,0.0011246515190367168,0.001242178591076351,0.0005028053952391138,0.0006091851878487172,0.00033364827336365547,0.00028431316437490747,26.5,26.5,26.5,30.0,276.0,300.0
sub-881,ses-wave1,71,1.5471024899748245,1.5134739408131337,1.5617602849766228,1.560047893622852,1.799872104712919,1.5566214571909818,9.150405963765985,15.07152844665131,12.32297276544239,19.401083037081854,15.66917788027886,15.732814042442076,7.030381643991795,18.43046107602726,9.139141917954898,0.001034263073624799,0.0011113250818054535,0.0005742106137623329,0.0006220973865358821,0.0003550924224898476,0.00032689407598262275,35.0,33.0,35.0,35.5,345.0,365.0
sub-883,ses-wave1,46,1.6168225397476592,1.6954356119891494,1.7944211034039452,1.7571850973647716,1.8935666859617823,1.7258231407324045,3.25101512049975,6.462186174585886,4.4017464926521574,14.584384959882119,3.6447918843037685,13.656707953828048,6.772593460255788,8.573532310347037,4.393357862787155,0.001135602703462133,0.0011184317806047354,0.0005651559253151174,0.000644418060136564,0.0003307216806292889,0.00031717124458300954,32.5,37.0,32.5,39.0,409.0,372.5
sub-883,ses-wave2,50,1.4932454553381602,1.6267665235832154,1.664329920861301,1.6438683053224856,1.7558699227926697,1.6186255889712475,5.6156577277929625,7.785460533998883,3.7096857838581285,9.438139968276147,6.403017553684284,10.995457369722967,8.069604585368934,6.459758741027897,5.276946108846576,0.001102508941696371,0.001095139195057721,0.0005055844796205861,0.0006336013573631468,0.00033775477189985757,0.0003179720671899487,36.5,36.0,36.5,36.5,438.5,367.0
sub-884,ses-wave1,25,1.7046967728875366,1.685834840358121,1.778104176847279,1.755463704869853,1.8389947388390804,1.7479101889140232,3.5948026611383193,9.893241855464282,8.435907681291653,11.481085717465318,12.64248738572912,7.800806499635547,8.58278977753843,16.01799932119426,6.21827458757766,0.0011211396891608713,0.001108017722614835,0.0005577136183555629,0.0005968364664331732,0.00030183416023294655,0.0003251377824342586,28.0,29.0,28.0,30.0,411.0,289.5
sub-884,ses-wave2,29,1.505027677652954,1.519002171484525,1.6672815733477826,1.6438798302040194,1.8106848922475387,1.5989554669705783,9.236901356243951,12.871657866651843,5.274538849078043,14.284701414570286,17.764965043872564,7.1186673550687125,11.323030285555104,15.294036666281201,3.0367200846137754,0.0011562142695688744,0.0011281653562144336,0.0005170110644488867,0.0006073991816054761,0.00031151166687333844,0.0003188990951833869,27.5,28.5,27.5,30.0,394.0,307.0
sub-884,ses-wave3,34,1.5531982056113849,1.6674432416108416,1.722679157824142,1.7256031455854166,1.7997304086240011,1.7113325500798342,6.543434205802896,8.909346843911276,6.155042490310635,12.16482449149683,14.240191930267521,3.745219912379624,8.047802223867166,9.904433628607826,2.737722402860032,0.0011352822683115508,0.0011665924125469139,0.0005503164818327826,0.0005927743702480203,0.0003279854804243751,0.00030832730983413914,30.0,33.0,30.0,34.5,314.0,303.0
sub-886,ses-wave1,50,1.455741138029622,1.6304826256432763,1.8460333763360746,1.8656017975495893,1.8889883520620179,1.7191361697402399,13.608746726767237,16.61142278282801,8.909568698477347,16.760795663127915,16.701929877664224,18.76524102203148,15.784474148965337,17.707199016775498,3.8335486662917146,0.0010832512389781991,0.0011665831649717052,0.000570221885009448,0.0005846908936098984,0.000294261429035068,0.00031723343208688997,22.5,29.5,22.5,30.5,241.0,280.0
sub-889,ses-wave1,41,1.510515389844659,1.6003209269225953,1.6618912238482526,1.6820389176565715,1.8063793083141553,1.6101149400077337,9.689254630875011,9.401316175030114,8.97929225821,13.09498538149968,11.499535064789484,10.869059937455248,5.3141470722642925,10.565769158751873,6.6297205364330605,0.0011513625700298093,0.0012163282105607624,0.0005215017910157435,0.0006094092877650385,0.00031259964071023096,0.0003220688343316021,40.0,36.5,40.0,39.5,399.0,359.0
sub-890,ses-wave1,71,1.2629245528637216,1.3704762073367864,1.3765503898159872,1.382861751607718,1.6158309605392405,1.3837438149210541,15.431767614122316,11.780621081021321,6.963825071215147,37.12670123482508,42.74084530168346,12.308531287856276,18.50767813940132,13.097080788266798,7.359174362178524,0.0011436615671812631,0.0011891887726215512,0.0005573622898460636,0.0006923687837721189,0.0004032308843144347,0.00037915402108578674,28.0,37.5,28.5,38.5,313.0,341.0
sub-890,ses-wave2,75,1.1930812285593544,1.329541835359836,1.3380187094317257,1.318740125689798,1.4860436541468334,1.3330400704486343,15.185537987084004,7.490941592562574,9.260033228266689,26.917981888008743,26.786968748727706,7.490531054257251,24.605771193765776,16.276021315999365,11.633025390803503,0.0012996453151572496,0.0011821843846088372,0.0006207210803621543,0.0007251720158628335,0.00048309455262830845,0.00042445620400892377,29.5,38.0,29.5,43.0,306.0,342.0
sub-891,ses-wave1,26,1.566236915495953,1.663832927947141,1.7671606883302136,1.7574212329289447,1.796022731854198,1.7254460825289213,6.937390457828671,9.755895549031735,7.278518364609662,10.082670548691231,9.204691362774145,11.471791653543288,6.663703241005623,10.622983826454476,2.5996464194551043,0.0011382066292136951,0.001139291751837994,0.000541196531326512,0.0006156441372249723,0.000301814879979094,0.0003423306370677892,31.0,35.0,31.5,37.5,357.0,345.5
sub-891,ses-wave2,30,1.5240847442724745,1.726717114856505,1.7443067699775234,1.746007493708074,1.8894599350781756,1.7131152397933875,5.471635590152614,3.678329175322921,4.46073110777801,7.249443928177251,3.479877476840869,6.134733532225062,5.367312904444613,2.8639929567130142,3.471501234285624,0.0011270540606953244,0.0011464488716834845,0.0005013941765355412,0.0006578542303436229,0.0002940886965006939,0.0003203097508756198,31.0,33.0,31.0,36.0,364.5,342.0
sub-891,ses-wave3,36,1.5562169932927357,1.6687446722002717,1.7173335506270755,1.696260303310524,1.819640770426528,1.6762465317186075,7.541968160600934,5.362017277982818,3.788372440576203,7.8949262411548355,5.337888672812131,6.599800522237693,7.567072986766205,6.839218963876339,3.5867102762567784,0.0011370577839522919,0.0011684542986687221,0.0004875796091150544,0.0006490648662293097,0.00031351671986816205,0.0003112719842748548,33.0,38.0,33.0,39.0,360.0,368.5
sub-898,ses-wave1,50,1.741363364919264,1.6005333047269308,1.8037777026992217,1.782985017357841,2.044149071033763,1.757445797033181,10.987975239794448,12.22932878614641,12.121471097094345,18.608976201766847,6.347748700590902,18.713009456930084,22.66654852875335,25.3764468561695,13.41509338375158,0.001104131025077431,0.0009166081850148308,0.0005210340124271486,0.0006595637229051195,0.000257623776696678,0.00032207569467453264,21.5,27.0,21.5,27.5,334.5,348.0
sub-898,ses-wave2,54,1.6297484990376845,1.5536314604900554,1.7624037742748768,1.7149688179505609,1.9579193580782464,1.690836011720542,14.6521146280922,14.092195945633744,14.106386241832826,16.24216749677106,10.755155818847076,19.502105103165228,13.016701609685587,17.99761589610141,6.096814396355384,0.0011000173751828978,0.0010126017693740626,0.0005313861017034818,0.0007116065173047698,0.00029006103110217594,0.00034560893292547446,23.0,28.5,23.0,29.0,350.5,357.0
sub-898,ses-wave3,59,1.7461295995144053,1.736676338932337,1.7759024894789133,1.7722272421061218,1.8472443675479266,1.7934158017260171,11.482818460083923,6.123084235439972,14.626775239086538,10.166112105957154,5.250624601857367,9.394324867749896,10.772672950281722,11.126624042183103,8.238205877615323,0.0010939136237897347,0.0010385894818196757,0.0005287930525259017,0.0006715844584895031,0.0003186655882734957,0.0003393167957030121,26.5,29.0,26.5,30.0,321.5,331.5
sub-927,ses-wave1,38,1.472310863120992,1.4443423635720014,1.6903737147586362,1.6204582222856994,1.6692910790100266,1.5865225849319653,2.1870467867371337,12.390062423975252,10.361407162303447,22.358273790217318,7.351996676645959,23.940933291250303,7.157093776594408,17.05946229016012,5.042629284951104,0.00115667682792941,0.001200761102067883,0.0005246956678494424,0.0006278780706668927,0.0003364067221034189,0.0003536865679918611,21.5,26.0,21.5,26.0,311.0,266.5
sub-927,ses-wave2,43,1.451155745251642,1.5673455154695048,1.6832553062449933,1.6530833369454503,1.7352738304074227,1.6330835327478739,2.5829038227972005,8.021707312940602,6.181848908022407,16.69194272656693,3.927261903203546,16.931106910364353,5.156278736528753,11.020604567538026,3.9022061718407617,0.0011103215471458885,0.0011995747851740036,0.000535880478481496,0.0006506063129996793,0.00032083185392756217,0.0003625916256299076,26.5,25.5,26.5,26.5,298.5,274.0
sub-927,ses-wave3,48,1.38094690630228,1.5109027310389547,1.5953317181631403,1.5743477184580745,1.6475280426848784,1.5595554003474725,3.8181387183052555,7.836692710887694,6.228054637490041,15.821626879236689,4.331903907420323,15.441476521834716,3.64010334810939,9.525476191513865,3.531909041263173,0.001097669298044191,0.0011706931770951938,0.0005353200209300176,0.0006049918290855948,0.0003509478986961767,0.0003410538325809715,25.5,28.5,25.5,29.5,249.0,281.0
sub-929,ses-wave1,29,1.3270815621735306,1.5672223325601025,1.6336854319826202,1.6450675973047564,1.7292994670282589,1.588894241895583,7.111427875084764,10.384186697537137,6.015844399379722,19.8217575830794,5.851824362653573,16.627486923017276,7.322528179868374,7.48333431696698,2.927264578417298,0.0011664336798827262,0.0012030334425314018,0.0005227156637953489,0.0005873560527988682,0.0003126383702637571,0.00033031703115380935,23.0,20.0,23.0,22.0,217.0,252.5
sub-929,ses-wave2,33,1.466917610273687,1.595948886402426,1.6754528382902563,1.651809175645057,1.7229848416613756,1.6215645087489512,6.171040917350804,8.260599531487902,7.246712558643853,21.492522568443896,9.164111650207033,14.145996346880526,8.450784186798321,11.837544506971742,4.47135023814829,0.0011937880760039357,0.0012317627789029343,0.0005088321882235155,0.0006059952675026249,0.0003138656494719236,0.0003332508824876806,25.0,23.5,25.0,24.5,229.5,258.5
sub-934,ses-wave1,55,1.5971313747846736,1.403530810822832,1.8768469436390451,1.893227217791252,1.8971183815165364,1.7798893850345312,7.412007869315161,25.81099953202897,19.197204644796837,30.04341329960157,25.76756012434563,26.16783128134838,12.35822748902752,27.752490163108682,6.522659712033913,0.0010904496235525584,0.0011086565920327644,0.00053241171519403,0.0006177416584915757,0.00030388729250262257,0.0003067957414098219,28.5,27.5,28.5,28.0,336.0,330.0
sub-934,ses-wave2,59,1.5850466927025928,1.3516475383430524,1.8631196963151972,1.815449460966592,1.9643780899989287,1.7423566406241466,6.247743260111719,27.739597444351542,23.191457035741998,32.79183511076522,33.92128305020905,21.44752081441554,11.670885026715325,31.311875357030807,5.892854439496447,0.0010904449515911781,0.001109513485712479,0.0005862362906617787,0.0006571534337567618,0.00031895467352647947,0.00031914535628113134,29.0,31.5,29.0,32.0,370.0,359.5
sub-935,ses-wave1,86,1.0498688012735182,1.2562432676856146,1.4894984651208798,1.4064167831530905,1.4730587581993049,1.2821236878796285,23.485120519959676,26.129237648774954,6.66381914521388,30.661171430807094,43.5062301730794,18.128673894215314,32.14336533937949,34.62555661201618,17.638218636865517,0.0011218711778262329,0.0012166137079809975,0.0005568477686621518,0.0006672447049923009,0.0004298469529948649,0.00040044093800413124,25.0,25.0,25.5,27.5,246.0,255.5
sub-943,ses-wave1,46,1.6112520760532085,1.6355884705175388,1.6481399297095098,1.6530320620813252,1.8140479331674855,1.6666065581343414,8.379560041820909,6.370652509643108,8.165682252531475,14.576352926926194,8.240115338002498,7.785074690731334,6.59875449057278,6.254606234397906,6.689022036550896,0.0011748860243596308,0.0012062258948963291,0.0005878705790074336,0.0006323222607518977,0.00036213031678523845,0.0003132179072160986,33.0,34.5,33.0,42.0,395.0,476.0
sub-953,ses-wave2,88,1.287306288529624,1.5449273068971143,1.5671390506385148,1.5605589375872668,1.6733251505068196,1.5729097691175513,9.605382334060245,5.58109100550553,10.764437094156072,18.43071239028955,9.277651950534565,10.806725767110494,11.121652505164983,9.076238610725717,7.863421354162328,0.0011787950429148885,0.001117900044161391,0.0005351674784137101,0.0006529361746201868,0.0003661723016095343,0.00034633900062848953,43.5,30.5,43.5,33.5,302.5,280.5
sub-961,ses-wave1,21,1.8344256897776638,1.9169675983421075,2.2680001378593895,2.292843406519589,2.375246406511799,2.2085771534458325,7.250326801124301,21.174602944640526,14.291379683568781,27.918950725320073,20.88970939916733,26.25156594443786,5.163951488817086,18.935874915879648,4.346079742240143,0.0010108699273909084,0.0010954708892499982,0.0005082247842353983,0.0005822119410234935,0.00020393655636138222,0.00026877499389939193,25.5,33.0,25.5,35.0,325.0,357.5
sub-961,ses-wave2,25,1.3196968228152097,1.4905434092639431,1.7550561953013273,1.70689087460612,1.9089036622042315,1.6193076574003453,8.958648619596378,17.98570342940792,9.11993949992092,25.762596117614287,22.558858666974594,17.666550236373606,13.30935998443552,22.197903239861496,4.571283071627634,0.0010724277472642521,0.001091713786703709,0.0004896451358945342,0.0005562144974518003,0.00026515079852125175,0.00028264636115089793,31.0,30.5,31.0,31.5,312.0,347.5
sub-965,ses-wave1,53,1.7888401516770553,1.6394602010348573,1.8595328471450676,1.858057985012307,1.9580450229743627,1.854377416792607,6.166156602828208,16.86649866786354,17.550378161319554,18.715117624959046,18.01575882746733,19.425888541378402,14.289528328154937,19.870693731027256,8.136777471993932,0.0010625373602271147,0.0012171237839716381,0.000613060834248538,0.0007188109929898176,0.00033147107164803593,0.000356636570515924,31.5,26.5,31.5,29.5,301.0,323.0
sub-974,ses-wave1,48,1.0475630686344384,1.1417337792226179,1.186298437310518,1.1735508851910157,1.5873703852540209,1.1651317866556745,19.886446263478973,15.17689457585111,6.102508010621192,43.968178173418316,53.33767410224972,14.726722941773307,16.379489160765747,14.145206261041332,8.481292801964148,0.0010898037088928484,0.001158962848012402,0.00046425713417520646,0.0005788695272342767,0.0003265899376357188,0.00033081707605193804,48.5,45.0,48.5,50.5,453.0,445.0
sub-974,ses-wave2,52,1.421857637303709,1.566207900712802,1.581022891887538,1.5810450616021554,1.7519172218138412,1.6012810229745855,8.018223446169205,5.65644204432958,8.385931985567385,9.590898429764668,4.8139543077337805,9.269171041639186,7.95583513426371,5.330933284715849,3.5747308160760034,0.001105715656902046,0.001075967794774139,0.0005399219248324193,0.0006260149905453242,0.00033501256818150676,0.00033031852469018,42.5,44.0,42.5,47.0,424.5,425.0
sub-974,ses-wave3,57,1.399974223848076,1.4377708435799073,1.4820435474517093,1.4832058951867881,1.632852082207147,1.4940495083698642,6.071073232767791,7.127829637909782,7.443152678789124,10.608185649371162,4.493553097228192,11.44460053285679,8.639153089065722,8.196308634810418,2.6068735828787104,0.001095483194165703,0.0011539695332831398,0.0005402366200751023,0.0006164039698703348,0.00036922044718547275,0.0003391381723196099,46.0,48.0,46.0,50.0,474.5,440.0
sub-975,ses-wave1,29,1.7240339157994957,1.677992789620176,1.769756548228766,1.8103310253552194,1.9046661136666518,1.7828691935819545,4.022703265847602,11.462700135274332,9.755649051365198,18.068426211927964,13.118919011465668,14.607455783728248,2.171459653888901,7.983134494311695,3.971687685337902,0.001085964374700173,0.0012144763194106188,0.000585339380146858,0.0005295883770538668,0.0003023886583832791,0.00028333443827867236,24.0,26.5,24.0,33.0,273.0,306.0
sub-980,ses-wave1,54,1.1615979154137661,1.1687784341004679,1.236397112721718,1.2158881069558996,1.4229310236741846,1.2015685123639925,6.977653271264996,11.61968796814141,11.221187486061357,47.74038312419573,36.21799106618779,19.996516670812078,12.212116456572229,15.28487847349874,7.703161609979718,0.0012696395575254307,0.0011199250041225195,0.0005524507898618095,0.0006540882255393148,0.00041472284098077343,0.00043289307606350354,48.0,37.5,48.0,42.0,408.5,312.5
sub-988,ses-wave1,23,1.805052822001644,1.9116517815157916,1.9507354387214877,1.9572822218502064,2.0596221005473616,1.9092598250930497,7.729798663007214,7.167122946767531,4.630370636481645,15.215425285664926,10.54189667301587,8.276379349593519,5.519992079862616,4.792348251863789,3.9219094562509556,0.0011120102369334616,0.0011869786710630987,0.0005688788265355729,0.0006162379305051087,0.000275279854988531,0.0002994631636784324,26.0,20.5,26.0,22.0,299.0,269.0
sub-989,ses-wave1,26,1.1025659370325023,1.2551191991901818,1.5172218653945566,1.4723963581048407,1.688621183709167,1.2936612770368383,20.232624385037756,20.71579765219697,7.656293217513714,25.696234192958702,19.4427861661106,27.29294719504982,26.753314010672813,24.25686205008715,13.049533270948004,0.0011071687588639226,0.0011762917415882443,0.0005075106003367305,0.0005734896074678806,0.00034814263992304247,0.0002924065938569446,37.5,27.5,37.5,27.5,313.0,347.5
sub-989,ses-wave2,30,1.3750381988983609,1.4708045988218892,1.5183868684454824,1.4978566642263342,1.7058919057217956,1.499416882888445,10.255359516859176,4.81872085522232,8.47812834876238,11.978390554869893,1.5904192686811296,11.635641347917353,11.252889388677556,8.129744248797984,6.7536260049432535,0.0010951954966618859,0.0011202624671819523,0.0005447578626158489,0.0005780127795678082,0.0003375125155356285,0.0003218752503142178,34.0,29.0,34.0,30.5,330.0,352.0
sub-989,ses-wave3,36,1.4843639920122516,1.5829752146067277,1.6099078162971228,1.6106243687227129,1.7014950927980457,1.6039236786112352,7.968700612668651,5.9884953932570735,7.419392039608265,9.163198764520669,7.720720762444785,7.0816067452913325,9.838191973808659,6.314949576984854,5.9563329098795545,0.0010336093833812452,0.00118469710788405,0.0005501583385590824,0.0006011717035208777,0.00035344048809416893,0.0003250367757169038,32.5,33.0,32.5,33.5,292.0,371.0
sub-998,ses-wave1,25,1.329347131150692,1.465241229509556,1.545502566424696,1.5360714721347277,1.636655299554222,1.4557581027598194,12.383915188131041,10.033915452521583,3.1900201499209153,15.691105412503108,7.537345769207324,16.045039301926746,14.70040184716727,13.09683687700294,5.696070195689603,0.001199909778521245,0.0011926699630243497,0.0005692148360222664,0.000558580220644621,0.00037055798065330827,0.00032324353111713814,36.0,37.5,36.0,39.0,418.5,393.0
sub-998,ses-wave2,29,1.3778285017017051,1.4722910498543416,1.4891553204229595,1.4894316616808045,1.5928808754010584,1.4672523150465888,7.878780467847416,3.819021482871004,5.615211556592721,11.751102143404076,5.458127247361542,8.241957167712375,14.411603624418213,9.717562307039554,9.395974683244148,0.001202482977197484,0.0011728698293332056,0.0005748730916586224,0.0006194677100192997,0.00038429777210560615,0.0003653849427056064,29.5,37.5,29.5,37.5,425.5,404.0
