Subject_ID,Visit,Age,scr_off_axis,slf_off_axis,slf_red,scr_off_tract,slf_off_tract,theta_scr,theta_slf,theta_pvs,theta_interfiber,classic,classic_screened,refined_slab,refined_slab_screened,n_scr,n_slf
sub-1007,ses-wave1,73,0.0,0.1085423197492163,0.05172413793103448,0.0,0.12578369905956113,13.516743406426665,7.280378980102638,6.121526091990983,78.13736430749611,0.8866408863269915,0.8796645439969065,0.965719015076101,0.9564759941078802,40.0,36.5
sub-1007,ses-wave2,77,0.0,0.1219298245614035,0.1087719298245614,0.0,0.13508771929824562,23.02607320288643,15.084423890208605,10.338526821980299,78.3092042830286,1.3098562519697068,1.314548801838625,1.5542860709017687,1.5729293941911293,38.0,34.0
sub-1007,ses-wave3,82,0.011904761904761904,0.125,0.125,0.0,0.21033653846153846,20.492591430214432,12.519153968428437,9.613543530015768,78.60282306108651,1.290871088811926,1.2540245164326067,1.5027309389216428,1.4401701302255643,39.5,29.0
sub-1008,ses-wave1,22,0.013513513513513514,0.2408700322234157,0.23066595059076261,0.0,0.21160042964554243,22.73550692699144,12.463432667694342,9.56776677632792,77.9619224760505,1.2928628217003815,1.230570861006673,1.4885202262574682,1.4296645508924568,41.5,43.5
sub-1008,ses-wave2,27,0.0,0.13436692506459946,0.13436692506459946,0.0,0.14825581395348836,22.988178352700018,12.429985146523181,6.533769560003284,80.46022463185068,1.3043824653363056,1.2903061637542987,1.5867364778372135,1.5863310132077562,36.0,39.5
sub-101,ses-wave1,44,0.0,0.14204545454545456,0.1268939393939394,0.0,0.19886363636363635,19.265111391216198,5.7420491780555825,8.383407959937546,76.2543880043373,1.3706427017158633,1.3704239802641336,1.580052924669281,1.5763311420884274,36.0,28.5
sub-1013,ses-wave1,22,0.014705882352941176,0.05309139784946236,0.03225806451612903,0.014705882352941176,0.07392473118279569,9.892009455198565,7.749650651574612,7.160641931792184,78.15612469835759,1.3505191570354373,1.3749113361683967,1.5055274812410122,1.5394335892453932,32.0,27.5
sub-1013,ses-wave2,26,0.0,0.11309523809523808,0.07539682539682539,0.0,0.08928571428571427,10.177820202397442,7.192763728470102,9.117434117844063,79.56320892488559,1.3979201156667256,1.4108006267042366,1.51730372230638,1.536688335587949,28.5,28.5
sub-1013,ses-wave3,31,0.013157894736842105,0.10941176470588235,0.10941176470588235,0.013157894736842105,0.10941176470588235,12.01978108189077,8.382558408788231,10.703332642706414,77.86087034423447,1.4556247279067307,1.422487599447913,1.5697560648080966,1.540921149676726,32.5,29.5
sub-1022,ses-wave1,30,0.0,0.21043324491600354,0.19761273209549074,0.0,0.19761273209549074,11.854946087761208,10.11215357949374,5.11353785180894,74.91942860562469,1.5176146247800144,1.4993497669733868,1.60876605635108,1.6021332603826748,32.5,34.0
sub-1022,ses-wave2,34,0.0,0.18629807692307693,0.18629807692307693,0.0,0.18629807692307693,7.907187310252393,11.543357049764522,7.2883642166434335,77.281734677303,1.5786787249636334,1.5674668039043835,1.6862624052963713,1.677950363419221,30.0,29.0
sub-1022,ses-wave3,39,0.0,0.2359775641025641,0.2359775641025641,0.0,0.2203525641025641,7.5621865620066275,15.689420070949359,9.754457489502148,74.04222362907028,1.5169583810671994,1.535934456285064,1.5907213791226575,1.6250174975208553,34.5,35.5
sub-1023,ses-wave1,82,0.0,0.1303030303030303,0.11515151515151516,0.0,0.11515151515151516,9.639328102523198,10.938309174788406,11.066680693461763,87.11648658592948,1.298140531372293,1.2948979794688813,1.333497376041672,1.328063218343714,31.5,36.5
sub-1023,ses-wave3,91,0.012195121951219513,0.06202651515151515,0.03125,0.0,0.06202651515151515,13.641079926441297,12.243662864435265,10.182350882899879,85.77007131843963,1.1185859562522171,1.137664348935774,1.1518117020039809,1.1703705892162644,42.5,32.5
sub-103,ses-wave1,41,0.0,0.07638888888888888,0.07638888888888888,0.0,0.07638888888888888,11.132870645886008,11.433993671927471,12.363624258351862,83.56466880044655,1.6090823482809102,1.5982301437812911,1.512606026563221,1.4960812429587906,24.0,25.5
sub-103,ses-wave2,45,0.0,0.1406896551724138,0.1406896551724138,0.0,0.1579310344827586,14.79244853400202,12.281724145124254,12.190930750383306,83.33848303785908,1.681945664089037,1.6987147702450056,1.6319035573951033,1.6403746275304965,26.5,27.0
sub-103,ses-wave3,51,0.0,0.23484848484848486,0.2181818181818182,0.0,0.21969696969696967,17.425211389939452,11.136687799436144,9.465929763437451,80.0630137795662,1.514775205502699,1.5456125859914664,1.6046714271474178,1.620429691982952,27.5,31.5
sub-1031,ses-wave1,47,0.0,0.171875,0.15625,0.0,0.171875,6.495891264850307,2.697962837345142,5.098717556448296,85.74817121084982,1.8596045927078906,1.887609568216722,1.8375946820642546,1.8742296062994317,24.5,29.0
sub-1031,ses-wave3,56,0.0,0.09722222222222222,0.09722222222222222,0.0,0.09722222222222222,6.827702661725922,4.654509814548552,4.9870709346305,81.221283932131,1.7013257773140114,1.7028944004435225,1.7510279004595868,1.7543037722198376,31.0,32.0
sub-1043,ses-wave1,81,0.0,0.32380952380952377,0.30992063492063493,0.0,0.32380952380952377,13.06290447546467,5.829028868857763,6.828063820450584,77.40948187368912,1.2374725207284338,1.1804450514762381,1.3368973049545954,1.2727695504541963,37.5,35.5
sub-1054,ses-wave1,70,0.0,0.1806020066889632,0.137123745819398,0.0,0.1806020066889632,16.051322310384556,5.914721202629954,5.477016057389768,77.65844222817444,1.1972051603907845,1.1711457856753187,1.319073376249848,1.2932100196637653,23.0,24.5
sub-1054,ses-wave2,74,0.0,0.1758312020460358,0.1758312020460358,0.0,0.19053708439897699,7.311203207992031,10.710195795499073,7.130383916651661,76.45001331319979,1.3151668157932788,1.2727119592153968,1.3897317407083039,1.3525328069036568,24.5,28.5
sub-1084,ses-wave1,71,0.017241379310344827,0.19,0.16999999999999998,0.034482758620689655,0.21,11.77430549135017,5.422005182199934,2.456789104103115,73.28056827106299,1.2751815199274612,1.2796849498773812,1.3807630658265762,1.4072286343739555,29.5,32.5
sub-1108,ses-wave1,70,0.0,0.2663043478260869,0.2663043478260869,0.0,0.2524154589371981,16.79615643246397,4.474006474024714,10.98332135510109,75.16634150543707,1.3730155869871976,1.2989090813468818,1.4456546911772352,1.406942891515341,46.5,41.0
sub-1119,ses-wave1,23,0.0,0.20695970695970695,0.20695970695970695,0.0,0.20695970695970695,8.918252236167396,9.512625704596621,10.766968346301887,80.85772570808966,1.6198161882692477,1.701252763130512,1.636059769721084,1.7220324520176018,25.0,33.5
sub-1119,ses-wave3,33,0.0,0.2238095238095238,0.1952380952380952,0.0,0.2095238095238095,9.484337893148357,12.037591587277772,11.616792941019892,77.94745444723728,1.7095195584164418,1.7748402785612631,1.742998600942359,1.831977424379398,27.0,40.0
sub-1139,ses-wave1,73,0.0,0.16666666666666666,0.11574074074074073,0.0,0.16203703703703703,4.372385230765309,7.812512815080685,5.424627682005546,80.7449711751272,1.4256259762460397,1.4495690558581287,1.451416821547237,1.4773049990712233,28.0,31.5
sub-1139,ses-wave3,82,0.0,0.15778474399164055,0.15778474399164055,0.018518518518518517,0.15778474399164055,11.680379799667495,6.403285504830057,6.652352344357182,79.51066227958967,1.276137580359924,1.2769112582848847,1.3152874315197025,1.3180061239643996,29.5,31.0
sub-1153,ses-wave1,56,0.04722222222222222,0.06666666666666667,0.03333333333333333,0.013888888888888888,0.06666666666666667,20.717854494892595,6.572605239584826,8.194662459621586,75.29918403493053,1.244046079642465,1.2761489540850337,1.3178528972429802,1.3577110482334787,33.0,33.0
sub-1153,ses-wave2,60,0.013513513513513514,0.25,0.25,0.0,0.2631578947368421,19.08430921672728,5.813523712299634,6.74535097388431,78.24108219999226,1.4016075420505067,1.442967100654165,1.509516344881244,1.567444863778781,31.0,38.0
sub-1153,ses-wave3,65,0.03256302521008403,0.14210526315789473,0.14210526315789473,0.029411764705882353,0.12894736842105264,24.713653830913803,7.672469327088302,8.365946934535579,70.25788005614271,1.3267102759869212,1.31059987744075,1.5831389212361988,1.5638674843333504,31.0,39.0
sub-1154,ses-wave1,26,0.0,0.14756944444444445,0.13368055555555555,0.0,0.14930555555555555,8.570895542921914,10.214810372566227,8.652823247880185,75.64965853855101,1.6355392334038115,1.635450839112739,1.6173473582528355,1.6142489831571945,36.0,34.0
sub-1157,ses-wave1,29,0.0,0.05405405405405406,0.05405405405405406,0.0,0.05405405405405406,23.75049208103365,9.763820564062163,14.27919967831056,65.21772501220715,1.3632628745968858,1.3595593513396196,1.4486825361975497,1.4390138013238718,37.5,37.0
sub-1157,ses-wave3,38,0.0,0.04054054054054054,0.04054054054054054,0.0,0.02702702702702703,23.33966379239906,14.153799541961819,13.79615807140239,59.77796936717479,1.4585998651552234,1.4516153852929192,1.5815756841162318,1.5741037629862398,35.5,39.0
sub-1159,ses-wave1,34,0.0,0.2772904483430799,0.2772904483430799,0.0,0.2641325536062378,11.356948888742219,11.814804033860753,11.637994649771443,75.30702070686272,1.6369443858047756,1.5325360553534035,1.6490103998362446,1.547106116352098,27.0,32.5
sub-1165,ses-wave1,21,0.0,0.25363636363636366,0.25363636363636366,0.0,0.27636363636363637,12.682899092749622,4.902471971236361,4.613863705106369,75.07280757482454,1.5344741901480647,1.5342000034183088,1.666807147222075,1.6660155065079132,25.0,23.5
sub-1168,ses-wave1,25,0.0,0.30625,0.28125,0.0,0.31875,11.193368145723323,4.547896431884748,10.587247253945904,84.90583403127519,1.607844567986695,1.6036023166313713,1.504878995323365,1.488466645396616,38.0,36.0
sub-1169,ses-wave1,31,0.0,0.017857142857142856,0.017857142857142856,0.0,0.017857142857142856,11.092427310112512,6.249003330549392,4.872226310845819,80.80876471639135,1.333259634417327,1.3342376268233505,1.4264696815408577,1.4281726636070176,30.5,23.0
sub-1169,ses-wave2,35,0.0,0.12023809523809523,0.12023809523809523,0.0,0.12023809523809523,11.385609774245681,5.102801633148281,4.528947445975053,81.23509418597084,1.3548984441208267,1.3412447542583916,1.4625157884809985,1.4455510226183854,35.0,29.0
sub-1172,ses-wave1,27,0.0,0.22390572390572389,0.22390572390572389,0.0,0.22390572390572389,10.961556548459434,3.2281256278596837,7.083057301489392,80.61612710066845,1.3667425994193345,1.3132168820239123,1.3451486250559326,1.3011700283305911,28.5,30.0
sub-1172,ses-wave2,31,0.0,0.12,0.12,0.0,0.12,13.632603342550597,6.141153727279725,6.839355155261689,82.28912936474713,1.5260961782514502,1.5243950877858305,1.572851017000327,1.5742098693511055,29.0,24.5
sub-1172,ses-wave3,36,0.02,0.18362282878411912,0.18362282878411912,0.02,0.18362282878411912,9.398801379792406,4.311943714333562,5.313228030056868,80.08556979448105,1.5971025172263995,1.5441967749167418,1.6426461766825113,1.5925458110520174,25.5,28.5
sub-1175,ses-wave1,43,0.0,0.1807881773399015,0.1807881773399015,0.0,0.1807881773399015,13.404563693299352,13.052375584907333,9.77234298821229,67.5001170028857,1.680281353705944,1.6842516557883265,1.7197995163615702,1.7247401991991118,37.5,32.0
sub-1175,ses-wave3,52,0.0,0.35892857142857143,0.34464285714285714,0.0,0.31473214285714285,14.361587371486202,10.770259950269573,9.68039664055846,69.7265486313611,1.6251648204821172,1.5236568777517165,1.7140993199478665,1.6106871449450748,35.0,33.5
sub-1195,ses-wave1,76,0.0,0.225,0.209375,0.0,0.265625,13.303203773886786,6.356515234935221,6.9153798845682815,73.4274821592405,1.4120597209237347,1.3916218673133351,1.5536893272413983,1.5273475511768424,34.5,36.0
sub-1196,ses-wave1,24,0.0,0.26473859844271413,0.26473859844271413,0.0,0.28086763070077864,18.458663126398985,10.407319654519876,6.419107308534013,62.61449753139234,1.436163077823963,1.3656660225205732,1.7412485112290161,1.6936954017356205,37.5,30.0
sub-1199,ses-wave1,23,0.0,0.08928571428571429,0.08928571428571429,0.0,0.07142857142857142,17.72909654876414,9.296132407437383,12.67444695718295,68.85823812218248,1.431856132058599,1.428668896897408,1.4454556809096766,1.4459114357374214,32.0,27.5
sub-12,ses-wave1,56,0.0,0.10989010989010989,0.10989010989010989,0.0,0.12774725274725274,12.282955162828223,6.938707286668188,8.769214392545695,78.7923566325261,1.3765342953956563,1.395056540363909,1.4323759505359233,1.4556974407929504,39.5,27.0
sub-12,ses-wave2,60,0.0,0.35321969696969696,0.35321969696969696,0.0,0.3380681818181818,11.828616834418519,8.096986866124862,7.609778250723715,75.77632154522524,1.6418009297885523,1.5947328450778309,1.7488628319100172,1.7099894276417529,38.0,32.5
sub-12,ses-wave3,66,0.0,0.3170362903225806,0.3170362903225806,0.0,0.3014112903225806,12.597397737020039,11.417894662172788,11.22138546019106,75.73598098871832,1.675680305696373,1.6065004280709623,1.7243932973828018,1.6752930900861527,34.0,31.5
sub-1220,ses-wave3,64,0.0,0.2332657200811359,0.2332657200811359,0.0,0.26774847870182555,12.201623186918932,5.558607566990401,5.821163914270577,74.8776573403926,1.648643201400381,1.6013154525888451,1.8113111830535447,1.7665885546016005,33.0,31.5
sub-1225,ses-wave1,89,0.0,0.32065217391304346,0.29792490118577075,0.0,0.3547430830039526,19.635625475822195,6.194659616613693,5.33479763485761,76.3200066801504,1.3852137410914303,1.3507542396459782,1.6192878711772174,1.596741444362422,43.5,45.0
sub-1226,ses-wave1,74,0.009433962264150943,0.05941878567721848,0.05941878567721848,0.0,0.05941878567721848,14.270374067339631,7.213397671669868,4.891720180861217,74.64329903882478,1.135059531230542,1.1227539953929178,1.2398476825295046,1.226853192911736,51.5,44.0
sub-1226,ses-wave3,83,0.0,0.14430894308943087,0.14430894308943087,0.0,0.16576332429990964,16.9319856993943,5.069059861371434,7.070672352285493,74.47699446683956,1.1010676015587288,1.0935137172075695,1.1792373203771926,1.1722329858470064,61.0,47.5
sub-1240,ses-wave1,45,0.0,0.1826036866359447,0.1826036866359447,0.0,0.16647465437788017,11.272839620474613,12.160288685721193,9.484214127626217,70.55121352219496,1.31736946459821,1.3149394935597232,1.4712964593068378,1.4832096479173436,32.0,29.5
sub-1240,ses-wave2,49,0.0,0.15441176470588236,0.15441176470588236,0.0,0.15441176470588236,15.740354920978675,7.621000825934258,8.90199132959911,72.24263223311456,1.228054753631962,1.2200369000153288,1.3558116670732412,1.3541273323704377,33.5,35.0
sub-1245,ses-wave1,55,0.0,0.234375,0.21354166666666666,0.0,0.265625,17.262446874948957,3.2568229897414374,15.192991250654185,82.52894618273785,1.6561662421058048,1.5963091349269976,1.6403395171054909,1.6379369619459632,46.5,28.0
sub-1247,ses-wave1,73,0.016666666666666666,0.25944700460829495,0.2433179723502304,0.0,0.2898617511520737,17.7843754590177,6.640477012292903,4.392182853734738,76.8709215784746,1.3168185013385338,1.256637038346894,1.4591208517516705,1.4032797598375661,28.5,33.0
sub-1251,ses-wave1,42,0.0,0.3873626373626373,0.3873626373626373,0.0,0.3873626373626373,15.708803195890937,7.321561406433116,16.56018267737638,81.89825449421105,1.8116280201261847,1.828822641663927,1.7248235296642087,1.7616189923880736,26.0,27.0
sub-1267,ses-wave1,22,0.017857142857142856,0.2633228840125392,0.2633228840125392,0.017857142857142856,0.2633228840125392,18.07095316850857,8.327508509085947,15.017099207908238,73.31031846017868,1.453461054409046,1.4683993670796278,1.4406368601717348,1.4469288325993102,26.0,25.5
sub-1267,ses-wave2,26,0.0,0.10185185185185185,0.10185185185185185,0.0,0.1037037037037037,9.041730088734134,9.306976151812876,4.467622278479212,73.96694173852214,1.453722876015909,1.4727692011868143,1.5559249629375265,1.5774018725754715,29.5,28.5
sub-1272,ses-wave1,24,0.0,0.24747474747474746,0.24747474747474746,0.0,0.24747474747474746,8.413519755669586,12.630294061829645,7.028995123459977,71.83368825140414,1.6411207939280081,1.7095065590384073,1.7144004948207994,1.773855322798467,34.0,25.5
sub-1309,ses-wave1,36,0.0,0.1831896551724138,0.1363146551724138,0.0,0.11745689655172414,2.970631471682763,9.153799894261976,4.95588895068973,84.42061910863762,1.3875153430146991,1.368969877802925,1.360293518499165,1.3453138203528767,30.0,30.5
sub-133,ses-wave1,22,0.0,0.10267857142857142,0.10267857142857142,0.0,0.10267857142857142,12.746666199109274,11.051293967305984,13.880280438283263,76.90267186830866,1.3767248187398513,1.4073124540850523,1.3564815807274853,1.392203199190516,36.0,30.0
sub-133,ses-wave2,26,0.0,0.06991869918699187,0.04552845528455285,0.0,0.08211382113821139,13.111744612970071,10.959513505997343,14.970665951055084,79.65269710565208,1.5633916682608615,1.561809781822321,1.5558490302712982,1.5578497403512142,28.0,35.5
sub-1356,ses-wave1,49,0.0,0.1724137931034483,0.1724137931034483,0.0,0.1724137931034483,18.20978183404147,5.432621388632274,7.420660664359839,69.63006114314169,1.3965979445154875,1.3798180776306328,1.6293401888962658,1.6285839327353413,27.0,26.0
sub-1356,ses-wave3,58,0.06585677749360613,0.1571969696969697,0.13636363636363635,0.014705882352941176,0.1571969696969697,27.497806386761106,5.452728951231595,6.80297376574968,67.42464116610591,1.1587315450403755,1.1554451878451837,1.5331541124848478,1.5641320797657838,28.5,28.5
sub-1362,ses-wave1,54,0.0,0.16269841269841268,0.16269841269841268,0.0,0.14484126984126983,9.789429306441779,10.231948100089042,10.082173175643529,77.91299063568381,1.404465478890406,1.4187557801596753,1.3832830493369177,1.397647657220129,24.0,27.5
sub-1362,ses-wave3,63,0.0,0.21636363636363637,0.20121212121212123,0.0,0.15575757575757576,9.602805664800695,7.721910960503274,7.386902477396445,80.22196276777828,1.3316955866453328,1.342465539152268,1.3771229409509194,1.3906013322113797,23.5,29.0
sub-1370,ses-wave1,32,0.0,0.19479166666666667,0.19479166666666667,0.019230769230769232,0.24166666666666667,7.208497592631719,14.986100585678717,9.68532782129537,74.98106496147605,1.64922952055259,1.6109494668502922,1.6894524105820097,1.6763085545079988,25.0,31.0
sub-1370,ses-wave2,36,0.0,0.14545454545454545,0.1303030303030303,0.0,0.19090909090909092,8.48427278233429,11.101936428064855,10.796099247345314,76.53381177251612,1.4103789644318168,1.3984338815169166,1.470187838116227,1.4780128118004991,24.5,31.5
sub-1370,ses-wave3,41,0.0,0.20882352941176469,0.20882352941176469,0.0,0.22352941176470587,10.581121447511515,6.810808653529179,5.474974196739316,75.43977593580566,1.4716572620795463,1.4820627927654553,1.5564731759249388,1.5721071681125545,25.0,32.0
sub-138,ses-wave1,30,0.0,0.2691879866518354,0.2691879866518354,0.0,0.25305895439377085,9.289489075482736,14.829180301308408,11.99715591642055,72.36288327623653,1.7709751502473805,1.6697745504304784,1.7976045217711374,1.6852973692649607,37.5,30.0
sub-138,ses-wave2,34,0.0,0.317479674796748,0.317479674796748,0.0,0.26422764227642276,10.692649736891905,9.123980273776157,7.233186669541833,73.434771340249,1.7361457261617468,1.7278892310817786,1.819750293069958,1.8146709359115598,34.5,35.5
sub-138,ses-wave3,40,0.0,0.1125,0.1125,0.0,0.09583333333333333,9.574739463886871,13.081134899994158,9.336821551990127,71.55895035877222,1.6797427118676467,1.6967379677740195,1.7289884550256778,1.7485937842515522,33.5,31.0
sub-139,ses-wave1,24,0.0,0.13894736842105262,0.13894736842105262,0.0,0.15894736842105261,5.7104908700645085,4.406984698488128,2.40694690925126,85.74047609459983,1.6711781218283996,1.6671074476463885,1.7371218032514268,1.7358141601798147,27.0,31.5
sub-139,ses-wave2,28,0.0,0.29345878136200715,0.29345878136200715,0.0,0.30734767025089604,8.408529874893606,2.8736383205716045,2.578822151220928,81.52495468205512,1.5178529579786364,1.4658267867875212,1.606757767129857,1.5606648666410612,26.0,33.5
sub-139,ses-wave3,34,0.0,0.20113851992409867,0.20113851992409867,0.0,0.20113851992409867,10.399586112311896,2.6552276885791573,3.191337349596473,82.59848897732178,1.4254893994687052,1.4158625404163976,1.538857055257215,1.529887026721081,27.5,32.5
sub-140,ses-wave1,43,0.0,0.21269727403156385,0.19799139167862267,0.0,0.22740315638450503,12.934957920596979,6.095558905397917,8.871671733558546,76.87056723541417,1.3954737658020213,1.3662381638777725,1.417981488598453,1.3931371703605775,31.5,37.5
sub-140,ses-wave2,47,0.0,0.22938689217758984,0.22938689217758984,0.0,0.24101479915433405,16.02230336204593,5.153120217098567,9.566922301835111,75.47523934827254,1.3251528356900346,1.2789416836672043,1.411252513432478,1.3722925060027966,31.5,38.0
sub-141,ses-wave1,54,0.0,0.2297794117647059,0.2141544117647059,0.0,0.2297794117647059,13.33543161154973,6.921589868933006,8.252042966999348,82.28049768754298,1.5155410173808195,1.5229339471665377,1.5466360680625446,1.5483685904638769,30.0,33.0
sub-141,ses-wave2,58,0.0,0.20534290271132377,0.12240829346092504,0.0,0.19218500797448165,10.776301429154195,3.346856815453656,6.758103361702888,84.357251832158,1.4510925211501764,1.554254174673325,1.4552188573976712,1.5686186686490937,30.5,35.5
sub-1431,ses-wave1,40,0.0,0.13555691554467564,0.07588739290085679,0.0,0.12239902080783353,15.361723850455899,9.22846170104043,9.96321190045421,70.50808896814308,1.5612679030404437,1.6355825056924385,1.6309303981178815,1.7064870454646488,39.0,40.5
sub-1431,ses-wave2,44,0.0,0.21554116558741904,0.21554116558741904,0.0,0.19310823311748382,19.509780373338344,5.9296347820406625,8.562025072325728,69.5755405585181,1.3684997975783033,1.408153820042426,1.50767342780561,1.5581200910857982,39.5,46.5
sub-1439,ses-wave1,32,0.0,0.2233632862644416,0.18581514762516044,0.0,0.2233632862644416,9.695318336103911,8.117898759030622,8.91948129838928,77.35424324219605,1.6305560116914986,1.6399129634311596,1.6342745971341839,1.6382434218524398,35.0,39.5
sub-1439,ses-wave2,36,0.0,0.328125,0.328125,0.0,0.34375,16.385857989366993,3.55169199294531,15.712496965533699,84.38629722803665,1.6732613793811897,1.5693464503982562,1.553099910645876,1.4495456024471678,32.0,32.0
sub-1439,ses-wave3,41,0.0,0.27520325203252033,0.27520325203252033,0.0,0.25853658536585367,15.926508272323673,1.9240455373769505,6.329135791902841,76.72515825415297,1.7291798920049923,1.7041299392949654,1.8657302207894761,1.8334759052388852,34.0,35.5
sub-1444,ses-wave1,31,0.0,0.08333333333333333,0.08333333333333333,0.0,0.09895833333333333,13.944209540494903,10.364492542306294,9.20339139147448,69.18441878451092,1.6634206249270207,1.663391875646271,1.7370107710481024,1.739669028252715,32.5,31.0
sub-1444,ses-wave2,35,0.0,0.3284313725490196,0.3284313725490196,0.0,0.28297682709447414,11.882603151357241,9.133637270839548,6.985937195475859,72.46766302261011,1.6628473270249873,1.5965298670011345,1.783722638894464,1.7358572321114238,28.5,33.5
sub-1452,ses-wave1,36,0.015625,0.24242424242424243,0.22727272727272727,0.0,0.24242424242424243,20.635145393085295,4.918662560292066,4.319001068329077,74.13839579357101,1.3382455140441167,1.3467147046663466,1.5970820783670283,1.6145928112258328,33.0,33.0
sub-1452,ses-wave2,40,0.20689655172413793,0.17151767151767153,0.17151767151767153,0.0,0.19854469854469856,29.235029237103348,9.83508680439041,3.877238955872822,69.9844294255256,1.1302330456374126,1.1775460653349306,1.4730379424623705,1.5551600806005996,30.0,38.0
sub-1452,ses-wave3,45,0.05808080808080808,0.21957236842105263,0.21957236842105263,0.027777777777777776,0.26151315789473684,23.361830652429536,7.863171899696424,4.350885365860271,73.17714628282462,1.1746020544292612,1.1307893091213606,1.4610316865228627,1.4361292182539644,34.5,35.0
sub-146,ses-wave1,21,0.0,0.13333333333333333,0.03333333333333333,0.0,0.11666666666666667,13.995732782356704,10.133822609280685,6.329326147577548,80.28867297256687,1.3683959928585945,1.4159250358992455,1.442652140454316,1.4821053314779251,29.5,24.5
sub-146,ses-wave2,26,0.015151515151515152,0.1625,0.1625,0.0,0.20625,17.269872140150884,10.42767215150346,9.244857406002478,77.6561731928966,1.4834831848358148,1.507705785773189,1.5868174383804652,1.5986664597628604,31.0,36.0
sub-146,ses-wave3,31,0.0,0.09126984126984126,0.09126984126984126,0.0,0.07275132275132275,22.71455699390428,12.25072861335379,10.581551811434416,77.18166827510342,1.4936526108840817,1.4873836247679493,1.6130346684228596,1.6103991882395459,31.0,27.5
sub-147,ses-wave1,51,0.0,0.2909090909090909,0.2909090909090909,0.0,0.2909090909090909,18.824112762931005,11.655062988353079,11.012974646797726,80.57413764465149,1.422426204900375,1.4280328285186727,1.515846787583269,1.5358746299804271,27.0,21.0
sub-147,ses-wave2,55,0.0,0.06818181818181818,0.045454545454545456,0.0,0.09090909090909091,12.710792144220932,8.453176836961392,7.210717012071971,87.19674559516746,1.3287354528670594,1.363356961587057,1.3919359024977933,1.4296284696784505,28.0,22.0
sub-147,ses-wave3,60,0.0,0.21142857142857144,0.18761904761904763,0.0,0.21142857142857144,9.734110521514614,8.06678429465125,6.419334387791067,84.82772893840072,1.2769632006529716,1.276057232911168,1.2713646579556952,1.2735698844128267,27.0,23.0
sub-1476,ses-wave1,63,0.0,0.10405405405405406,0.10405405405405406,0.0,0.13423423423423425,18.954637432887147,7.968621115758712,7.938699106229129,77.55210143134053,1.1925328793370524,1.2076006504388683,1.3329968755419048,1.355367450425142,41.0,33.5
sub-1476,ses-wave2,67,0.0,0.06778309409888357,0.05263157894736842,0.0,0.05263157894736842,19.6722551397663,11.096949363449847,5.7537201121952375,80.77480623055777,1.0907552159615141,1.0771305557661615,1.2296362268254262,1.213989966293176,49.0,35.5
sub-1476,ses-wave3,72,0.03773584905660377,0.037268932617769826,0.02564102564102564,0.018867924528301886,0.05008944543828265,22.181750573578167,12.906047479171196,7.368079213128917,81.54270321024597,0.9855495786117245,0.9823750649203231,1.1053726989323605,1.1106475741418733,61.0,41.0
sub-1484,ses-wave1,60,0.014705882352941176,0.0,0.0,0.014705882352941176,0.0,9.835482868065586,8.00217583276518,5.412084305294944,82.27582558872473,1.5630053352624027,1.570213648568413,1.5619274424017757,1.5713720111660785,31.0,32.0
sub-1484,ses-wave2,64,0.0,0.24955357142857143,0.18705357142857143,0.0,0.24955357142857143,13.749130059683505,3.8501202335107036,5.214417749949885,79.88382142931225,1.3042954056075309,1.3276034074667367,1.3937688792532683,1.4292939650232306,25.5,33.5
sub-149,ses-wave1,68,0.0,0.14523809523809522,0.14523809523809522,0.0,0.14523809523809522,9.057603539679047,8.588645057477526,8.239172090356478,77.49394914040072,1.6144845465979087,1.5731827814664072,1.6028232316799451,1.5665512585823564,21.0,20.5
sub-149,ses-wave2,72,0.0,0.3813405797101449,0.33967391304347827,0.0,0.3179347826086957,7.54165828522464,10.093785749109633,9.09597837394894,78.05543333357716,1.718173934710828,1.729455323840175,1.7552548126807384,1.7723452375144262,22.5,23.5
sub-149,ses-wave3,78,0.0,0.2669565217391304,0.2669565217391304,0.0,0.24695652173913044,17.519825969171357,6.330120292695223,7.380667916302965,72.88761837696015,1.4366418071836775,1.448255087952052,1.560142845403972,1.585535662871397,23.0,24.0
sub-153,ses-wave1,64,0.0,0.14334975369458128,0.14334975369458128,0.0,0.14334975369458128,15.558685969107152,4.533208474179393,5.983938335160346,80.90531821876837,1.4571117352753697,1.4593370747889898,1.5149039413563141,1.5195982012219216,32.0,32.0
sub-1531,ses-wave1,82,0.0,0.18823529411764706,0.18823529411764706,0.0,0.18823529411764706,17.63499435695885,4.363634936304546,7.712785200937185,71.70059908108077,1.1634229348978327,1.1331523820505667,1.2778924900188184,1.257725407867218,55.0,50.5
sub-1543,ses-wave1,50,0.015151515151515152,0.20340909090909093,0.1784090909090909,0.0,0.22840909090909092,23.976193587394977,10.614304471537807,11.19504800683778,77.84030622169834,1.4913019933840568,1.4907617562242392,1.731445505196044,1.7739576401843071,35.0,36.5
sub-1543,ses-wave2,55,0.014705882352941176,0.1456548347613219,0.12086903304773562,0.0,0.1572827417380661,27.376303357833322,9.897071362524244,9.683347081448137,73.11708258002372,1.225397438729079,1.2283592167204307,1.4357721372486427,1.4608528584452385,34.0,40.5
sub-1543,ses-wave3,59,0.0,0.25277777777777777,0.25277777777777777,0.0,0.26666666666666666,26.667883867975547,10.824769457760736,9.577076388248525,73.20003200375177,1.3649684443128143,1.2945716310511726,1.5802460874086361,1.5031833384411226,32.5,35.5
sub-155,ses-wave1,21,0.0,0.3083717357910907,0.3083717357910907,0.0,0.3083717357910907,9.49712083084219,5.7611467100562015,11.40331224061163,86.85493188849426,1.620418533802713,1.5744472033145716,1.5076568843037652,1.4587850440770445,30.0,36.5
sub-158,ses-wave1,68,0.0,0.05952380952380952,0.02857142857142857,0.0,0.12142857142857143,20.019257285051516,8.586992115882751,9.139653390170253,80.33444736637905,1.1033085043362276,1.1160153230612084,1.1823312216700543,1.2095018778253557,35.5,32.5
sub-158,ses-wave2,73,0.038461538461538464,0.11929824561403508,0.07982456140350877,0.0,0.11929824561403508,24.169989614893062,11.058303182541579,9.671398103784432,78.353733713559,1.2720461969727246,1.2905007527736823,1.4879965491711733,1.5171927190997363,39.0,34.0
sub-158,ses-wave3,79,0.0,0.1729362591431557,0.13845350052246605,0.0,0.1729362591431557,19.373159090428604,5.022362074783555,8.61937327258526,76.55647206741469,1.4508703512411216,1.4291222936640913,1.5788107904242104,1.5546900098061096,36.5,31.0
sub-159,ses-wave1,36,0.0,0.17329545454545453,0.16287878787878787,0.022727272727272728,0.1960227272727273,11.152231580054945,5.568525755737377,3.645226499880115,74.04607883692222,1.2763570698074607,1.236024460903713,1.3754272728657375,1.3314003354788873,39.5,46.0
sub-159,ses-wave2,41,0.02105496453900709,0.1776105791153671,0.14455084359325127,0.02105496453900709,0.1776105791153671,12.377390410475005,5.152950875803201,4.1024826688014135,74.13554049969676,1.1924773304986855,1.2004932070699945,1.2735543310460744,1.290182484194048,47.5,47.0
sub-1591,ses-wave1,73,0.030594405594405596,0.17567567567567569,0.17567567567567569,0.0,0.1891891891891892,26.630106934874025,7.102389004852423,6.7251793735548295,66.78605888177188,1.0612059045248192,1.0393479227125284,1.2502702540314456,1.2232522250274354,48.0,37.0
sub-1613,ses-wave1,71,0.0,0.058823529411764705,0.04411764705882353,0.0,0.058823529411764705,16.678258911311964,7.022751281946462,7.014173478993746,71.84388352921681,1.2910230011013164,1.3069911687323117,1.421945961359521,1.4481883644504598,30.0,28.5
sub-1615,ses-wave1,43,0.06269592476489028,0.318609022556391,0.318609022556391,0.0,0.30545112781954886,24.428242245885222,11.431237269212698,10.537035625785299,64.21147563518468,1.3674457828640785,1.3955169879763587,1.5936118587981936,1.6448478517939256,31.0,33.0
sub-1615,ses-wave2,47,0.0,0.24444444444444444,0.24444444444444444,0.0,0.24444444444444446,14.729597087077945,9.777858435124292,9.612501943279375,69.47341294446801,1.260048179442703,1.2447907373720626,1.3424549377265143,1.3300025226684784,28.0,37.5
sub-1615,ses-wave3,52,0.0,0.21544117647058825,0.21544117647058825,0.0,0.2676470588235294,20.79412759187879,10.08013621925022,9.22976951936372,63.995672928296656,1.3391541460284353,1.329600832864192,1.5487905800085264,1.550665456508106,27.5,37.0
sub-1617,ses-wave1,73,0.0,0.24583333333333335,0.21250000000000002,0.0,0.275,14.523418924926105,12.544077611300942,11.229702081012007,71.24601483988992,1.4859013527648806,1.532603564469326,1.5919014240112412,1.6405062680807043,33.5,35.0
sub-162,ses-wave1,45,0.0,0.2152605459057072,0.2152605459057072,0.0,0.2152605459057072,13.030200665231554,6.0713752350475785,7.113595738239537,74.70175557797927,1.4564504029236858,1.3679569584241773,1.5633171452639913,1.4705904671385692,34.5,28.5
sub-162,ses-wave2,49,0.0,0.20935960591133004,0.20935960591133004,0.0,0.1915024630541872,10.611290088417126,6.897464882679964,6.498646856176945,75.95306910279939,1.3511465253173118,1.3094538293136582,1.469098077628403,1.4309273081224054,32.0,28.5
sub-162,ses-wave3,55,0.011627906976744186,0.11354775828460038,0.11354775828460038,0.025516795865633074,0.15058479532163743,18.54705677841545,4.47738498817735,8.18353260357123,69.89168481898821,1.178494700957362,1.170358964930765,1.2958940820074414,1.2964220330365106,39.5,32.5
sub-1626,ses-wave1,76,0.0,0.1912087912087912,0.17692307692307693,0.0,0.1912087912087912,12.50282706991474,8.703089664644457,8.785300170767034,72.90470709489716,1.6325745599760602,1.687376946798635,1.755849873049252,1.8179702903631436,30.0,30.5
sub-163,ses-wave1,46,0.0,0.17857142857142858,0.14285714285714285,0.0,0.17857142857142858,5.128179475953919,10.487593314921119,8.016199507474951,82.59954488576113,1.4743403541815736,1.4668226515771994,1.4601087102976182,1.4602854220067136,34.5,32.0
sub-163,ses-wave2,50,0.0,0.25816993464052285,0.21650326797385622,0.0,0.25816993464052285,7.125120115974553,5.922866042248781,7.589155517944141,84.65059592303574,1.518629087283795,1.4979262562078985,1.4706610765001638,1.4555873487476356,34.5,35.0
sub-163,ses-wave3,56,0.0,0.08,0.08,0.0,0.08,6.107601258505362,5.858371366682773,4.712075942430294,80.64323933377733,1.4993689281702158,1.4891797058650083,1.546642317641496,1.5365535646314885,29.5,28.0
sub-164,ses-wave1,50,0.03225806451612903,0.2623376623376623,0.2623376623376623,0.03225806451612903,0.2623376623376623,12.934692459492585,3.091787071319014,3.0647728094546025,76.49870517708783,1.4870954049549043,1.5295926080142364,1.6114191465945975,1.6682184833786966,30.0,28.5
sub-164,ses-wave2,54,0.0,0.2,0.15,0.0,0.2,15.353681111054172,3.218349357294621,4.139480957037772,76.27353983587814,1.4946316886494988,1.516166893391083,1.628703108117138,1.6566270388430904,28.5,30.0
sub-1656,ses-wave1,87,0.0,0.2,0.18333333333333335,0.0,0.18333333333333335,21.514318780023586,12.462085708662578,7.338851206415409,78.93652418300529,1.1500187219489233,1.1202387983624764,1.316998976274976,1.3048175706187046,38.0,30.0
sub-1656,ses-wave3,96,0.0,0.27466793168880455,0.25996204933586337,0.0,0.230550284629981,25.42414162810796,15.4393600999461,7.662477244219199,79.40994827331437,1.1002164665872072,1.0566191002062122,1.330216328543949,1.2972594361500083,40.0,32.5
sub-1685,ses-wave1,60,0.03137254901960784,0.19107142857142856,0.19107142857142856,0.0,0.19107142857142856,26.49460610919575,12.017771379952535,8.683503812847178,72.66752474317198,1.3142642570266108,1.3018448400077705,1.6950258614223994,1.7112395104044709,32.0,33.5
sub-1685,ses-wave2,64,0.023255813953488372,0.10639097744360902,0.10639097744360902,0.0,0.10639097744360902,26.020569815888166,15.620220814982273,9.846438442407166,76.77438336200584,1.1532708827759732,1.1507965761033199,1.507938439196301,1.5265086021191072,38.5,36.5
sub-1685,ses-wave3,68,0.0,0.21969696969696967,0.21969696969696967,0.0,0.22121212121212122,17.949703911388934,9.645093661447637,8.385874811144742,77.81865217244044,1.3261861038222922,1.2666380436366715,1.510224623127335,1.4517100479822627,37.5,31.5
sub-169,ses-wave1,56,0.0,0.21401515151515152,0.15151515151515152,0.0,0.19839015151515152,20.26736682196721,5.8811717419633585,8.412683303851654,66.11638516637815,1.265900850115389,1.2512846883866768,1.4075787475236816,1.3836704769917512,32.5,32.5
sub-169,ses-wave2,60,0.015151515151515152,0.05316606929510155,0.03464755077658303,0.0,0.07168458781362007,21.388604075403542,3.1401719904076946,3.437131966205369,68.19634064270562,1.3451962135948374,1.368574203886633,1.623369019278511,1.657961939811638,33.0,29.0
sub-169,ses-wave3,66,0.0,0.19270833333333331,0.19270833333333331,0.0,0.19270833333333331,22.240302651933348,4.615239335341244,4.215531278015703,66.47179229623329,1.2091425309587636,1.2341304598892562,1.4892372774130225,1.534565931399989,38.0,37.0
sub-1759,ses-wave1,61,0.0,0.18080357142857142,0.16651785714285713,0.0,0.19508928571428572,21.261340870384984,10.135908451566557,19.576433551474807,82.41888243456056,1.513779757675021,1.5112065816004157,1.3895830833109415,1.3667271339829956,37.0,33.5
sub-178,ses-wave1,52,0.0,0.1652759948652118,0.1530808729139923,0.0,0.1652759948652118,20.44991369077107,5.287240145731268,3.84587321153265,72.64307770573552,1.313417766550414,1.2995485369370385,1.5170060171829114,1.5051182904732077,38.0,39.5
sub-178,ses-wave2,55,0.0,0.13860182370820667,0.1066869300911854,0.0,0.13860182370820667,15.460475238366268,4.4368912450732445,4.666746692734192,73.81623698553665,1.3150830707285888,1.3091451870464734,1.4443596113350339,1.4402297499787142,37.0,41.0
sub-178,ses-wave3,60,0.0,0.1624764299182904,0.1624764299182904,0.0,0.15084852294154621,15.656472086228982,5.53820503290585,5.510148177604112,73.17779870905126,1.409052584909186,1.3910659575310813,1.5479182413268813,1.5297802299235825,37.0,40.0
sub-1784,ses-wave1,38,0.0,0.0607843137254902,0.04607843137254902,0.0,0.0607843137254902,8.083807204185774,7.810866463442046,5.861976940236085,78.08780434502744,1.3493867317162653,1.3524242851569808,1.4348754253510996,1.4397407559232893,33.0,32.0
sub-1796,ses-wave1,38,0.0,0.15675990675990675,0.15675990675990675,0.0,0.13752913752913754,15.318976740305825,9.175128131912711,9.443228238001291,74.43440093390635,1.4008339073435963,1.3816503895805705,1.4612569223725411,1.4435977946551017,29.0,29.5
sub-1796,ses-wave2,42,0.0,0.08823529411764706,0.07352941176470588,0.0,0.10294117647058823,13.523858204728135,5.191113442003298,5.304192450215451,79.72968602735402,1.1863219874424007,1.1758385044630166,1.263384830723265,1.249816609279913,33.0,33.5
sub-1796,ses-wave3,47,0.0,0.15377446411929171,0.1402609506057782,0.0,0.18452935694315004,7.688481036541805,8.5590859891676,5.445907796651183,75.53278608065011,1.475434317107716,1.475338413695089,1.5357769316770788,1.5472176694226076,31.5,33.0
sub-1797,ses-wave1,35,0.0,0.09259259259259259,0.09259259259259259,0.0,0.07407407407407407,13.576330209631177,7.353888701577526,12.340058384905014,79.8410067474648,1.4225216640336824,1.4224717189410099,1.4438495012524089,1.4402982595851035,31.0,27.0
sub-182,ses-wave1,68,0.0,0.25735294117647056,0.25735294117647056,0.0,0.25735294117647056,16.206649464877902,16.97835479765468,13.756764271971853,85.27837585043795,1.4643318696761702,1.451478274750178,1.6258543479926455,1.622222146853342,40.5,35.0
sub-183,ses-wave1,62,0.0,0.2471042471042471,0.20817245817245816,0.0,0.2471042471042471,20.824435515061914,6.9640019712646275,20.990461024375456,81.2567739222431,1.5872790518585367,1.590074325803755,1.3048970972770972,1.317984522490241,31.5,39.5
sub-183,ses-wave2,66,0.0,0.26765083440308085,0.25449293966623876,0.0,0.3061617458279846,23.071531415537393,7.873877327931037,20.963165576192193,81.27462885197508,1.7228915449053699,1.7718300597982344,1.5288825650007656,1.5895620348300308,30.5,39.5
sub-1844,ses-wave1,32,0.0,0.20016339869281047,0.1854575163398693,0.0,0.22957516339869283,11.873738946769365,10.911670169608989,12.027113226192757,76.17331290653416,1.5228620765219887,1.5116048673700413,1.4899507318078289,1.4824689586413924,26.0,35.0
sub-1844,ses-wave3,41,0.0,0.20526315789473684,0.20526315789473684,0.0,0.23157894736842105,11.797702773372366,9.075613460521677,9.862972380380022,74.6329594219564,1.5337209035847943,1.513146978145257,1.564041693337384,1.55266520209351,27.0,39.0
sub-1849,ses-wave1,31,0.0,0.16319444444444445,0.13368055555555555,0.0,0.13368055555555555,14.480459230772412,5.632897869680243,8.348045069138758,72.57382143796937,1.1963159887215196,1.1760710794532767,1.36868117105261,1.3548949134730326,35.0,34.0
sub-1849,ses-wave2,34,0.0,0.14964610717896865,0.13801820020222447,0.0,0.13877654196157735,12.477965273084509,5.985190273534657,8.94457021914037,75.66732683575526,1.0020113257792052,1.0027052062290835,1.1083933845052785,1.122598089730118,37.5,44.5
sub-1849,ses-wave3,39,0.0,0.22282608695652173,0.21032608695652175,0.0,0.22282608695652173,14.341584370602302,4.407779467611307,8.63001787192837,75.916395349976,1.1508364370770445,1.1021067886548344,1.2620523258505139,1.2235903005722069,34.0,43.0
sub-1850,ses-wave3,39,0.0,0.31954887218045114,0.31954887218045114,0.0,0.30413533834586465,12.858747672644595,9.805727261390771,11.28258825818299,73.23298589757451,1.5824327371932485,1.6229929227288853,1.548235170868434,1.6231451485988129,33.5,36.5
sub-1856,ses-wave1,80,0.0,0.14838709677419354,0.14838709677419354,0.0,0.14838709677419354,13.304068727620809,10.819555883082645,9.143220969735513,86.9536542265285,1.4944934168618467,1.4935112003721416,1.5715081301153078,1.5582576026299388,25.5,28.0
sub-1856,ses-wave2,84,0.015151515151515152,0.08888888888888888,0.08888888888888888,0.0,0.1388888888888889,19.710569976898064,9.304133128506612,11.911748514955487,79.72387477307163,1.2166619180722353,1.2078646400980482,1.339010092108413,1.3161385430667083,32.0,28.5
sub-1860,ses-wave1,31,0.0,0.09307359307359307,0.09307359307359307,0.0,0.12012987012987013,11.4748893922497,6.5700033986600594,8.36302106216715,79.5130445860076,1.7099715138214573,1.6873069001764809,1.7798393383902116,1.7527843890599413,35.0,37.5
sub-1866,ses-wave1,86,0.0,0.19210526315789472,0.19210526315789472,0.0,0.17781954887218043,22.248047560809475,10.489830517814909,6.176088258551643,77.404678173436,1.18994765865791,1.146894276600805,1.3379683008307521,1.2880122170694968,27.0,36.5
sub-1868,ses-wave1,83,0.0,0.19623655913978494,0.19623655913978494,0.0,0.19623655913978494,23.137220265234404,3.7198885695456645,5.051664634763032,67.1121966633526,1.3479242959429492,1.3470369312787622,1.5350822987055806,1.5491134292574549,41.5,36.5
sub-1869,ses-wave1,31,0.0,0.07407407407407407,0.07407407407407407,0.0,0.07407407407407407,12.115181658280026,14.206244953672705,9.119722699259325,66.99670417951242,1.545980096298426,1.5274401572434648,1.6006558300122733,1.5857024688928427,30.0,26.5
sub-1874,ses-wave1,47,0.0,0.26666666666666666,0.23333333333333334,0.0,0.23333333333333334,4.904507985130064,11.547842305398598,4.815272898814372,76.6383970507993,1.6863459376760055,1.6661873867999435,1.728937364971253,1.722717546100291,33.5,30.0
sub-1875,ses-wave1,57,0.041666666666666664,0.14285714285714285,0.12857142857142856,0.0,0.11428571428571428,12.70684219094412,9.604475678553985,8.543664885149656,70.84893178323742,1.4658261000684543,1.4513170430543676,1.5722933708516011,1.561567087941926,32.5,34.5
sub-1875,ses-wave2,61,0.0125,0.2140029688273132,0.12790697674418605,0.0,0.20237506185056903,14.455000249284232,8.757538685764619,7.3434622144302715,70.83044852541761,1.0853327639641606,1.1036971232323478,1.1503028417649812,1.1824862516564822,38.5,45.0
sub-1875,ses-wave3,65,0.0,0.18872180451127818,0.1744360902255639,0.0,0.18984962406015038,12.441439871052854,7.235285504090406,6.322812701249571,73.20098800555178,1.4213429778141644,1.421717686544317,1.5134838336202026,1.5260039697591177,30.5,36.5
sub-1882,ses-wave1,86,0.0,0.25,0.22058823529411764,0.0,0.25,8.452559474096853,8.790867977441351,9.109563431602725,84.35929341415415,1.3778789240472713,1.3874213019462354,1.366405581110901,1.3806495229075884,33.5,34.0
sub-1886,ses-wave1,82,0.014705882352941176,0.1945945945945946,0.15405405405405406,0.0,0.22239382239382238,21.785707526886483,8.682000788706134,7.6831404602864275,73.59914151744482,1.2051523964868238,1.2223195071794688,1.4051872385427109,1.44118255947667,31.0,36.0
sub-1915,ses-wave1,75,0.020833333333333332,0.07142857142857142,0.04285714285714286,0.0,0.07142857142857142,19.849108509733117,6.3186514649238354,13.636838881943127,77.80699475691307,1.2860066258836533,1.289788452027552,1.4651813760830932,1.4743793494726756,27.5,31.0
sub-192,ses-wave1,30,0.0,0.20604395604395603,0.18681318681318682,0.0,0.18681318681318682,12.835228999638154,14.076343054266609,12.1321700013529,77.86104033683029,1.4628234913562936,1.45240949599909,1.5061040746972432,1.5198417325484495,32.5,27.0
sub-192,ses-wave2,34,0.0,0.3443287037037037,0.3443287037037037,0.0,0.3599537037037037,10.165202179463158,6.8472849658448425,9.893006720526213,83.18897560578503,1.6814641577669378,1.6759132701567294,1.6561631091877105,1.6978641656363824,32.5,29.5
sub-192,ses-wave3,39,0.0,0.17079741379310345,0.17079741379310345,0.0,0.17079741379310345,7.596778938259468,5.104556102228556,4.6569917048456455,79.70352018595688,1.5527344251623778,1.5349624323974953,1.6254517055662459,1.6072655739609751,33.5,30.5
sub-1922,ses-wave1,36,0.0,0.2426470588235294,0.16911764705882354,0.0,0.25735294117647056,10.480416086377987,6.239473588179287,6.063441797660337,82.2552718382052,1.3426216885476956,1.3539785263959019,1.3963320223969753,1.41125469313873,37.5,43.0
sub-1922,ses-wave3,45,0.0,0.19337979094076654,0.16898954703832753,0.0,0.19547038327526134,16.356469356738234,8.330905038504234,6.982314275526189,79.27846780804765,1.5520010914593594,1.5767053134561717,1.6157134823213377,1.6495086515996908,37.0,38.0
sub-1933,ses-wave1,83,0.0,0.27397798742138363,0.2531446540880503,0.0,0.26356132075471694,19.841499141142798,6.049733815702518,8.46582239527317,72.61756763809306,1.2562771174204617,1.2171825992854988,1.3689013845205982,1.3323660027222672,31.0,50.5
sub-194,ses-wave1,33,0.0,0.07142857142857142,0.03571428571428571,0.0,0.07142857142857142,14.711610822765074,6.24235236907044,4.102450321593041,78.38476336000298,1.4807851005360155,1.497204714973001,1.6276565055442052,1.6464966086610766,44.0,37.5
sub-196,ses-wave1,66,0.0,0.19813519813519814,0.19813519813519814,0.0,0.19813519813519814,11.718328861581565,10.06696290177043,6.424823224774554,88.89829890581828,1.241494936010484,1.228679822083341,1.3141039045621778,1.3022640863267148,42.5,29.5
sub-196,ses-wave2,71,0.0,0.19285714285714284,0.19285714285714284,0.0,0.20714285714285713,16.666964700471137,7.521778285393655,11.273847747738554,84.91818417270824,1.4937226660098815,1.4483572253916202,1.564633635273308,1.5276068610031381,42.5,31.5
sub-196,ses-wave3,76,0.010416666666666666,0.17708333333333331,0.17708333333333331,0.0,0.16041666666666665,15.637231812665913,5.94260122450015,6.452376182525725,81.29060931235725,1.2158823699151293,1.2263615244832282,1.3022454304043811,1.326073022297868,43.5,31.0
sub-1993,ses-wave2,68,0.0,0.24107142857142858,0.24107142857142858,0.0,0.2589285714285714,20.80764958044206,11.930586323207267,16.308609001095654,79.84556228463288,1.5325931378062423,1.488275322894426,1.5038639872101869,1.4332013120026883,23.0,30.0
sub-1993,ses-wave3,72,0.027777777777777776,0.2777777777777778,0.2777777777777778,0.0,0.25462962962962965,21.046571557125567,11.471660872397914,12.11951378074211,79.3042069803897,1.4533086314356387,1.4050518502434408,1.6423536987429856,1.5880692939433387,21.5,25.5
sub-200,ses-wave1,52,0.022727272727272728,0.225,0.19166666666666665,0.022727272727272728,0.225,16.07755799336731,5.6189307493021605,8.80874220336087,81.44786892506505,1.153355379555444,1.1311882505751667,1.1895081239357301,1.1740620084830784,40.0,40.5
sub-200,ses-wave2,56,0.0,0.22003577817531306,0.20840787119856888,0.0,0.22003577817531306,14.234738625815016,4.6963068823262315,13.614860218928074,81.69314004910952,1.4575527757250455,1.4322697441144867,1.2698523061374436,1.2502731464782704,38.0,41.0
sub-200,ses-wave3,62,0.0,0.1875,0.1875,0.0,0.1579861111111111,19.608516442391164,8.832411238352522,11.12215514871665,78.83178052038997,1.3934099242604763,1.3875817946981304,1.4339290773454811,1.4219383177821832,39.5,34.0
sub-2031,ses-wave1,56,0.0,0.06674082313681869,0.04949944382647386,0.0,0.04949944382647386,10.923164095224756,12.223627380050651,11.615586465217952,80.92739805488779,1.3873928922355898,1.4068608182529583,1.4582229146307952,1.481058746237632,42.5,30.0
sub-2034,ses-wave1,86,0.0,0.22408026755852845,0.21125975473801561,0.0,0.22408026755852845,21.097810017835233,8.283351422655363,6.3519436492194945,67.60225551159655,1.1726700343968581,1.1880805308168665,1.3330065389510442,1.3577316025659119,55.0,42.5
sub-2043,ses-wave1,82,0.010416666666666666,0.18951612903225806,0.17338709677419356,0.0,0.20564516129032256,17.363634331185246,14.54765795278951,7.718192245266069,88.35548891312888,1.1607242861050129,1.1607387501163768,1.233882164418321,1.2489210364376526,47.0,29.5
sub-2043,ses-wave2,86,0.0,0.30952380952380953,0.2928571428571428,0.0,0.32380952380952377,18.16863611316432,13.682848529827979,14.416709003669574,88.95167487647494,1.1677110882335515,1.1316132104975969,1.1875611337944636,1.1776234287021872,50.5,32.5
sub-2044,ses-wave1,88,0.018518518518518517,0.14974358974358976,0.09846153846153846,0.0,0.17256410256410257,24.0407534387316,8.70395811771532,9.757913492024207,74.54922850036476,0.9266453628176811,0.9230366405267976,1.0645357857549569,1.0595099386641111,50.0,44.5
sub-2053,ses-wave1,81,0.0,0.11555555555555555,0.11555555555555555,0.0,0.11555555555555555,10.628364988894159,6.893016381957869,8.063782020905153,76.96485993060942,1.4652542813487124,1.4694318471534054,1.5468428235466916,1.5494746595399573,22.0,30.5
sub-2054,ses-wave1,88,0.0,0.11378205128205128,0.07532051282051282,0.0,0.11378205128205128,16.884888093261154,12.752383017433393,8.690499376645171,82.81048421608602,1.1508603958960846,1.162081923056097,1.2756857651261706,1.2925673826889126,44.5,39.5
sub-2062,ses-wave1,84,0.05756578947368421,0.08333333333333333,0.08333333333333333,0.0,0.1,24.174979029466208,4.332607964297681,5.414912091137101,68.83971711359247,1.0157894507861052,1.0066466953227495,1.1933967075564227,1.1876980131940045,52.5,34.5
sub-2067,ses-wave1,35,0.0,0.31842105263157894,0.3017543859649123,0.0,0.31491228070175437,12.891155847878808,9.25315215004252,4.872060812347245,69.1664517320738,1.6026844673326686,1.5112067176453516,1.7322047434309567,1.6451513799527508,28.0,34.0
sub-208,ses-wave1,54,0.0,0.16666666666666666,0.14814814814814814,0.0,0.18518518518518517,17.962271523036257,10.262552632721619,5.527123247078797,82.14458656628108,1.318641892498976,1.3228909887667921,1.4926010122622997,1.5178717556880303,32.5,31.5
sub-208,ses-wave2,57,0.0,0.14784946236559138,0.13118279569892471,0.0,0.14784946236559138,12.032713939361923,5.506124385250041,7.1549535895187155,83.86184390907208,1.3074298666902675,1.289204939755105,1.3787155741064705,1.3758050198982783,40.5,30.5
sub-208,ses-wave3,62,0.0,0.22556390977443608,0.22556390977443608,0.0,0.22556390977443608,15.547037826811298,7.003668573335384,7.047133285981727,83.03492790616662,1.337120322707517,1.294652848950202,1.4385411293263841,1.3984903943608171,36.5,33.0
sub-2087,ses-wave1,81,0.06158357771260997,0.12610837438423644,0.12610837438423644,0.0,0.12610837438423644,20.13748808219963,10.854946855827146,4.727156918428281,81.51673074159496,1.0855391056282042,1.0745339970004641,1.2883471228770895,1.2954561786307353,37.5,32.0
sub-2093,ses-wave1,33,0.0,0.20518207282913165,0.20518207282913165,0.0,0.18137254901960784,19.353621695338127,7.705364534134523,7.421335912098199,74.44444684838014,1.4099138333537828,1.3702283975194391,1.6033836548790406,1.5664381152605742,39.0,46.5
sub-2093,ses-wave2,37,0.009615384615384616,0.1879432624113475,0.10714285714285714,0.00980392156862745,0.18667679837892603,17.996209609533814,9.49479063775799,8.088657667978863,73.98427530852945,0.9935908108057733,1.0147365004918094,1.1887641725387954,1.2359962653660994,51.5,44.5
sub-2093,ses-wave3,42,0.012195121951219513,0.1954248366013072,0.1954248366013072,0.0,0.180718954248366,23.952487161394405,9.14280131740698,8.040203778520176,71.72474688749173,1.3265347650099801,1.2917618999141094,1.62012318192428,1.5957590855320367,39.5,39.5
sub-2095,ses-wave1,53,0.013513513513513514,0.11607142857142858,0.05357142857142857,0.02964254577157803,0.11607142857142858,20.183484525082058,12.29225881017906,14.356375730001838,76.30981561325464,1.4164746176972849,1.4629987188891973,1.4778227572703477,1.53945310441352,34.0,34.0
sub-2095,ses-wave3,61,0.02702702702702703,0.21644042232277527,0.21644042232277527,0.0,0.2458521870286576,20.001100932463373,9.777489193939001,9.338161643862984,81.1866057474771,1.3966480389031424,1.3860165677091978,1.5176319377644734,1.502087201897397,37.5,36.5
sub-21,ses-wave1,72,0.0,0.2062937062937063,0.2062937062937063,0.0,0.22552447552447552,16.80834338182521,3.814450018005596,11.007845414419268,80.36975095627005,1.383178377732817,1.326000061072016,1.391638497294117,1.342188111203986,26.0,24.0
sub-2117,ses-wave2,78,0.0,0.1936026936026936,0.17508417508417506,0.0,0.17508417508417506,16.160891660846744,8.511794573733637,7.647564126846989,67.55419050171419,1.2562127819085211,1.1992620004016947,1.4522864685919892,1.4009870794487633,30.0,30.0
sub-2117,ses-wave3,83,0.0,0.125,0.125,0.0,0.125,18.085559965393227,3.7839363439250326,10.248806978408783,73.39818420507501,1.1150187572440158,1.1101452059036776,1.226485452512959,1.2192207206406067,31.0,22.5
sub-2126,ses-wave1,86,0.0,0.2272727272727273,0.2272727272727273,0.0,0.25757575757575757,18.396805360029198,8.71385021117981,11.02755124635971,76.34910005021234,1.1971457704546875,1.1481064405624313,1.3483772833038772,1.3068359713384914,40.0,33.0
sub-2127,ses-wave1,71,0.013513513513513514,0.2689075630252101,0.2689075630252101,0.013513513513513514,0.28361344537815125,17.102410436159584,6.669474537693718,7.166447044508251,76.48453337612526,1.5031262733057198,1.4739410470410537,1.6713472679067163,1.6649659732973192,35.0,31.0
sub-2127,ses-wave2,75,0.010638297872340425,0.3915701415701416,0.3407335907335908,0.0,0.36454311454311455,13.948985341700435,4.270516760228622,6.484536197443143,77.4968485451368,1.2550426672440593,1.2757568611985532,1.343644127150959,1.37295296606269,40.0,39.5
sub-213,ses-wave1,57,0.0,0.28735632183908044,0.27011494252873564,0.0,0.3045977011494253,18.753375114013284,6.840165062328282,4.531165724455522,77.69427080457112,1.4366519319956383,1.3999427843884775,1.6131584474345786,1.5847726317360822,39.0,31.0
sub-213,ses-wave2,61,0.01282051282051282,0.42100909842845324,0.3792390405293631,0.0,0.43713813068651775,13.096916218160928,4.376754908405211,5.309516918503566,77.58065615134787,1.3829875054745724,1.3623603284146926,1.424478909402514,1.4250295376941864,38.0,35.0
sub-213,ses-wave3,67,0.0,0.23743386243386244,0.21957671957671956,0.0,0.2552910052910053,18.991312016773033,5.495606619228052,4.719037205706351,75.2357296606273,1.3039218077454735,1.2402177526023221,1.46397497287871,1.4062500598620402,39.5,27.5
sub-215,ses-wave1,34,0.0,0.15357142857142858,0.13571428571428573,0.013888888888888888,0.13571428571428573,13.876565245406331,8.72115624184294,5.5194246728630745,69.18087788905083,1.368762480323783,1.371068058615609,1.5198576391796585,1.5338291780563305,35.0,26.5
sub-215,ses-wave3,43,0.0,0.045454545454545456,0.022727272727272728,0.0,0.045454545454545456,10.468965703431122,10.490254615095594,5.815140755446544,71.20673462328891,1.4267245227174086,1.4531218899584624,1.5138268562348096,1.5475520548465211,29.0,26.0
sub-2172,ses-wave2,49,0.09242424242424242,0.09446693657219973,0.05128205128205128,0.09242424242424242,0.0816464237516869,2.9221834648280067,7.195552179742059,6.557612225081878,85.51952966438267,0.44093108870577613,0.4335555467314097,0.43408153269517447,0.4289150027010512,52.0,48.0
sub-2172,ses-wave3,52,0.0,0.2111111111111111,0.2111111111111111,0.0,0.23968253968253966,10.741269580912247,3.367594247233902,3.978426870351134,77.39962676057652,1.5002970557077369,1.449369502167122,1.6373448552537235,1.5886442351613463,20.0,31.0
sub-220,ses-wave1,66,0.012195121951219513,0.18040621266427717,0.18040621266427717,0.0,0.18040621266427717,19.53343103730529,8.658887883209385,7.321605807142934,77.64440442662243,1.2964903821052252,1.2821851487341025,1.4906610490435916,1.4849122229864813,36.5,29.0
sub-220,ses-wave2,70,0.051736881005173686,0.04595588235294118,0.03125,0.0,0.04595588235294118,23.114136132343834,6.408211653695615,6.590175656330988,73.05075437635259,1.128951516567097,1.1345223174189272,1.3438407294172077,1.3537229564149906,37.0,33.0
sub-2206,ses-wave3,51,0.0,0.2900516795865633,0.2900516795865633,0.0,0.26679586563307495,16.059001840971632,7.35362507211636,5.082280634612202,78.56544419339247,1.5530445363547702,1.5223925296145167,1.7044260415311263,1.6763148759721822,29.5,39.5
sub-221,ses-wave1,53,0.0,0.09191919191919191,0.06464646464646465,0.0,0.11010101010101009,16.70648134651428,3.960387216556282,12.382319389699095,78.55006345081543,1.0838739383892748,1.0867601440633161,1.1722063855645977,1.176628403449631,74.0,54.5
sub-224,ses-wave1,86,0.02,0.07026143790849673,0.05637254901960784,0.0,0.09885620915032681,16.94124424823685,10.320695775371998,8.97731932501345,77.01754429673028,1.1046105498900642,1.097565869032675,1.2108167597282833,1.20289635392448,41.5,35.0
sub-2248,ses-wave2,37,0.0,0.16093117408906882,0.16093117408906882,0.0,0.16093117408906882,17.426222660206342,6.893995077924158,11.21095041646663,70.40674717249453,1.415954232297613,1.3782977399921053,1.4622531068952986,1.43947726731793,35.5,32.0
sub-2248,ses-wave3,41,0.0,0.15458937198067632,0.15458937198067632,0.0,0.15458937198067632,16.23166848953852,9.753769686908246,11.424878182991446,69.09692379693642,1.4664972241750165,1.425564697300468,1.4364141113442541,1.4024868514883362,30.0,25.0
sub-236,ses-wave1,70,0.0,0.13520408163265307,0.09770408163265305,0.0,0.13520408163265307,18.46304964032732,5.956584398388209,4.476422559306652,75.36956319849168,1.3036377289583478,1.3147450923340838,1.4961519236773422,1.5099753457523561,51.5,44.5
sub-236,ses-wave2,74,0.0,0.14222873900293254,0.12609970674486803,0.0,0.15131964809384163,15.134713791156383,7.556636602859395,7.241523749850655,75.88810484977338,1.1864785171893173,1.161205848829185,1.3459564599059632,1.328359583698556,47.0,43.0
sub-236,ses-wave3,80,0.0,0.12841945288753798,0.12841945288753798,0.0,0.12841945288753798,18.4726647382871,5.6334979787236374,8.673283239504627,77.46573957538826,1.209387637922732,1.1621051997840408,1.3592566276524853,1.3106717255109248,52.5,44.5
sub-245,ses-wave1,65,0.0,0.16,0.16,0.0,0.2,9.067728760062732,10.747680891417875,9.77451862471083,77.32835054783376,1.4734741028274807,1.4813675254145355,1.4941300389622607,1.4939561418045268,46.0,25.0
sub-245,ses-wave2,69,0.0,0.15615384615384614,0.15615384615384614,0.0,0.19538461538461538,16.173592593672264,5.171693486204889,6.620709817797053,74.94022142203829,1.2505939627998752,1.2469106921976585,1.3774702056538835,1.3717747010564083,44.0,25.5
sub-245,ses-wave3,75,0.0,0.08,0.08,0.0,0.08,16.185322075129992,2.471673609391409,8.42736103016701,76.9202420512319,1.2613857150093486,1.2506177266630245,1.3409510510054146,1.3334566169180837,54.0,24.0
sub-252,ses-wave1,80,0.012195121951219513,0.12310606060606061,0.12310606060606061,0.0,0.12310606060606061,17.955899644554435,3.3282618232731775,3.6337591121985104,73.36288844111337,1.1376942053360168,1.144210193828734,1.237343315618591,1.2454672796937862,39.5,32.5
sub-274,ses-wave1,76,0.0,0.12698412698412698,0.12698412698412698,0.0,0.11309523809523808,17.734688727542014,8.51559433997081,11.033089312554589,76.65024773585867,1.3037218710153424,1.264260649628425,1.4014836895397145,1.3588026732336163,42.5,32.0
sub-274,ses-wave2,80,0.06708037825059102,0.11815661815661815,0.11815661815661815,0.024527186761229315,0.11815661815661815,23.609404349136057,5.7800310468024385,4.537590979730384,72.36055724254192,1.0470243266232409,1.0144059465124462,1.2457841691498128,1.2136888303403839,41.5,38.0
sub-2813,ses-wave1,73,0.0,0.1803030303030303,0.1803030303030303,0.0,0.1803030303030303,17.80494947454602,4.7677110838892105,8.442058102411194,78.01278077754424,1.3635014593619141,1.3635283843435548,1.4884843987099368,1.497059024742344,40.5,31.5
sub-2813,ses-wave2,77,0.0,0.13214285714285715,0.11428571428571428,0.0,0.13214285714285715,21.247265594157753,8.541665576226489,10.405049233079513,80.12137861399307,1.1438928821624177,1.1222022341392028,1.2702918431976937,1.2488361983662681,41.5,31.5
sub-2852,ses-wave1,68,0.0,0.21869565217391304,0.21869565217391304,0.0,0.21869565217391304,16.15658781624486,4.412797412716873,3.108120494439569,74.15979390126037,1.4091272831013641,1.3858318289798595,1.5472849652368965,1.5320905950589907,40.5,48.0
sub-2885,ses-wave1,55,0.0,0.12525354969574037,0.12525354969574037,0.0,0.13995943204868155,16.623492486737675,5.881029506430156,5.304454188795314,73.73122321294946,1.222127717330248,1.22131248443868,1.3407126489723842,1.347469722079835,31.0,31.5
sub-2885,ses-wave2,58,0.0,0.15127627627627627,0.13738738738738737,0.0,0.15127627627627627,15.12086196722327,8.20763547257354,6.324129015086822,70.83001723760556,1.2570528574864812,1.2468515175434876,1.3178454491585145,1.3078152732624342,36.0,36.5
sub-2885,ses-wave3,63,0.0,0.1449579831932773,0.11239495798319327,0.0,0.13025210084033612,12.482463681571957,7.251577519334067,7.954005844399154,74.88953648263988,1.3458249216452427,1.377277711841208,1.441652324591189,1.4726633989681694,29.5,31.0
sub-2940,ses-wave1,62,0.0,0.2700892857142857,0.2700892857142857,0.0,0.2879464285714286,21.824507885565566,10.885241064213583,4.908795623778647,79.12720452391187,1.3520647398827341,1.3381028456264024,1.5743177694457255,1.5787976278189,31.5,30.0
sub-2940,ses-wave2,66,0.0,0.14553571428571427,0.12991071428571427,0.0,0.14553571428571427,22.798279489563235,9.005479154765975,4.104153699583886,75.63569241378687,1.2822766869775848,1.2658311162988027,1.5904548094834767,1.5936605297376985,37.0,33.5
sub-2940,ses-wave3,70,0.0,0.25735294117647056,0.25735294117647056,0.0,0.2720588235294118,16.341716624009607,5.723958764160498,4.978086310944567,78.02008926079912,1.4201074788100092,1.3954034618850901,1.5299734911968343,1.5117822390801892,28.0,31.0
sub-2974,ses-wave1,65,0.05,0.31993355481727576,0.31993355481727576,0.016666666666666666,0.30830564784053155,20.011932005902292,3.8911237978525914,12.986679672016125,73.10251146993747,1.4386374724092996,1.4090726918702068,1.4967074624241428,1.4842711641594981,30.5,39.0
sub-2976,ses-wave1,69,0.016129032258064516,0.20476190476190476,0.17023809523809524,0.016129032258064516,0.24047619047619045,15.445265039574814,5.712429985061717,7.716692915480472,76.87696382647337,1.5030777532658972,1.5833392010549066,1.5700629095408862,1.6562094889260695,29.0,29.0
sub-2976,ses-wave2,73,0.016129032258064516,0.1707175925925926,0.1707175925925926,0.016129032258064516,0.1550925925925926,22.686646175589033,7.791695534216338,9.140635023110228,70.36274970793173,1.4365509533316279,1.4364826434531552,1.6345989804637908,1.655312694793881,31.0,29.5
sub-2976,ses-wave3,78,0.017857142857142856,0.3393246187363834,0.3393246187363834,0.017857142857142856,0.29139433551198257,10.077997941038934,14.849984244913978,14.031659005032633,75.34344850267912,1.682175091923064,1.7079066896641277,1.63902697292636,1.6763236003106248,30.5,30.5
sub-299,ses-wave1,65,0.0,0.1378986866791745,0.11350844277673547,0.013157894736842105,0.1378986866791745,11.771866074735172,6.537418353257091,6.433469139352669,78.40695503230981,1.092548933325622,1.095853940371443,1.1984956318430775,1.2072943037647916,38.0,40.0
sub-3003,ses-wave1,67,0.0,0.18106060606060606,0.1643939393939394,0.0,0.18106060606060606,13.48574319726749,10.623747799842532,7.028065162099896,82.85006129062313,1.2902037182497947,1.2362551889235398,1.3951349474816062,1.3305743088268234,31.5,37.0
sub-3005,ses-wave1,89,0.0,0.13095238095238093,0.09523809523809523,0.0,0.13095238095238093,8.526685630999982,6.361526136804786,8.250686711877767,82.48252098281402,1.7374548173220241,1.7812062748857622,1.8135739603217265,1.859357110595276,32.0,24.5
sub-3005,ses-wave2,92,0.0,0.22058823529411764,0.22058823529411764,0.0,0.16176470588235295,11.893642498272756,7.707659431947761,8.707023864416472,80.09498914558188,1.4492871983967475,1.4364612125999379,1.5434260638435076,1.5207243546691351,36.0,33.0
sub-3010,ses-wave1,77,0.057692307692307696,0.15407407407407409,0.15407407407407409,0.0,0.15407407407407409,14.412460269717048,7.443978285080611,4.161985885005555,81.7344123118111,1.3348445851205089,1.3130649629043452,1.4655042812408343,1.4525555060305155,28.5,26.0
sub-3053,ses-wave1,59,0.0,0.14166666666666666,0.12604166666666666,0.0,0.14166666666666666,12.334218920821112,4.041300734817277,5.542500269123087,76.2576661521495,1.4216018790765632,1.4439868984225244,1.5244293002064118,1.5481026433832699,29.0,31.0
sub-3053,ses-wave2,64,0.0,0.15498310810810811,0.1414695945945946,0.0,0.16849662162162163,19.720103615400163,4.339962891027751,2.523300958258396,74.45218884123616,1.370463064677784,1.362157441971363,1.5772772194223346,1.574952314362863,32.0,34.5
sub-3066,ses-wave3,66,0.0,0.046875,0.046875,0.0,0.046875,8.711802527232157,5.638244086843048,8.262370669048215,82.02720415796819,1.3892023041855608,1.3984565034776995,1.3584386913711919,1.3649225665012408,32.5,30.5
sub-3086,ses-wave1,70,0.0,0.2805474095796676,0.2805474095796676,0.0,0.3128054740957967,11.407789946916242,8.816535354976047,7.730395201042153,82.90719817064557,1.3696008688885954,1.3375796493781753,1.4365378931632309,1.414701122610039,32.0,32.0
sub-311,ses-wave1,75,0.0,0.18452380952380953,0.17202380952380952,0.0,0.17261904761904762,20.562899468888595,10.818802492170327,5.963346770556289,79.69071942343899,1.184442989423693,1.1477168253623886,1.3702854312410038,1.3346054255410287,48.0,41.0
sub-311,ses-wave2,79,0.00909090909090909,0.2537878787878788,0.23106060606060608,0.0,0.26304713804713803,19.134436111089254,6.356972566732178,4.5234410749241825,74.94633645029782,1.2472538175477443,1.2192123294759154,1.3975758471183464,1.3710791009431555,57.5,49.0
sub-3126,ses-wave1,70,0.052380952380952375,0.25882352941176473,0.25882352941176473,0.0,0.24632352941176472,24.129478044932398,13.210183816282768,18.69330325568994,83.00986936208773,1.4625847608688458,1.5028331302305324,1.4752314732092424,1.5164674768071247,29.0,37.0
sub-3126,ses-wave2,73,0.13735632183908048,0.28428093645484953,0.2734113712374582,0.0,0.2516722408026756,29.411820718973523,14.130845110072599,18.721476355055536,77.90610651952413,1.2314337609546642,1.2317144977251395,1.3276567385906428,1.3334069270182636,29.5,42.5
sub-3126,ses-wave3,78,0.031754032258064516,0.2896551724137931,0.2896551724137931,0.0,0.3021551724137931,21.467012230758428,7.397472023161534,20.267074332701497,78.2111401059488,1.644496370716403,1.6093117611199688,1.5173614392282104,1.4920504567281752,31.5,34.5
sub-3131,ses-wave1,78,0.014285714285714285,0.21422764227642277,0.20203252032520325,0.014285714285714285,0.21422764227642277,13.156894526864257,7.457322263241039,11.101929676127947,76.65240165544199,1.3884623881469684,1.3725789632629892,1.5173613571429536,1.5108860932611936,34.0,35.5
sub-3131,ses-wave2,81,0.0,0.23340961098398166,0.22254004576659037,0.0,0.24656750572082378,15.74759529320052,5.063661041691546,9.062210777024188,73.18388611963204,1.1341255732220834,1.04926277862868,1.2714843955517063,1.185655005610609,39.5,42.0
sub-3131,ses-wave3,85,0.0,0.21022727272727273,0.19460227272727273,0.0,0.21022727272727273,17.451436741122123,4.65516510523055,15.18594809622703,80.02380370650982,1.3444015801671685,1.3204618591852086,1.3504855915748912,1.3265971221238746,38.0,38.0
sub-3146,ses-wave1,71,0.02564102564102564,0.14301552106430154,0.14301552106430154,0.01282051282051282,0.14301552106430154,22.16456286413714,5.4051568260042835,8.662860656356209,73.5444382258829,1.226797148789564,1.23957404032959,1.3722813482614464,1.3979366761835361,35.0,37.0
sub-3146,ses-wave3,79,0.04554326610279766,0.12871853546910755,0.10240274599542334,0.02830188679245283,0.13100686498855835,17.434928056863328,6.915902842269819,7.8109693151983315,75.72321702719037,0.9857497939679152,0.9883721837078006,1.0758631058701102,1.0880540893513442,55.5,42.0
sub-3163,ses-wave1,51,0.0,0.11666666666666667,0.08333333333333333,0.0,0.11666666666666667,24.044620187936808,4.424884973439462,13.976135177453077,73.38785617945938,1.418051274249559,1.4263307485335273,1.5090355056696758,1.5217721203356978,42.5,30.0
sub-3163,ses-wave2,55,0.010869565217391304,0.12086903304773562,0.12086903304773562,0.0,0.12086903304773562,24.119784326565778,7.0988672076064185,13.347315623469587,75.23586147267874,1.2314861266558748,1.2194021589487276,1.296553897490428,1.2924893264396222,41.5,40.5
sub-318,ses-wave1,84,0.0,0.22333333333333333,0.1725,0.0,0.2033333333333333,15.753718598608252,8.48533392910115,4.982316322932478,82.05438148036322,1.046934892533877,1.041588884091431,1.154074436641711,1.1542609506164458,40.5,49.0
sub-3182,ses-wave1,60,0.0,0.30168408826945414,0.2897793263646922,0.0,0.2894889663182346,11.48897620068422,6.837022390730292,7.443070048931702,77.53242673801296,1.4287593796431959,1.3622799359925435,1.509764831108473,1.44549362583036,36.5,41.5
sub-3182,ses-wave2,63,0.038157894736842106,0.24526515151515152,0.23390151515151517,0.0,0.24526515151515152,16.077224769145246,4.29117017756321,6.165801740997472,78.08991334361578,1.2675279592475914,1.2242220339221332,1.377253582247749,1.3332053450257457,39.0,46.0
sub-3212,ses-wave1,80,0.0,0.26983435047951176,0.26983435047951176,0.0,0.3156059285091543,29.207111283155005,12.643086053298738,5.504186478565299,71.7426785979823,1.1581641158223952,1.084686749580221,1.4939397046778806,1.414248430978861,40.0,34.0
sub-326,ses-wave1,62,0.0,0.17763157894736842,0.12763157894736843,0.0,0.17763157894736842,17.494066186421204,9.324650417265998,7.646806376138859,81.45268247400406,1.4337294730557637,1.442321952002588,1.4912637965250166,1.5137937983989151,25.0,19.5
sub-326,ses-wave2,66,0.0,0.24404761904761904,0.24404761904761904,0.0,0.24404761904761904,15.611882533068872,9.376242531783456,7.548407661518028,82.23975516491342,1.568177693713158,1.570290764924125,1.6424830105221928,1.645145588739013,27.0,20.5
sub-326,ses-wave3,71,0.023809523809523808,0.24583333333333335,0.225,0.0,0.275,14.644880428854716,10.068562416633412,7.365029130277218,82.91320217509102,1.3193907863083898,1.314619244078754,1.383876653648547,1.390427942392789,26.0,22.0
sub-327,ses-wave1,41,0.0,0.17941176470588235,0.17941176470588235,0.0,0.21911764705882353,5.092737072016173,9.831098984117084,8.614510102873712,79.80814364254425,1.5903254115728627,1.5857155999738084,1.5658418038931856,1.568565011002756,23.0,27.0
sub-327,ses-wave2,45,0.0,0.22083333333333333,0.20416666666666666,0.0,0.23333333333333334,11.897372197267032,6.119351356418312,11.074520354769977,82.73909328510587,1.519551519990019,1.5388964939147651,1.571311769967635,1.595049440088978,24.0,35.0
sub-3319,ses-wave1,73,0.0,0.1675824175824176,0.1675824175824176,0.0,0.18681318681318682,18.169819820793016,15.987235888216558,10.933780453295995,88.97820815109529,1.2799031749261012,1.2836588759764878,1.332698097786702,1.3285747837016704,36.5,27.0
sub-3328,ses-wave1,73,0.0,0.18137254901960784,0.16176470588235292,0.0,0.18137254901960784,20.850787285737574,2.3392684906980685,9.956548842436927,69.94005170196019,1.200169573001205,1.2090281417646362,1.3355090332123827,1.3604640913795802,49.5,43.5
sub-3328,ses-wave2,77,0.021739130434782608,0.14583333333333334,0.125,0.0,0.14583333333333334,24.068696922281468,4.839246705479294,7.738307182765944,71.5822398843919,1.1254149863636047,1.130599486045279,1.326213729257323,1.3431530812398078,52.0,40.0
sub-3328,ses-wave3,81,0.010416666666666666,0.1662004662004662,0.1662004662004662,0.0,0.1662004662004662,17.912122280244372,2.8969153779424097,5.691458603277679,70.31178555116895,1.1405360486630003,1.0977828094685194,1.226881927537819,1.1863220551420741,56.0,47.0
sub-3334,ses-wave2,69,0.025,0.2875,0.2625,0.0375,0.2625,13.252444113911842,9.016754027823506,8.211303195197086,81.2638215832603,1.2162440915366977,1.1728397636015488,1.2650916208258765,1.217823106801673,37.5,40.0
sub-335,ses-wave1,62,0.0,0.3072390572390572,0.2887205387205387,0.0,0.32575757575757575,12.485380373659513,7.516970746860496,6.811722941291837,75.22892509499763,1.3577460862203043,1.2500143895743325,1.4428509207847897,1.3395636804735698,43.0,35.5
sub-335,ses-wave2,67,0.0,0.1437908496732026,0.09967320261437909,0.0,0.1437908496732026,14.06778655972653,7.243714609148095,6.497730446402909,71.16059219062728,1.2791740554268018,1.2952255184787826,1.386533731948257,1.4076121318317896,44.0,39.5
sub-3350,ses-wave1,56,0.0,0.16896551724137931,0.16896551724137931,0.0,0.22011494252873565,19.074971741603616,7.550170335003842,5.038758752819039,77.80086038896593,1.3272964471851703,1.3188583531716334,1.4890709148996384,1.4905461452000637,30.5,29.5
sub-3377,ses-wave1,69,0.025,0.16036414565826332,0.16036414565826332,0.0125,0.18417366946778713,12.116218342666098,7.933476710216113,4.9409516963804805,81.0832997651645,1.4595733250034386,1.4029589209886875,1.531373151275767,1.4728634481036833,36.5,38.0
sub-3392,ses-wave1,69,0.0,0.25263157894736843,0.19013157894736843,0.0,0.29078947368421054,23.14208498831676,10.435062281607985,9.317009805542721,77.99070152684205,1.2066466637745994,1.2487595443758797,1.4647794687583455,1.5361435485728685,43.5,39.0
sub-3457,ses-wave3,84,0.0,0.23903508771929824,0.19736842105263158,0.0,0.23903508771929824,7.533452731119208,10.582759380724337,7.866044850479355,77.72114919034091,1.6500564375398148,1.6722712931693997,1.6589175172949981,1.696125756783925,30.0,31.0
sub-3531,ses-wave1,55,0.0,0.08710407239819004,0.06278280542986425,0.0,0.09671945701357465,11.989927081677308,8.731672937757853,6.539423607410582,72.2071663744214,1.51525586354924,1.545495488914634,1.5972461776822016,1.6358282871095255,35.5,43.0
sub-3531,ses-wave2,58,0.0,0.12695652173913044,0.12695652173913044,0.0,0.13608695652173913,9.410037654514145,7.78872871808894,4.27519252647131,73.96624566977275,1.4633813199742245,1.4544956376175557,1.5091990319112996,1.5017965230192314,34.0,35.5
sub-3531,ses-wave3,62,0.030303030303030304,0.15831842576028624,0.12224209898628502,0.015151515151515152,0.15951103160405486,7.549913948293208,10.589187024292695,9.219827136667368,79.43295810455933,1.4401043071384374,1.4712972720278699,1.4363303567168209,1.4745477807591532,32.5,41.0
sub-3571,ses-wave1,51,0.0,0.09526209677419355,0.07963709677419355,0.0,0.12752016129032256,14.394832341328751,6.490717845674945,6.8030102660748915,80.8300920446494,1.4722151849284693,1.4729713159599354,1.5466414680911162,1.5531615939517576,36.5,31.5
sub-360,ses-wave1,68,0.0,0.31932773109243695,0.31932773109243695,0.0,0.33718487394957986,13.415982007924683,15.386063134146223,14.297862540858397,70.8841923818213,1.7196492451670584,1.6653050588574487,1.6112321106766943,1.527251026639613,26.5,31.0
sub-360,ses-wave2,72,0.0,0.22328629032258066,0.22328629032258066,0.0,0.20766129032258066,14.086555284017287,11.66276730807612,11.16052028004091,72.20860519084226,1.6101172970498712,1.6416407209895882,1.5974178698249681,1.6334103269350089,38.0,31.5
sub-360,ses-wave3,77,0.0,0.1527777777777778,0.1388888888888889,0.0,0.1527777777777778,18.69454054219225,7.67564810210366,10.182089927184165,72.90540077884732,1.4904515791787003,1.451794659010297,1.5236884886960604,1.491257880074893,35.5,31.0
sub-3608,ses-wave1,69,0.06063829787234043,0.08974358974358974,0.07692307692307693,0.0,0.08974358974358974,28.53872708993594,9.721660199264916,6.701911159011705,69.14085322134812,0.9965374174548033,0.9776200612002176,1.2189973169151558,1.1987228876824576,53.5,39.0
sub-3608,ses-wave2,73,0.038620689655172416,0.11864014801110084,0.09690101757631822,0.0,0.14037927844588344,29.02646742242407,10.62309521239219,4.778518090505955,71.07912104803813,0.9253429210017738,0.9064954480860616,1.1398065005803388,1.1217754697490385,54.0,46.5
sub-3608,ses-wave3,77,0.0,0.11626468769325912,0.11626468769325912,0.0,0.1264687693259122,19.59371339688682,6.909449159240005,7.3525044635148245,72.7558423808317,1.148830422850085,1.1247330355210656,1.2657541242329882,1.2388407833631592,41.5,41.0
sub-361,ses-wave1,64,0.0,0.055098684210526314,0.02631578947368421,0.0,0.055098684210526314,18.71881972111161,4.962835886902472,10.05236671960795,76.40328006477907,1.3104899805048755,1.3326990458941772,1.4747757265813533,1.504325986984961,30.5,35.0
sub-361,ses-wave3,73,0.0,0.08823529411764706,0.029411764705882353,0.0,0.058823529411764705,15.59619165822619,7.194509266534734,12.459676368555188,80.57419114496953,1.1625623316188733,1.1880478274000859,1.2256170538216984,1.2460153178095483,32.0,31.5
sub-3639,ses-wave2,70,0.034482758620689655,0.3318181818181818,0.3318181818181818,0.034482758620689655,0.3333333333333333,16.918304902782516,12.079123844195207,5.983332317616965,84.18627339588963,1.3471269492099278,1.3069343263710738,1.4942220140227305,1.4820482637971846,28.0,31.5
sub-3653,ses-wave1,63,0.0,0.15144454799627213,0.15144454799627213,0.0,0.16868592730661697,10.837207820153973,5.182770348940348,4.794449159204531,79.74003319183626,1.7259881568956854,1.6827767696430973,1.8541779767112907,1.8113817243625245,26.0,33.0
sub-3653,ses-wave2,66,0.0,0.2459086993970715,0.2459086993970715,0.0,0.2459086993970715,10.804859503187364,8.768128462714023,8.726827548223616,75.59251745074907,1.351292536274523,1.3345550289733807,1.3921158187303964,1.3810063971962547,29.5,35.0
sub-3653,ses-wave3,70,0.0,0.28888888888888886,0.27222222222222225,0.0,0.28888888888888886,10.203733464472442,6.202623242713525,8.803687598674468,80.73184619397563,1.4755381109821233,1.4595895844158702,1.4840512064767735,1.4606312052609938,27.0,33.0
sub-3658,ses-wave2,66,0.030303030303030304,0.3201863354037267,0.29844720496894406,0.0,0.3419254658385093,29.024488380556495,13.01555667471678,15.588817124498117,74.24090944361231,1.2962553910258365,1.2630908255029376,1.458608378725615,1.4310165908942496,35.5,40.5
sub-3658,ses-wave3,70,0.0,0.13951612903225807,0.12701612903225806,0.0,0.1681451612903226,17.58904426546939,10.225841656445544,16.365910222837392,77.1611417135977,1.519524902681621,1.6010359154097058,1.4681404432760208,1.5535832953904694,33.5,35.5
sub-3660,ses-wave1,63,0.0,0.255718954248366,0.255718954248366,0.0,0.24183006535947713,22.451283345573223,14.399233926367398,7.225307226842209,80.06327261854483,1.301603035087982,1.2941492784195852,1.5546457896075343,1.5921772288994154,35.0,35.0
sub-3660,ses-wave2,66,0.01282051282051282,0.22875816993464052,0.21405228758169934,0.0,0.19934640522875818,21.938788060648594,16.21165792471762,7.465817441316558,82.93479831255047,1.1435310232795861,1.1169076241640379,1.3816672226464375,1.3756484363943031,37.0,35.0
sub-3660,ses-wave3,71,0.0,0.22420634920634921,0.19642857142857142,0.0,0.18253968253968253,12.694866788500882,12.634306439285377,8.391392674848193,85.13240797028624,1.3343062478400742,1.299231251260521,1.3915126511385882,1.3609466475077245,39.5,35.5
sub-3693,ses-wave2,65,0.0,0.17291666666666666,0.13005952380952382,0.0,0.17291666666666666,14.77349296915384,11.717193025489628,7.056626637992106,65.36600898553857,1.1814198014653252,1.1969813264269504,1.295133239080994,1.3266410947049034,36.0,41.5
sub-3727,ses-wave2,66,0.02631578947368421,0.12295434969853575,0.10443583118001723,0.0,0.13458225667527993,20.902506632405768,6.458361207708931,6.16310220767326,76.07606688621021,1.1713454868161943,1.1821926309531001,1.4499703772181292,1.483502290581934,39.5,48.5
sub-3744,ses-wave2,74,0.011904761904761904,0.13511029411764708,0.11948529411764706,0.0,0.13511029411764708,21.688547140298446,11.769527666094524,8.413919189632509,79.40104562724528,1.2026956225379717,1.18819874333128,1.3455328179709363,1.3340273706842072,37.0,41.5
sub-3744,ses-wave3,77,0.0,0.25495495495495496,0.25495495495495496,0.0,0.25495495495495496,14.98395152405731,5.899938382322456,10.79568674201963,80.75609794372058,1.3279232041753526,1.242736357035109,1.300062932701318,1.2122386931335138,35.0,33.5
sub-381,ses-wave1,64,0.07172413793103448,0.06979405034324943,0.04805491990846682,0.017241379310344827,0.09153318077803203,20.06347715072505,2.2940666465205393,8.4301392368275,74.08865193394072,1.2667125979658063,1.2811642001405845,1.4490951506891028,1.4689828339984201,27.0,21.0
sub-3841,ses-wave1,62,0.0,0.18681818181818183,0.18681818181818183,0.0,0.1668181818181818,6.287671155662364,8.665290379356387,9.934870935168014,84.49696085189538,1.5697709112661018,1.6032663668840357,1.498106393504286,1.5243496857665124,42.0,47.0
sub-3846,ses-wave1,74,0.0,0.07919254658385093,0.05745341614906832,0.0,0.10093167701863354,27.632573761200252,4.876071637354432,10.417701345598179,67.16438138082123,1.2701992623201297,1.309911184560186,1.4173231957904007,1.4575156340065603,25.5,25.5
sub-3846,ses-wave2,78,0.09769230769230769,0.21120689655172414,0.21120689655172414,0.0,0.2456896551724138,30.5481633055658,6.567784185168811,6.1420005668929925,65.38649796314893,1.283145711938054,1.2349402835302525,1.6075927236944818,1.5578882611776108,25.5,30.5
sub-3863,ses-wave2,64,0.04111295681063123,0.16888297872340424,0.15325797872340424,0.0,0.14760638297872342,24.754356897027435,6.6070075638503285,8.598793209183132,69.32104639608838,1.0476517755129735,1.0492148488071316,1.2549960794633361,1.2624080972901002,35.5,39.5
sub-3863,ses-wave3,68,0.0,0.24014336917562723,0.17562724014336917,0.0,0.23010752688172043,14.637797308916422,7.65502363664565,8.738743109653875,72.41559603748952,1.2321551337816996,1.1989943144407467,1.3136084464379334,1.2858312430933942,37.0,38.0
sub-3898,ses-wave1,70,0.0,0.14258135686707116,0.14258135686707116,0.0,0.14258135686707116,15.31616084799143,11.184747766895606,11.397649776154992,71.99196941517368,1.5009802811696484,1.531979250027849,1.59698151082687,1.6233940679072987,40.0,43.0
sub-3898,ses-wave2,75,0.0454780361757106,0.05141080822572931,0.05141080822572931,0.0,0.08321377331420374,30.205973045356796,12.829524293959471,8.004198921121006,71.14746606273746,1.0378746836795587,1.025801349079496,1.3764580497653949,1.3630491506526887,44.0,46.0
sub-3911,ses-wave1,51,0.029411764705882353,0.08875338753387534,0.0643631436314363,0.00980392156862745,0.08875338753387534,20.776507851708274,10.340638628852943,9.904616045822038,61.03154557689392,1.4422116431743108,1.4712172901571083,1.604384397528524,1.6428054943625283,39.5,38.5
sub-3911,ses-wave2,55,0.06997607655502391,0.12987012987012986,0.12987012987012986,0.0,0.12987012987012986,24.31298931543536,5.547306717181458,8.090764785286018,62.124160328263855,1.2142036789325452,1.1954736154956045,1.3732837583611994,1.3585121446082453,41.0,37.5
sub-3911,ses-wave3,59,0.078125,0.15496098104793757,0.15496098104793757,0.0,0.15496098104793757,24.081640306622752,7.550764102258357,7.8052694219100385,60.50269283002628,1.3514355783620402,1.3306353493331307,1.5807506359234789,1.561897246612794,31.0,42.5
sub-3946,ses-wave1,74,0.0,0.25427350427350426,0.25427350427350426,0.0,0.2799145299145299,12.224005462802243,4.894901298116576,4.5747758935780745,76.08985629427598,1.291530406417527,1.2447580860926442,1.3995499909309386,1.3473535203380431,39.0,37.5
sub-3946,ses-wave3,81,0.0,0.3141891891891892,0.23310810810810811,0.0,0.3280780780780781,15.150089093145677,5.652147798378868,4.392173642053441,70.87972870720455,1.1837653524217706,1.1636997654588686,1.3180816620466955,1.3013524958438447,50.5,36.5
sub-3983,ses-wave1,62,0.05057471264367816,0.21843434343434343,0.21843434343434343,0.0,0.23232323232323232,22.622463258435005,4.965445726897858,18.293704986674022,77.90036910469388,1.538906658474635,1.5781644208888608,1.4812049603099178,1.5218175492406973,29.5,34.5
sub-4104,ses-wave1,56,0.0,0.18611111111111112,0.18611111111111112,0.0,0.18611111111111112,16.570946574668728,7.399758224511135,13.281534140951265,72.48903138999778,1.5273659668884263,1.5192716837997309,1.4485359449887643,1.442169897001838,33.5,33.0
sub-4104,ses-wave2,60,0.027777777777777776,0.18940548780487804,0.17721036585365854,0.0,0.21722560975609756,25.770220671736293,5.280775104027228,13.04720948305237,72.49978388747458,1.3374837847942451,1.3192031724416222,1.5004797073436904,1.4961765903676978,32.0,36.5
sub-4169,ses-wave1,74,0.0,0.1339080459770115,0.1339080459770115,0.0,0.1511494252873563,23.992212235471712,4.740520636245113,10.979464168004242,73.36505261848731,1.3732655438440173,1.3932150376387926,1.5307595215831211,1.573355210338912,26.5,29.5
sub-4169,ses-wave2,77,0.09004329004329005,0.23821339950372208,0.23821339950372208,0.0,0.2543424317617866,31.68531080051448,13.042028905566902,6.250588261055224,71.90499712386448,1.2828904364301539,1.2647136437736952,1.7280800752257592,1.7859663304506168,34.0,28.5
sub-4172,ses-wave2,59,0.0,0.27337858220211164,0.27337858220211164,0.0,0.2861990950226244,9.531919093070943,6.334701495611256,7.849340053714419,80.76997406497131,1.4912092665596826,1.4056331961136415,1.569922023110213,1.4898980787795169,38.0,36.5
sub-4196,ses-wave2,86,0.14852941176470588,0.12393822393822394,0.12393822393822394,0.0,0.12393822393822394,34.79297736730419,6.164174380501161,10.275725878776047,61.470653766359476,1.2561205798475195,1.2439979840989857,1.5157172137976926,1.5032876743495769,37.0,36.0
sub-4196,ses-wave3,90,0.06987295825771325,0.12749615975422426,0.12749615975422426,0.02631578947368421,0.11559139784946236,23.022064209321996,3.70831273816384,9.047567104697965,65.78267330826387,1.355569740103769,1.3519310160121067,1.430561322474689,1.4237607478438465,33.5,36.5
sub-4240,ses-wave2,79,0.0,0.2540792540792541,0.21561771561771562,0.0,0.3076923076923077,24.55989960129223,11.62884652857165,4.794699043077291,77.79255684519129,1.1403311951273132,1.1146959438964288,1.4260815459339118,1.4423409145198043,41.5,36.0
sub-4301,ses-wave2,72,0.042727272727272725,0.25757575757575757,0.25757575757575757,0.0,0.29696969696969694,31.16212387155675,9.642561732776322,7.507060515352456,66.85433966760766,1.3129767007956492,1.2629414720192926,1.727938814916563,1.704371378233942,23.5,37.0
sub-4315,ses-wave2,80,0.0,0.11034141514101929,0.07842652152399801,0.0,0.11034141514101929,25.454947454249247,6.627667988827396,1.9821842928673978,70.95307035192569,1.04576378086008,1.053906607731271,1.3248898925015031,1.3419213812831503,41.5,45.0
sub-4315,ses-wave3,84,0.009615384615384616,0.07164115646258504,0.051232993197278906,0.0,0.07164115646258504,19.496179163868824,4.656487668056167,6.802897680456841,74.54679663432964,0.9439352380794712,0.9485286290771237,1.028233219793111,1.0354811353678293,49.5,48.5
sub-4394,ses-wave2,55,0.03151927437641723,0.07255244755244755,0.07255244755244755,0.0,0.08682983682983683,25.277834922116433,6.973976112778394,13.672129292801163,69.83880146463792,1.1763505785850288,1.1595051093334354,1.2783349822241916,1.2678562811346925,47.0,41.5
sub-4394,ses-wave3,58,0.0,0.19736842105263158,0.18421052631578946,0.0,0.19736842105263158,19.99066362585316,7.728528483945752,17.100331813896975,71.97786090007187,1.1767434230628786,1.1442545621372617,1.144416558133996,1.1404232317307987,54.0,38.0
sub-4398,ses-wave1,71,0.00625,0.18067226890756302,0.14215686274509803,0.00625,0.1953781512605042,20.671182748792084,5.092769150125011,5.840240217802142,74.75505015890403,1.1041182879721223,1.0841314718893587,1.3536141019230445,1.3387227868085323,66.5,38.0
sub-4507,ses-wave1,76,0.0,0.26679586563307495,0.26679586563307495,0.0,0.26679586563307495,16.975629553005653,3.990369716622734,8.86600053031233,74.1749445865874,1.7623827941680559,1.6648899842771883,1.8448132096502765,1.7393769688097576,31.0,39.5
sub-4565,ses-wave1,85,0.027777777777777776,0.12698412698412698,0.12698412698412698,0.013888888888888888,0.10912698412698413,18.73971339083446,9.028756435628843,13.793518212110385,83.43274239330266,1.2522715125149761,1.2353318322298557,1.2829296416553453,1.2794473752543318,35.0,27.5
sub-458,ses-wave1,24,0.0,0.1855072463768116,0.1855072463768116,0.0,0.1855072463768116,6.643386116726234,10.846463442411173,2.769471615306802,72.91195786273053,1.413291572529318,1.3383504379766729,1.5076607778523838,1.4385288483198144,31.0,26.5
sub-4581,ses-wave1,73,0.0,0.14259086672879778,0.14259086672879778,0.0,0.14259086672879778,12.07581925039538,13.643341222120863,11.313009597352575,71.97757685183153,1.3510768414370238,1.3102024486132597,1.4368190430662635,1.4043181083680163,44.5,33.0
sub-4586,ses-wave1,82,0.1635258358662614,0.10975609756097561,0.04878048780487805,0.0,0.0975609756097561,33.33792185729386,9.124242032071749,9.26211134927358,62.46695837719155,0.9307814989892513,0.9475063200245335,1.1743003714210252,1.2083257948350081,82.0,38.5
sub-4613,ses-wave1,79,0.0,0.17105263157894735,0.17105263157894735,0.0,0.21052631578947367,19.043379377418944,4.337160567295379,4.070932159012063,73.5225904162745,1.093280011252996,1.0779267067926241,1.281702268646772,1.2780025363850003,49.5,38.0
sub-4613,ses-wave2,83,0.008928571428571428,0.15870098039215685,0.14399509803921567,0.0,0.14399509803921567,22.62237833279872,6.51238353924958,11.585376143851938,72.55803762501787,1.1121930930744899,1.1271548554183988,1.286579307013951,1.3045009164064219,55.5,41.0
sub-4615,ses-wave1,75,0.07905982905982906,0.039473684210526314,0.013157894736842105,0.0,0.0533625730994152,29.876345308910274,13.437541469807634,7.293484917660505,73.1545769261349,1.034108666475783,1.0401903312722658,1.3805070226072855,1.4015069221917684,37.5,37.0
sub-4615,ses-wave2,78,0.06135902636916836,0.07142857142857142,0.05714285714285714,0.0,0.07142857142857142,31.736646901409557,12.285867811005573,5.04974179168397,70.52764139624243,1.0295889812542767,1.0173408387553402,1.400745584780392,1.3810924205715336,31.5,35.0
sub-4641,ses-wave1,71,0.0,0.2836734693877551,0.2836734693877551,0.0,0.24081632653061225,18.880988489825015,10.895010137431363,15.440179945223504,73.20030063243881,1.3987982169176445,1.3296852761030542,1.4489980052351776,1.4358410916969158,37.0,42.0
sub-4641,ses-wave3,78,0.014285714285714285,0.20215311004784686,0.20215311004784686,0.0,0.18700159489633172,18.485582783467926,5.935996528179107,9.96316229589118,71.17946252382842,1.262845958535678,1.1986681313749386,1.4421518727639078,1.3832661653667193,36.0,35.5
sub-4658,ses-wave2,75,0.021363636363636362,0.19722222222222224,0.19722222222222224,0.0,0.19722222222222224,26.98400171394163,13.394571661831183,13.45266266104359,79.49815997008183,1.0406597685672705,0.9960870603788486,1.1758115722945597,1.1404484927597454,47.0,33.0
sub-4659,ses-wave1,77,0.0,0.29024767801857587,0.29024767801857587,0.0,0.27554179566563464,13.471895356361086,5.64969232398896,5.902115556446526,80.18025816719873,1.4756579034700246,1.4088675268060926,1.5745253800964942,1.4966306406213885,38.5,36.0
sub-466,ses-wave1,23,0.0,0.2738095238095238,0.2738095238095238,0.0,0.25865800865800864,15.592348570265393,10.940418065430613,17.781825873390446,79.46571210289082,1.8095972592044278,1.7611520817171442,1.5858141635954541,1.5304653881914043,30.5,30.5
sub-466,ses-wave2,27,0.014285714285714285,0.14848197343453512,0.1323529411764706,0.0,0.14990512333965844,15.58785417200722,7.145523969490485,14.038187495881365,77.85249919507457,1.572720507662561,1.6116262811171898,1.5463117666058444,1.5659410437345591,35.5,32.5
sub-466,ses-wave3,32,0.0,0.1507230255839822,0.08620689655172414,0.0,0.1507230255839822,14.014387441142091,11.894977794225596,14.401607948374869,72.7393052390938,1.623440093708039,1.753022677886869,1.5423496465669633,1.6625631257944418,31.0,30.0
sub-4660,ses-wave1,66,0.0,0.3117408906882591,0.3117408906882591,0.0,0.32523616734143046,17.414284338903045,7.8061265726851365,7.75880923378514,72.1425317868226,1.3717877013011015,1.3347376505175423,1.5165277139490012,1.4890514416632168,34.0,38.5
sub-4679,ses-wave1,70,0.036954087346024636,0.13934426229508196,0.06557377049180328,0.019736842105263157,0.1557377049180328,24.803603820397452,7.375152471834573,19.101528894007256,76.93899078411597,1.2267386397477424,1.2785285783416822,1.1830739805096013,1.2058947290249034,61.5,49.5
sub-4679,ses-wave2,74,0.06521739130434782,0.09184782608695652,0.09184782608695652,0.03260869565217391,0.10434782608695653,22.5386324303527,3.1424126381637767,12.35169331146514,68.46713007791172,1.196413207000476,1.2222487533013706,1.2933441365208527,1.323781090843144,45.0,43.0
sub-4679,ses-wave3,77,0.010869565217391304,0.2,0.2,0.0,0.2125,24.522245121556352,8.964027433429106,14.172993202921303,69.51821557510087,1.4475891509690424,1.4759641379155668,1.4856776903959417,1.5230760298573338,43.0,38.0
sub-470,ses-wave1,25,0.0,0.26666666666666666,0.26666666666666666,0.0,0.25,10.176340941195178,8.600718178315082,4.982095246884615,72.91740805642684,1.616417417563527,1.516354790748911,1.7203647560717337,1.61015982301658,26.5,30.0
sub-470,ses-wave3,35,0.0,0.09191176470588236,0.09191176470588236,0.0,0.09191176470588236,16.19098837329728,2.932420039492983,4.897342966777922,73.13219413569652,1.4488479468376974,1.4666236196793325,1.6258911135566911,1.6475305796652673,32.0,37.0
sub-4737,ses-wave2,59,0.015151515151515152,0.3201357466063348,0.3201357466063348,0.0,0.27601809954751133,25.41549970767594,9.572437380093959,6.967142744647421,71.70960553276723,1.2294226367246817,1.15986415570731,1.4381568830718647,1.3675809763998932,34.0,30.0
sub-474,ses-wave1,62,0.0,0.46296296296296297,0.46296296296296297,0.0,0.4444444444444444,15.461012834132996,9.277637943729058,17.642947988549324,84.65653533089456,1.8327095846232102,1.7537509531792588,1.581689775558912,1.5010234755763006,25.5,27.0
sub-4749,ses-wave1,57,0.0,0.2673509286412512,0.2512218963831867,0.0,0.2673509286412512,17.780435734653203,9.012264438456988,5.097526149703265,80.35854284667192,1.2928223610322993,1.2234083869716192,1.4820561027615984,1.4155482411038718,28.0,32.0
sub-4749,ses-wave2,61,0.0,0.17119565217391303,0.17119565217391303,0.0,0.17119565217391303,9.091561754081958,7.220323089085015,7.159663657251652,82.06777470664369,1.3372158824111557,1.2965860146657993,1.3453782121620796,1.296661867974191,26.0,27.5
sub-476,ses-wave1,87,0.11896551724137931,0.30368906455862976,0.30368906455862976,0.0339080459770115,0.30368906455862976,23.99662584442735,12.619379905174673,7.386932184309077,76.78537896526859,1.2369530221818654,1.2205474948809973,1.4484740363553215,1.4647802401445,29.5,28.0
sub-4769,ses-wave1,56,0.029411764705882353,0.19405684754521962,0.18242894056847547,0.0,0.08036175710594315,25.681774691111936,18.62511047363786,16.058111725933994,73.72583415785374,1.4147824837600804,1.4375131114795512,1.7391801562511557,1.7735960835646838,36.0,44.0
sub-4769,ses-wave2,60,0.04411764705882353,0.20454545454545453,0.20454545454545453,0.0,0.1590909090909091,28.95471902718394,19.43426617908395,16.201494914099435,72.51522317571963,1.3640682384154545,1.3564929695451817,1.761447133162348,1.7563243994686146,35.0,44.0
sub-4769,ses-wave3,63,0.16129032258064516,0.28304347826086956,0.28304347826086956,0.0,0.24217391304347827,30.839900695107673,20.942416675242768,18.261593607210962,69.76072785720359,1.2932337691146616,1.2997534547512966,1.634648756396103,1.6563678122618282,33.5,48.0
sub-4791,ses-wave1,57,0.05714285714285714,0.2316849816849817,0.18864468864468864,0.0,0.25778388278388276,16.428209879883386,6.049432249878736,8.602478672749506,73.9339456616132,1.2098812115617452,1.2360045988933772,1.3373025872569926,1.3692459151096843,34.5,47.0
sub-4794,ses-wave1,71,0.7480063795853269,0.39285714285714285,0.16316526610644258,0.700956937799043,0.6190476190476191,65.7514857025815,49.502812400388464,69.33808568987105,35.21866803445188,0.9464228794903311,1.103207684090312,0.8998070110171783,1.1249950571543086,45.0,27.5
sub-4795,ses-wave1,58,0.0,0.2149122807017544,0.2149122807017544,0.0,0.24122807017543857,17.997860354437105,9.458965966441681,8.56468280233019,77.89076406219309,1.4632350842567967,1.418214715612457,1.626655941289605,1.5758033708238788,32.5,31.0
sub-4795,ses-wave2,62,0.0,0.20500000000000002,0.20500000000000002,0.0,0.20500000000000002,18.86278952428464,8.329726155093677,6.776688599206301,77.99833048583808,1.4805656426910128,1.415888523242212,1.6739423170261816,1.598370544505522,33.0,28.5
sub-4795,ses-wave3,65,0.0,0.18330308529945552,0.1660617059891107,0.0,0.18330308529945552,23.077254116394286,12.880273215396041,7.208897114205563,79.09847353229694,1.2457864206836726,1.2370237808372604,1.4551040191735236,1.4571527495528378,36.5,33.5
sub-4799,ses-wave1,61,0.0,0.30394088669950736,0.27241379310344827,0.0,0.2896551724137931,12.992105228005647,11.859250604354694,14.427348843462404,77.9845540621961,1.6328084632152684,1.706341905765242,1.6261250105669647,1.6884650007759123,28.0,32.0
sub-4805,ses-wave1,63,0.0,0.2539745627980922,0.23926868044515104,0.0,0.2539745627980922,17.890711852057613,11.14870894961429,6.193893784529868,81.18764505264278,1.4111787906498061,1.391674648645159,1.5502356268417472,1.528825190802554,32.0,35.5
sub-483,ses-wave1,81,0.0,0.19203629032258066,0.19203629032258066,0.0,0.17590725806451613,26.63689775145224,9.886597627942136,9.913969544727527,74.85759858275179,1.1507189547366674,1.1123236737396713,1.3863209211078247,1.373064067519083,46.5,31.5
sub-483,ses-wave2,85,0.03603316326530612,0.2019675925925926,0.2019675925925926,0.01020408163265306,0.2361111111111111,27.6906935679199,10.62519215244604,10.943111369873767,73.31668369940849,1.06169919636908,1.0585921247524248,1.2548931685774525,1.2674244515739814,56.5,29.5
sub-4841,ses-wave2,70,0.0,0.05,0.05,0.0,0.03333333333333333,8.534307541785116,11.679691135743406,6.623623171309118,73.00567629247941,1.3340799244732264,1.3299349719957791,1.41766223666564,1.4109510799379295,28.0,31.5
sub-4847,ses-wave3,77,0.0,0.21042471042471042,0.21042471042471042,0.0,0.24613899613899615,11.28098072972587,7.298639568141288,9.67974821444215,82.00395173478447,1.314686252622481,1.2836591920271554,1.3008259611875572,1.2767585615024015,35.0,32.5
sub-4868,ses-wave2,67,0.06690561529271206,0.13262599469496023,0.13262599469496023,0.0,0.16268788682581786,31.668087880347755,6.129326412138857,5.1792481236899235,60.97915486175895,1.0487649196271303,1.018432024796727,1.361805644875496,1.3383196171289438,29.0,34.0
sub-4868,ses-wave3,70,0.0,0.16666666666666666,0.1111111111111111,0.0,0.2222222222222222,15.500175672705268,10.943540320683468,5.059101457851089,64.95615536840506,1.1851358982339186,1.1760364047379137,1.2907104437822672,1.282804998665101,30.0,27.0
sub-4869,ses-wave2,77,0.029850746268656716,0.1213895394223263,0.08964350767629456,0.0,0.1213895394223263,23.230755432569484,1.8336151001769325,9.98357728255905,69.55621114494123,1.0210457069977155,1.0176061481524872,1.168530479695143,1.1642558256082367,62.0,62.0
sub-4876,ses-wave2,67,0.0,0.14090909090909093,0.14090909090909093,0.0,0.17272727272727273,16.18015927309727,11.232521392942079,7.172764801392264,81.63246095717685,1.4542547897048992,1.4631513639094527,1.5724875663931106,1.5854894593135445,42.5,31.5
sub-4876,ses-wave3,70,0.0,0.0869047619047619,0.0869047619047619,0.0,0.12142857142857143,8.533848871883755,6.516869644974381,8.540623257905425,84.83949303882721,1.5458211945837996,1.5478095526267137,1.5206613805612705,1.5278285832151786,40.0,29.0
sub-49,ses-wave1,70,0.0,0.11607142857142858,0.11607142857142858,0.0,0.10044642857142858,11.635378089335159,9.034336968053147,13.730753719540768,84.26880410231847,1.6289396435675882,1.6438389606210015,1.5782859393993185,1.5821645055136329,37.0,30.0
sub-49,ses-wave2,74,0.0,0.06666666666666667,0.05,0.0,0.10185185185185185,13.386101678900978,6.521132890788247,13.899508419398657,84.31652390263196,1.449435437963527,1.4633834422774452,1.4314515760290891,1.4426663775685595,45.5,28.5
sub-492,ses-wave1,70,0.0,0.21680672268907564,0.17394957983193277,0.0,0.20210084033613446,17.383506611815314,10.063120035963475,15.991178251821779,84.0943068172408,1.3991421440005676,1.4080747709491837,1.4392535714251873,1.4344881964735126,35.0,34.5
sub-495,ses-wave1,69,0.025516795865633074,0.1869639794168096,0.15060034305317324,0.025516795865633074,0.21423670668953687,13.615275090556334,4.83707447773406,9.014953514178398,82.90573426841306,1.349750842829832,1.3518591614658262,1.3875914804618605,1.4051038251736325,39.5,54.0
sub-509,ses-wave1,61,0.01282051282051282,0.31306715063520874,0.27858439201451907,0.01282051282051282,0.33030852994555354,6.60794156218789,13.413666844447704,8.248767640226175,78.80439244670316,1.7067128477161768,1.783536610087943,1.686701813967804,1.72358596073013,37.5,33.5
sub-509,ses-wave2,65,0.0,0.2467718794835007,0.23206599713055953,0.011627906976744186,0.2467718794835007,6.2493229680181654,8.635318660721696,7.696915934954015,82.42170570998165,1.6139569636807918,1.6145643028416514,1.5815603434535335,1.5711308504485038,44.0,37.5
sub-532,ses-wave1,64,0.0,0.15417457305502846,0.1247628083491461,0.0,0.13804554079696396,18.121407890144766,10.632763735731139,7.083281210313461,82.88533051589897,1.1568072173997535,1.1397293967035744,1.278218518976232,1.2509665353186428,37.5,32.5
sub-532,ses-wave2,68,0.01818181818181818,0.2519230769230769,0.23910256410256409,0.0,0.23910256410256409,21.02753225112086,10.106132802833184,7.946047410738233,76.05264914190128,1.1907573996404377,1.1562121116422595,1.31323482948766,1.271703310782601,48.0,49.5
sub-557,ses-wave1,61,0.0,0.12593703148425786,0.12593703148425786,0.0,0.12593703148425786,9.988758208855689,6.360561184685064,8.764742240953872,82.2533619570957,1.4926195079259752,1.5188603190825534,1.5657754173201948,1.590637643358723,30.0,26.0
sub-557,ses-wave2,65,0.017241379310344827,0.1257894736842105,0.03315789473684211,0.0,0.1257894736842105,11.154226730905803,4.914832305442824,8.848511981354427,81.58132328846474,1.3876100697189697,1.4535503305735125,1.490224728485562,1.562691094159666,31.5,31.5
sub-562,ses-wave1,75,0.011111111111111112,0.20238095238095238,0.18571428571428572,0.011111111111111112,0.23095238095238096,9.928896681939165,8.817308175370872,8.020452688965188,75.65653211988167,1.2253788551877465,1.2449035104493018,1.2963975925380753,1.3240653355957992,43.5,32.5
sub-562,ses-wave2,79,0.06363636363636363,0.08279569892473118,0.04946236559139785,0.0,0.06612903225806452,18.69614206676671,9.39272284667828,10.034673201724146,76.31035216564891,1.108116330850507,1.1281162551747497,1.195177948961636,1.2174995131649282,39.0,30.5
sub-562,ses-wave3,85,0.0375,0.037037037037037035,0.037037037037037035,0.0,0.037037037037037035,19.204686151287632,7.290610568630534,8.248673130861045,71.10389947002139,1.1307394957518233,1.126773819624207,1.2386207293983715,1.2355395717271045,37.5,29.5
sub-567,ses-wave1,29,0.0,0.10606060606060606,0.10606060606060606,0.0,0.10606060606060606,14.953101657257118,8.421766396884841,9.296253811685373,69.69039297578517,1.623510277048708,1.639521703875499,1.653014124374113,1.6720327457398776,28.0,29.0
sub-567,ses-wave2,33,0.0,0.3181818181818182,0.3181818181818182,0.0,0.303030303030303,17.112569373552066,8.47769366229171,17.166507323123028,77.24670867775983,1.712587312360069,1.6843310709363264,1.5054361610624674,1.4633047919991324,32.0,33.0
sub-584,ses-wave1,37,0.0,0.22683189655172414,0.21120689655172414,0.0,0.2925646551724138,8.437964064807447,7.1067197233027475,6.666835924526316,83.25513620405341,1.3850143330666917,1.356997285972061,1.3856142694255598,1.3492645775922667,40.0,30.5
sub-591,ses-wave1,51,0.0,0.32754010695187163,0.32754010695187163,0.0,0.3114973262032086,12.63462174066327,14.461097617596405,17.288411175624795,78.3458033818186,2.1090687880510046,2.155906695050283,1.9929884291097313,2.0318153963344185,29.0,33.5
sub-591,ses-wave3,60,0.0,0.039473684210526314,0.039473684210526314,0.0,0.039473684210526314,10.687314983457915,6.846261890639753,7.767446062352308,76.28457136662706,1.5084368940722437,1.522190923067452,1.5629144668522095,1.576130592680732,32.0,33.0
sub-595,ses-wave1,60,0.0,0.2425821972734563,0.2425821972734563,0.0,0.21932638331996793,9.445752531740897,13.995860531121428,7.248048504270401,68.66044778711168,1.4653816298828686,1.4453558056368105,1.4907280518397088,1.4878238390720355,23.5,36.0
sub-595,ses-wave2,64,0.0,0.24077733860342557,0.24077733860342557,0.0,0.22990777338603424,18.158936475312128,6.498093668346054,6.055617666669286,71.60871627714562,1.363375422128433,1.3598574809258044,1.4994324343505383,1.5081982762614192,27.5,39.5
sub-595,ses-wave3,70,0.03571428571428571,0.10941644562334218,0.10941644562334218,0.0,0.14389920424403185,19.39446039202861,4.828834681535676,6.265227481284864,70.16116927716664,1.362262395783274,1.3701234704230818,1.5110050313469094,1.5236078242319147,28.5,27.5
sub-599,ses-wave1,80,0.0,0.08094098883572567,0.05263157894736842,0.0,0.10725677830940988,15.573063021124685,4.939636342630674,11.070781882698046,75.99420791180324,1.1041253267505495,1.1082827202143553,1.1944967378878084,1.1977348932402465,43.0,35.5
sub-606,ses-wave1,71,0.08830950378469302,0.09,0.03,0.0,0.09,25.32201461632534,4.9466965592773064,7.25060695646318,62.407222088775214,0.7314422938626454,0.7297305697428376,0.8414395387253255,0.842225980170521,49.5,45.0
sub-606,ses-wave2,75,0.16666666666666666,0.21827759963353183,0.19285387081997252,0.0,0.21827759963353183,31.828822831453643,6.2310510170587055,7.200926511986277,60.492195936154765,0.9754885832536145,0.9606891487512148,1.2518913365662176,1.2702434481729519,45.0,48.0
sub-609,ses-wave1,66,0.0,0.11781609195402298,0.11781609195402298,0.0,0.11781609195402298,22.820278127876392,10.323286889176597,12.098576148738815,79.63002781008652,1.4495383165095133,1.4365818477491152,1.606672991094941,1.5895239112674138,29.5,29.5
sub-611,ses-wave1,54,0.0,0.1360294117647059,0.07352941176470588,0.0,0.0857843137254902,5.255652010046067,8.91585198071422,3.9583419724686237,79.6136806589164,1.383417037162087,1.4003008845168083,1.4716705708270492,1.4964919963105012,27.5,29.0
sub-611,ses-wave2,58,0.0,0.24935649935649937,0.1953024453024453,0.0,0.27477477477477474,7.893253423582383,5.556031825703858,3.2972612781374293,77.41191094162208,1.293088533883692,1.2540871728593135,1.4097949846545197,1.3793561621469004,30.5,39.5
sub-611,ses-wave3,63,0.0,0.11627906976744186,0.11627906976744186,0.0,0.11627906976744186,7.27328150997296,8.424830977991016,5.049645615321683,76.49998332764913,1.220473284419791,1.192743131669554,1.3194488917277933,1.29877288008948,27.5,39.0
sub-612,ses-wave1,21,0.0,0.10578947368421052,0.10578947368421052,0.0,0.11263157894736842,7.337873222669144,7.906227149175904,7.709039767094183,84.57636871087121,1.6509589372120366,1.629022814557643,1.5986213847083015,1.5727928154092323,31.0,31.5
sub-612,ses-wave2,25,0.0,0.11942959001782531,0.08957219251336898,0.0,0.1488413547237077,4.990930582305384,9.917522114112588,8.432548358166754,80.98317379201123,1.6544818579343121,1.6645545957313266,1.6542475645633798,1.663655286734664,33.5,33.5
sub-615,ses-wave1,21,0.0,0.06066176470588235,0.030330882352941176,0.0,0.06066176470588235,18.966741116077547,5.020307388841845,5.406008934009112,71.76681378082952,1.437620356241089,1.4582643426330963,1.628314812507762,1.6545764969361816,36.0,33.0
sub-616,ses-wave1,21,0.017857142857142856,0.2675606641123882,0.2675606641123882,0.017857142857142856,0.2675606641123882,8.815889556842606,6.009439532266268,6.20250211124522,78.90832568935849,1.622711193703995,1.6179572312257227,1.7469180916219647,1.7380885169754192,27.0,28.0
sub-639,ses-wave1,59,0.0,0.33882783882783885,0.33882783882783885,0.0,0.3195970695970696,15.459016401445355,5.115810309608508,5.731527309383408,72.93774917555363,1.7452056869586223,1.6542931085890935,1.8789213090742027,1.7933244258809211,21.0,23.5
sub-639,ses-wave2,63,0.0,0.22302737520128824,0.22302737520128824,0.0,0.22302737520128824,11.190693422741518,5.372044319092439,2.911351413689843,74.64434130579232,1.6585776130174659,1.655244825478074,1.7819448171326253,1.7842423961453653,25.5,25.0
sub-665,ses-wave1,25,0.0,0.25705329153605017,0.25705329153605017,0.0,0.25705329153605017,15.373054967439217,8.953345711607739,8.22686271743077,68.31733261490365,1.5217195206008178,1.521608403822977,1.6300969009107995,1.6410690981808074,30.5,25.5
sub-671,ses-wave1,66,0.0,0.1724137931034483,0.1724137931034483,0.0,0.15517241379310345,12.373591898133121,14.56738374386292,14.323527632312405,84.6413473551933,1.444635796331561,1.4761866743156085,1.4499005973014065,1.4870653786554642,28.5,30.5
sub-674,ses-wave2,69,0.0,0.2972560975609756,0.1566310975609756,0.0,0.2938262195121951,14.88732936340115,4.581867028811977,3.0603646466905206,78.37512324598805,1.0857801196965813,1.1177993642633042,1.1809022907424116,1.2209545912980566,35.5,36.5
sub-674,ses-wave3,73,0.0,0.2969512195121951,0.24786585365853658,0.0,0.3094512195121951,13.526979636983816,1.8932950816253116,1.2309323780351848,76.60779846964246,1.2061784324831017,1.1943356143789106,1.30723660787271,1.3032584587959044,35.5,40.5
sub-676,ses-wave1,81,0.020442219440967878,0.2309682187730968,0.21581670362158167,0.0,0.21877309682187732,27.84839065639347,9.710010158622374,12.314402064132883,71.6460290784462,1.191495866464248,1.1838102935352155,1.4161488090449317,1.4210652565547581,49.0,37.0
sub-680,ses-wave3,74,0.01282051282051282,0.07352941176470588,0.07352941176470588,0.01282051282051282,0.07352941176470588,17.85695182264784,5.8252165671211,12.607758265704629,80.02270937602151,1.4527253918111365,1.4628405885947617,1.4796917286826603,1.491606962669243,33.0,35.0
sub-684,ses-wave1,73,0.009615384615384616,0.20528455284552843,0.19308943089430894,0.0,0.2552845528455284,24.36652728368064,8.144174413878483,8.882431076549803,75.62606303918474,0.9103215172454948,0.8789130746320284,1.0981854076656523,1.0819422953948772,51.0,35.5
sub-688,ses-wave1,67,0.0,0.1930232558139535,0.1930232558139535,0.0,0.1930232558139535,14.48413833895905,6.01735472241082,4.22134281651221,75.6210836804143,1.1900564535112925,1.1550860335050501,1.2897885349145564,1.2604723335862988,36.5,39.0
sub-688,ses-wave3,77,0.0,0.25923852183650614,0.25923852183650614,0.0,0.27239641657334823,19.011089030563525,4.215148688901342,10.187284528753292,74.2997537435231,1.2570692320383055,1.2049307445424597,1.3100193521330787,1.2755999853287876,36.5,42.5
sub-719,ses-wave1,63,0.02564102564102564,0.16544117647058823,0.1446078431372549,0.01282051282051282,0.16544117647058823,21.234542971674557,10.529057816982743,12.088848596272275,78.98761130050639,1.444788559549521,1.4157598251819792,1.5377023435836779,1.534826780181004,34.5,29.0
sub-754,ses-wave2,65,0.024390243902439025,0.17424242424242425,0.17424242424242425,0.0,0.17424242424242425,24.956040667574072,7.080238363127703,11.263586068901347,73.94024671252348,1.2311277441246393,1.2362526859581693,1.3828185098252004,1.3942816813174623,36.5,34.5
sub-760,ses-wave1,81,0.06694915254237288,0.10765550239234449,0.10765550239234449,0.044444444444444446,0.10765550239234449,23.867553589121684,3.967092377572483,22.643989901527547,77.95215969031995,1.089015478700925,1.0805417481259183,1.0633342447727547,1.0765579868906254,74.5,30.0
sub-772,ses-wave1,71,0.0,0.33259176863181317,0.3164627363737486,0.0,0.2992213570634038,11.88660648896484,11.838238457587645,11.50550714294696,81.54491622567934,1.7586857507376452,1.674166118344607,1.7697308055068228,1.6774639782468104,40.0,30.0
sub-772,ses-wave2,75,0.0,0.27307692307692305,0.27307692307692305,0.0,0.2692307692307692,17.640333613118873,9.367372931772213,7.5593118061739535,76.78043154868293,1.4301549046864581,1.401571930268744,1.5581493414656031,1.5385191127969104,38.0,34.5
sub-80,ses-wave1,41,0.0,0.05952380952380952,0.023809523809523808,0.0125,0.03571428571428571,14.312260923569802,8.01683123520592,15.043007481787456,82.55567742273084,1.315119618926711,1.3440172068111815,1.257158284489008,1.271135951742644,38.5,47.5
sub-80,ses-wave2,45,0.0,0.23364854215918046,0.23364854215918046,0.0,0.23226950354609927,18.186449377647897,8.228772884859163,19.4915549214018,81.840847745511,1.635368170242372,1.625175422429629,1.426983823160402,1.3720527144218901,36.0,50.5
sub-801,ses-wave1,51,0.0,0.3119590873328088,0.29976396538158934,0.0,0.3241542092840283,6.773447174546421,9.458324921552943,9.335654793612894,89.34937225121567,1.8528386990537897,1.848674303333158,1.8264822192975723,1.8081865283750855,31.5,36.0
sub-801,ses-wave3,60,0.0,0.21120689655172414,0.21120689655172414,0.0,0.22370689655172415,9.744270965880524,7.081990356011975,10.281162593658541,85.89788898790522,1.869763932396211,1.8582314423562283,1.8948790104809392,1.8883815009289655,35.5,34.5
sub-81,ses-wave2,45,0.016666666666666666,0.04876847290640394,0.017241379310344827,0.016666666666666666,0.04876847290640394,16.596646532590576,5.260817803641142,11.259452127941657,75.27182397938938,1.4536766760844686,1.4905409456337457,1.547793830120162,1.5950442683463688,29.5,32.0
sub-812,ses-wave1,57,0.010638297872340425,0.15056022408963585,0.15056022408963585,0.0,0.15056022408963585,16.130033779621964,3.227227049911669,8.722959451257083,74.62877549609023,1.0845410295183675,1.0627295486058785,1.201753108623004,1.1859649628646196,50.5,38.0
sub-812,ses-wave2,61,0.0,0.08263305322128851,0.08263305322128851,0.0,0.09453781512605042,17.920249972277762,4.283653613083339,13.439487348048297,75.79148879532812,1.2292545135922701,1.228198614888656,1.3177670552611667,1.3260726247245596,58.5,38.0
sub-812,ses-wave3,66,0.019230769230769232,0.07936507936507936,0.07936507936507936,0.01282051282051282,0.09325396825396826,14.664715995256536,5.390884695264697,10.91722435009968,79.89676218841109,1.189060673241182,1.2087825090488753,1.231254418051575,1.2520002765253704,64.5,39.0
sub-815,ses-wave1,40,0.014285714285714285,0.09118357487922706,0.09118357487922706,0.014285714285714285,0.09118357487922706,18.0370120112541,4.606134772108551,9.662056705133594,71.94155140207401,1.4297963565937541,1.411596222276263,1.444857741994071,1.428291867122062,32.5,29.5
sub-815,ses-wave2,44,0.0,0.09375,0.09375,0.0,0.109375,17.068319482624325,1.9635411913507084,9.7327385381889,77.72885471300201,1.2939100076368324,1.288543585220522,1.3553801666537182,1.3548688151566441,35.5,32.0
sub-815,ses-wave3,49,0.0,0.13519924098671726,0.13519924098671726,0.0,0.13519924098671726,15.387593241887366,3.5295810128127116,7.804265031064908,73.16571332184,1.5280106078345113,1.4884277785672448,1.600528679010801,1.55733491062828,34.5,32.5
sub-817,ses-wave1,45,0.05357142857142857,0.12692307692307692,0.12692307692307692,0.0,0.14358974358974358,20.746789096143527,3.1864725223104777,2.581412903096492,66.33887429709586,1.3161597022039935,1.3187880625095005,1.5467669078361315,1.557082063631396,26.5,28.0
sub-817,ses-wave2,49,0.07785714285714285,0.125,0.09375,0.0,0.13020833333333331,23.874649629049642,3.705690272090922,3.661952110404406,64.44716466462394,1.367381837397812,1.3692116607066138,1.632416124855934,1.6439208041808484,26.5,28.0
sub-817,ses-wave3,55,0.11013986013986014,0.14516129032258066,0.04838709677419355,0.0,0.12903225806451613,27.524004808207515,5.6644146921695775,4.938800753792477,65.2392492190034,1.2010406802779952,1.2604849191575986,1.5222787660012698,1.6136911325076324,24.0,28.5
sub-818,ses-wave1,49,0.0,0.16294117647058823,0.14294117647058824,0.0,0.16294117647058823,12.51476313906469,6.93673722145542,11.665269183701962,80.32612459460665,1.6118530950363343,1.6359774910583524,1.6590414163716984,1.688622734197705,30.0,29.5
sub-819,ses-wave1,83,0.0,0.22167359667359668,0.18892931392931395,0.0,0.24480249480249483,14.450762868357165,8.629473951039326,8.987247818392996,80.49215214405133,1.1772530940648416,1.1823407470688982,1.283991576382658,1.2849879113641451,43.0,44.5
sub-823,ses-wave1,78,0.0,0.07619047619047618,0.047619047619047616,0.0,0.07619047619047618,8.878768135746578,9.978563434820453,7.44565911014285,77.38466786597846,1.3750928570463192,1.356928886525031,1.41801091892345,1.3981220818217706,29.5,36.0
sub-823,ses-wave3,87,0.0,0.2303030303030303,0.21893939393939393,0.0,0.20227272727272727,8.820562501566632,7.644890722392284,8.035708607024254,81.87380367880141,1.2548145259700965,1.2235932694384384,1.2753322651495655,1.2336725175538623,34.0,37.0
sub-829,ses-wave2,54,0.0,0.19444444444444445,0.16666666666666666,0.0,0.2222222222222222,12.394397217468265,8.8932171298545,1.2336280569379705,81.60793033416945,1.4665018763604474,1.4848411101759575,1.584555439273243,1.616203024209699,38.5,42.0
sub-829,ses-wave3,59,0.01,0.20528455284552843,0.18861788617886177,0.0,0.20528455284552843,20.112952036515217,12.650112885731874,3.302690436443241,82.39524003990692,1.1921787538241162,1.1650325871467007,1.3903566828685037,1.3767911188896935,48.0,35.5
sub-831,ses-wave1,60,0.0,0.12222222222222222,0.07222222222222222,0.0,0.12222222222222222,15.865941241175136,5.21960327774251,13.669974730644189,83.88987519774467,1.518934646017829,1.5579801818750605,1.4339668858218377,1.4845697786476084,28.0,33.0
sub-831,ses-wave2,64,0.0,0.17844827586206896,0.10948275862068965,0.0,0.17844827586206896,14.203045633686445,2.8410363027118573,13.79089404964573,86.74207112874106,1.6197379244664218,1.6983805068742153,1.5035392761077928,1.5623907030672872,33.5,34.5
sub-831,ses-wave3,69,0.0,0.23214285714285715,0.21428571428571427,0.0,0.23214285714285715,14.244329563916274,7.515197377593664,7.626671046124608,85.29138794396336,1.5211971104210982,1.550229342113459,1.5995548066199836,1.6455851124278666,29.0,35.0
sub-836,ses-wave1,54,0.0,0.0992063492063492,0.08531746031746032,0.0,0.0992063492063492,7.848995742816941,12.605441082743246,6.876688188600421,78.86573943995302,1.4679591805887442,1.4611109963332305,1.5471418597163682,1.5448127531721174,24.0,32.0
sub-841,ses-wave1,50,0.0,0.13169642857142858,0.11383928571428571,0.0,0.13169642857142858,14.608819935910237,3.413455818007217,4.32628963772331,78.2023021310228,1.486992380100888,1.4750087774336498,1.624240550393133,1.6137505964492536,30.5,30.0
sub-841,ses-wave2,54,0.0,0.20999115826702033,0.20999115826702033,0.0,0.17992926613616267,13.991080771032305,4.580484007575091,7.331739645816999,76.97238152376227,1.4423220077712484,1.4092433706627832,1.5154902741156935,1.4868095994609958,31.0,34.0
sub-841,ses-wave3,59,0.0,0.21525096525096526,0.21525096525096526,0.0,0.21525096525096526,12.222527417936679,3.483438130250372,3.1388380088050045,76.18815784706163,1.502896862867896,1.470464922470927,1.601749316339594,1.5683090688489285,29.5,32.5
sub-843,ses-wave1,74,0.02574441687344913,0.1533816425120773,0.08977455716586151,0.02574441687344913,0.14251207729468598,22.321486485573388,8.78968234995378,6.488632036047273,74.74227086986858,0.849804459959664,0.8489735295349206,0.9735621250117925,0.9911705327852152,57.0,50.0
sub-849,ses-wave1,33,0.018518518518518517,0.17672413793103448,0.15948275862068967,0.018518518518518517,0.1939655172413793,14.454493638276105,2.0447769584097646,7.6869988487084635,76.87965562146603,1.3393823435203558,1.3363404136796797,1.4432512987541957,1.4610013695836468,26.5,28.5
sub-849,ses-wave3,43,0.0,0.09859913793103448,0.09859913793103448,0.0,0.09859913793103448,10.701512462842498,4.787981686049889,7.870771205618662,78.27596395388038,1.436107003156415,1.4058904347207402,1.4948144721532386,1.4663354139469482,26.5,30.5
sub-872,ses-wave1,60,0.0,0.169375,0.169375,0.0,0.169375,11.753073030828705,5.7298168044120095,6.173752051119562,76.82539555845959,1.443838556839347,1.424601879860051,1.5138790538164573,1.5008430701494961,23.0,28.5
sub-872,ses-wave2,64,0.018518518518518517,0.16064516129032258,0.16064516129032258,0.0,0.16064516129032258,17.92158489896834,9.120920607092845,4.494658980016771,80.034065036057,1.2892097698475657,1.2729168511707445,1.4623864477324644,1.446318654264758,25.5,28.0
sub-872,ses-wave3,69,0.0,0.11357142857142857,0.11357142857142857,0.0,0.11357142857142857,9.797476720044305,4.202945357694795,4.676921792210181,79.55844252499296,1.3948390184089412,1.4181473325989091,1.4530255084689707,1.4819073604340964,26.5,26.5
sub-881,ses-wave1,71,0.02702702702702703,0.22932330827067668,0.19360902255639095,0.04054054054054054,0.2424812030075188,6.0641075744727555,13.107518634413069,12.32297276544239,80.63685546384046,1.5471024899748245,1.5384762389357864,1.5134739408131337,1.5043291362473576,35.0,33.0
sub-883,ses-wave1,46,0.0,0.14912280701754385,0.12134502923976608,0.0,0.14912280701754385,5.932817575691164,7.498214384397178,4.4017464926521574,78.95266876994289,1.6168225397476592,1.6187573325326614,1.6954356119891494,1.7025723296825426,32.5,37.0
sub-883,ses-wave2,50,0.0,0.13808025177025962,0.13808025177025962,0.0,0.17033831628638868,11.524621722011148,2.937086434097048,3.709685783858129,77.21595208158541,1.4932454553381602,1.4628241672239675,1.6267665235832154,1.6003903406397302,36.5,36.0
sub-884,ses-wave1,25,0.0,0.27718040621266427,0.24014336917562723,0.0,0.27718040621266427,6.911551297796386,6.863023860600454,8.435907681291653,81.79085842948996,1.7046967728875366,1.6564128340162756,1.685834840358121,1.62723239789284,28.0,29.0
sub-884,ses-wave2,29,0.0,0.24507389162561577,0.24507389162561577,0.0,0.24507389162561577,10.191504437283742,5.761860833877142,5.274538849078042,81.11010409618757,1.505027677652954,1.5613579768884722,1.519002171484525,1.5773079396469123,27.5,28.5
sub-884,ses-wave3,34,0.0,0.23897058823529413,0.23897058823529413,0.0,0.23897058823529413,13.568584385624492,6.3993964842165525,6.155042490310635,78.66450793185109,1.5531982056113849,1.5650583259056985,1.6674432416108416,1.6910079353987797,30.0,33.0
sub-886,ses-wave1,50,0.0,0.26176470588235295,0.26176470588235295,0.0,0.2564705882352941,21.72592829322275,7.738629481861863,8.909568698477347,70.36061601390342,1.455741138029622,1.4248748500340698,1.6304826256432763,1.6123849745268912,22.5,29.5
sub-889,ses-wave1,41,0.0,0.19278033794162827,0.19278033794162827,0.0,0.20046082949308755,4.000850642424664,12.390889299895084,8.97929225821,77.65195581700445,1.510515389844659,1.5161096045216995,1.6003209269225953,1.6206193624214609,40.0,36.5
sub-890,ses-wave1,71,0.034482758620689655,0.25142247510668564,0.2108819345661451,0.0,0.1984352773826458,12.383013678759562,7.3909093300122795,6.963825071215146,78.61150212131031,1.2629245528637216,1.2426585054167565,1.3704762073367864,1.3520047824101917,28.0,37.5
sub-890,ses-wave2,75,0.0,0.3157894736842105,0.25,0.0,0.2368421052631579,17.09865651542315,9.09456034241491,9.260033228266689,74.60229848451965,1.1930812285593544,1.184766370259819,1.329541835359836,1.3217741662583944,29.5,38.0
sub-891,ses-wave1,26,0.0,0.3022875816993464,0.2883986928104575,0.0,0.2875816993464052,13.706966717683038,7.1466745960133355,7.278518364609662,74.58571494459733,1.566236915495953,1.5552580586870985,1.663832927947141,1.637761904182108,31.0,35.0
sub-891,ses-wave2,30,0.0,0.04444444444444444,0.04444444444444444,0.015625,0.04444444444444444,15.810109488325747,3.290449056173548,4.46073110777801,76.88645029089432,1.5240847442724745,1.5432908105118133,1.726717114856505,1.7538795298865124,31.0,33.0
sub-891,ses-wave3,36,0.0,0.19444444444444445,0.19444444444444445,0.0,0.20694444444444446,11.038093367741475,5.049444356795571,3.788372440576203,76.9484830876076,1.5562169932927357,1.4953056158074274,1.6687446722002717,1.6097597351749644,33.0,38.0
sub-898,ses-wave1,50,0.0,0.3791208791208791,0.34065934065934067,0.0,0.3983516483516484,10.378657602478809,7.714344999418402,12.121471097094345,85.58860576186075,1.741363364919264,1.8592187990968307,1.6005333047269308,1.7041530556452458,21.5,27.0
sub-898,ses-wave2,54,0.0,0.40185185185185185,0.40185185185185185,0.0,0.437037037037037,13.166132358094412,7.949704574840542,14.106386241832826,82.60176134330474,1.6297484990376845,1.654456218852147,1.5536314604900554,1.5589766283763997,23.0,28.5
sub-898,ses-wave3,59,0.0,0.324223602484472,0.324223602484472,0.0,0.3099378881987578,8.638151495148586,13.358058502510293,14.626775239086538,82.72701231443293,1.7461295995144053,1.7345037187952588,1.736676338932337,1.7152646519017982,26.5,29.0
sub-927,ses-wave1,38,0.0,0.22619047619047616,0.22619047619047616,0.0,0.24702380952380953,15.588847650039478,5.789948399451291,10.361407162303447,80.39749090713401,1.472310863120992,1.457931760464484,1.4443423635720014,1.4445518484767845,21.5,26.0
sub-927,ses-wave2,43,0.0,0.2595238095238095,0.2595238095238095,0.0,0.2357142857142857,16.88407452159327,5.984085004366918,6.181848908022406,78.94702127243136,1.451155745251642,1.439401345390205,1.5673455154695048,1.5654224580663465,26.5,25.5
sub-927,ses-wave3,48,0.0,0.228287841191067,0.21215880893300249,0.0,0.228287841191067,17.235970206930556,7.713606516591673,6.2280546374900405,78.77474671493553,1.38094690630228,1.3654760929258072,1.5109027310389547,1.5057563519460877,25.5,28.5
sub-929,ses-wave1,29,0.0,0.18434343434343436,0.18434343434343436,0.0,0.18434343434343436,20.009835951765037,9.925255690260872,6.015844399379722,78.84018293536258,1.3270815621735306,1.293613337623055,1.5672223325601025,1.5461795828378047,23.0,20.0
sub-929,ses-wave2,33,0.0,0.24181818181818182,0.22181818181818183,0.0,0.26454545454545453,15.985579963755681,7.495049703177749,7.246712558643853,78.22996207747642,1.466917610273687,1.4451958209897862,1.595948886402426,1.583054802213848,25.0,23.5
sub-934,ses-wave1,55,0.0,0.34879032258064513,0.34879032258064513,0.0,0.3326612903225806,18.94371201789943,12.832276042891687,19.197204644796837,83.06387199877128,1.5971313747846736,1.6208107439715356,1.403530810822832,1.437050964641998,28.5,27.5
sub-934,ses-wave2,59,0.0,0.2681818181818182,0.23636363636363636,0.0,0.25303030303030305,18.925779883503942,17.735260616755827,23.191457035742,83.18174754175894,1.5850466927025928,1.557692833669,1.3516475383430524,1.3307969389208785,29.0,31.5
sub-935,ses-wave1,86,0.1231527093596059,0.20279146141215107,0.20279146141215107,0.0,0.17898193760262726,36.0217705600123,11.683171339995425,6.66381914521388,65.56666368965999,1.0498688012735182,0.9846199112864249,1.2562432676856146,1.191897980726882,25.0,25.0
sub-943,ses-wave1,46,0.0,0.0,0.0,0.0,0.043697478991596636,6.915506830234439,7.87574119302708,8.165682252531475,83.23790279673912,1.6112520760532085,1.643111346982182,1.6355884705175388,1.6682402477981644,33.0,34.5
sub-953,ses-wave2,88,0.0,0.18181818181818182,0.18181818181818182,0.0,0.18181818181818182,27.26724632499908,11.796759252605673,10.764437094156072,70.44605303983894,1.287306288529624,1.3002512333194027,1.5449273068971143,1.5744670529330547,43.5,30.5
sub-961,ses-wave1,21,0.05846153846153847,0.25853658536585367,0.25853658536585367,0.05846153846153847,0.2985365853658537,18.937393639009564,7.647198475999017,14.291379683568781,76.79935263157898,1.8344256897776638,1.8123833379271732,1.9169675983421075,1.898955685340898,25.5,33.0
sub-961,ses-wave2,25,0.0,0.23257080610021785,0.23257080610021785,0.0,0.28431372549019607,20.569534175893054,12.332646537307335,9.11993949992092,80.21186847298159,1.3196968228152097,1.3163532220768568,1.4905434092639431,1.4921606488033807,31.0,30.5
sub-965,ses-wave1,53,0.03125,0.08620689655172414,0.08620689655172414,0.015625,0.08620689655172414,17.496658907263882,5.520563167429659,17.550378161319557,83.84392829518875,1.7888401516770553,1.7672455255558468,1.6394602010348573,1.605255952774109,31.5,26.5
sub-974,ses-wave1,48,0.011363636363636364,0.14235938277750124,0.0975609756097561,0.011363636363636364,0.14235938277750124,15.80342421916895,6.892790297996334,6.102508010621192,78.81729660257432,1.0475630686344384,1.0658826402114663,1.1417337792226179,1.1642385426068822,48.5,45.0
sub-974,ses-wave2,52,0.0,0.22083333333333335,0.18541666666666665,0.0,0.19583333333333333,17.447518051425547,8.173201842035843,8.385931985567385,77.29563930608856,1.421857637303709,1.4304341960741638,1.566207900712802,1.5789902575824706,42.5,44.0
sub-974,ses-wave3,57,0.0,0.21153846153846154,0.21153846153846154,0.0,0.2534965034965035,13.344073349635497,4.7334239057048215,7.443152678789124,79.09835177053463,1.399974223848076,1.4238432497633824,1.4377708435799073,1.4712012877937672,46.0,48.0
sub-975,ses-wave1,29,0.0,0.017241379310344827,0.017241379310344827,0.0,0.017241379310344827,11.15263500025938,5.990623801712603,9.755649051365198,84.21407044883242,1.7240339157994957,1.738671548334556,1.677992789620176,1.6921544144934066,24.0,26.5
sub-980,ses-wave1,54,0.0,0.10227272727272728,0.10227272727272728,0.0,0.1345307917888563,12.964207543068593,7.66127100109375,11.221187486061357,76.39584986161,1.1615979154137661,1.1525383647051477,1.1687784341004679,1.1589092753048833,48.0,37.5
sub-988,ses-wave1,23,0.0,0.13636363636363635,0.13636363636363635,0.0,0.13636363636363635,11.07457217124951,5.152721099193549,4.630370636481645,81.31440058286083,1.805052822001644,1.791739976422014,1.9116517815157916,1.898387961770674,26.0,20.5
sub-989,ses-wave1,26,0.036585365853658534,0.27254641909814326,0.253315649867374,0.024390243902439025,0.27453580901856767,20.092567393506464,9.887735639010344,7.656293217513714,76.15606629160283,1.1025659370325023,1.0441225565734247,1.2551191991901818,1.1957127893112593,37.5,27.5
sub-989,ses-wave2,30,0.0,0.24137931034482757,0.24137931034482757,0.0,0.22413793103448276,14.779483834985726,8.489171574539762,8.47812834876238,76.46788897193878,1.3750381988983609,1.3346279109887287,1.4708045988218892,1.4294005026347483,34.0,29.0
sub-989,ses-wave3,36,0.030776515151515152,0.3222222222222222,0.3222222222222222,0.015625,0.325,13.38725020366895,7.347895887192565,7.419392039608265,77.87703572233261,1.4843639920122516,1.3960381799285022,1.5829752146067277,1.5092976349124614,32.5,33.0
sub-998,ses-wave1,25,0.0,0.15555555555555556,0.12222222222222223,0.0,0.15555555555555556,11.241027457848467,6.1625988154249365,3.190020149920915,73.26188230867874,1.329347131150692,1.2885804556644513,1.465241229509556,1.424291539117287,36.0,37.5
sub-998,ses-wave2,29,0.0,0.18077474892395984,0.18077474892395984,0.0,0.19296987087517936,11.307122406488022,4.209556504087331,5.615211556592722,77.92369220405823,1.3778285017017051,1.3098042478974161,1.4722910498543416,1.406600760464981,29.5,37.5
